{"Meta Data": {"1. Information": "Daily Time Series with Splits and Dividend Events", "2. Symbol": "ROL", "3. Last Refreshed": "2025-04-22", "4. Output Size": "Compact", "5. Time Zone": "US/Eastern"}, "Time Series (Daily)": {"2025-04-22": {"1. open": "55.05", "2. high": "55.91", "3. low": "54.98", "4. close": "55.66", "5. adjusted close": "55.66", "6. volume": "1813622", "7. dividend amount": "0.0000", "8. split coefficient": "1.0"}, "2025-04-21": {"1. open": "55.63", "2. high": "55.82", "3. low": "54.13", "4. close": "54.73", "5. adjusted close": "54.73", "6. volume": "1212956", "7. dividend amount": "0.0000", "8. split coefficient": "1.0"}, "2025-04-17": {"1. open": "55.53", "2. high": "56.08", "3. low": "55.115", "4. close": "55.78", "5. adjusted close": "55.78", "6. volume": "2046191", "7. dividend amount": "0.0000", "8. split coefficient": "1.0"}, "2025-04-16": {"1. open": "55.39", "2. high": "55.73", "3. low": "54.73", "4. close": "55.01", "5. adjusted close": "55.01", "6. volume": "1693892", "7. dividend amount": "0.0000", "8. split coefficient": "1.0"}, "2025-04-15": {"1. open": "55.78", "2. high": "56.0", "3. low": "55.09", "4. close": "55.36", "5. adjusted close": "55.36", "6. volume": "1206395", "7. dividend amount": "0.0000", "8. split coefficient": "1.0"}, "2025-04-14": {"1. open": "55.3", "2. high": "55.96", "3. low": "55.065", "4. close": "55.69", "5. adjusted close": "55.69", "6. volume": "1641193", "7. dividend amount": "0.0000", "8. split coefficient": "1.0"}, "2025-04-11": {"1. open": "53.85", "2. high": "55.9", "3. low": "53.51", "4. close": "55.22", "5. adjusted close": "55.22", "6. volume": "3977797", "7. dividend amount": "0.0000", "8. split coefficient": "1.0"}, "2025-04-10": {"1. open": "52.81", "2. high": "54.525", "3. low": "52.4", "4. close": "54.11", "5. adjusted close": "54.11", "6. volume": "2759082", "7. dividend amount": "0.0000", "8. split coefficient": "1.0"}, "2025-04-09": {"1. open": "50.5", "2. high": "53.57", "3. low": "50.145", "4. close": "53.11", "5. adjusted close": "53.11", "6. volume": "2903533", "7. dividend amount": "0.0000", "8. split coefficient": "1.0"}, "2025-04-08": {"1. open": "51.91", "2. high": "52.1", "3. low": "50.19", "4. close": "50.65", "5. adjusted close": "50.65", "6. volume": "2865425", "7. dividend amount": "0.0000", "8. split coefficient": "1.0"}, "2025-04-07": {"1. open": "51.14", "2. high": "52.91", "3. low": "49.728", "4. close": "50.95", "5. adjusted close": "50.95", "6. volume": "4297352", "7. dividend amount": "0.0000", "8. split coefficient": "1.0"}, "2025-04-04": {"1. open": "55.41", "2. high": "55.92", "3. low": "52.1", "4. close": "52.21", "5. adjusted close": "52.21", "6. volume": "4217890", "7. dividend amount": "0.0000", "8. split coefficient": "1.0"}, "2025-04-03": {"1. open": "54.66", "2. high": "56.26", "3. low": "54.23", "4. close": "55.9", "5. adjusted close": "55.9", "6. volume": "3247553", "7. dividend amount": "0.0000", "8. split coefficient": "1.0"}, "2025-04-02": {"1. open": "54.355", "2. high": "54.85", "3. low": "54.12", "4. close": "54.73", "5. adjusted close": "54.73", "6. volume": "2299811", "7. dividend amount": "0.0000", "8. split coefficient": "1.0"}, "2025-04-01": {"1. open": "53.87", "2. high": "54.41", "3. low": "53.82", "4. close": "54.36", "5. adjusted close": "54.36", "6. volume": "1867165", "7. dividend amount": "0.0000", "8. split coefficient": "1.0"}, "2025-03-31": {"1. open": "53.38", "2. high": "54.22", "3. low": "53.225", "4. close": "54.03", "5. adjusted close": "54.03", "6. volume": "2199534", "7. dividend amount": "0.0000", "8. split coefficient": "1.0"}, "2025-03-28": {"1. open": "53.84", "2. high": "53.95", "3. low": "52.971", "4. close": "53.06", "5. adjusted close": "53.06", "6. volume": "1798046", "7. dividend amount": "0.0000", "8. split coefficient": "1.0"}, "2025-03-27": {"1. open": "53.19", "2. high": "54.0", "3. low": "53.06", "4. close": "53.78", "5. adjusted close": "53.78", "6. volume": "1645929", "7. dividend amount": "0.0000", "8. split coefficient": "1.0"}, "2025-03-26": {"1. open": "52.69", "2. high": "53.69", "3. low": "52.505", "4. close": "53.05", "5. adjusted close": "53.05", "6. volume": "2513264", "7. dividend amount": "0.0000", "8. split coefficient": "1.0"}, "2025-03-25": {"1. open": "52.22", "2. high": "52.79", "3. low": "51.94", "4. close": "52.33", "5. adjusted close": "52.33", "6. volume": "1818467", "7. dividend amount": "0.0000", "8. split coefficient": "1.0"}, "2025-03-24": {"1. open": "52.28", "2. high": "52.47", "3. low": "51.49", "4. close": "52.32", "5. adjusted close": "52.32", "6. volume": "1560985", "7. dividend amount": "0.0000", "8. split coefficient": "1.0"}, "2025-03-21": {"1. open": "51.44", "2. high": "51.81", "3. low": "51.175", "4. close": "51.63", "5. adjusted close": "51.63", "6. volume": "3167418", "7. dividend amount": "0.0000", "8. split coefficient": "1.0"}, "2025-03-20": {"1. open": "52.08", "2. high": "52.255", "3. low": "51.335", "4. close": "51.68", "5. adjusted close": "51.68", "6. volume": "1445311", "7. dividend amount": "0.0000", "8. split coefficient": "1.0"}, "2025-03-19": {"1. open": "51.82", "2. high": "52.3458", "3. low": "51.8", "4. close": "52.03", "5. adjusted close": "52.03", "6. volume": "1960511", "7. dividend amount": "0.0000", "8. split coefficient": "1.0"}, "2025-03-18": {"1. open": "51.55", "2. high": "51.98", "3. low": "51.4", "4. close": "51.93", "5. adjusted close": "51.93", "6. volume": "1574568", "7. dividend amount": "0.0000", "8. split coefficient": "1.0"}, "2025-03-17": {"1. open": "51.25", "2. high": "52.06", "3. low": "51.22", "4. close": "51.8", "5. adjusted close": "51.8", "6. volume": "1280906", "7. dividend amount": "0.0000", "8. split coefficient": "1.0"}, "2025-03-14": {"1. open": "50.63", "2. high": "51.46", "3. low": "50.6", "4. close": "51.4", "5. adjusted close": "51.4", "6. volume": "1345055", "7. dividend amount": "0.0000", "8. split coefficient": "1.0"}, "2025-03-13": {"1. open": "50.55", "2. high": "50.8", "3. low": "50.15", "4. close": "50.73", "5. adjusted close": "50.73", "6. volume": "1495230", "7. dividend amount": "0.0000", "8. split coefficient": "1.0"}, "2025-03-12": {"1. open": "51.91", "2. high": "52.44", "3. low": "50.52", "4. close": "50.56", "5. adjusted close": "50.56", "6. volume": "2878375", "7. dividend amount": "0.0000", "8. split coefficient": "1.0"}, "2025-03-11": {"1. open": "52.32", "2. high": "52.69", "3. low": "51.84", "4. close": "51.91", "5. adjusted close": "51.91", "6. volume": "2867701", "7. dividend amount": "0.0000", "8. split coefficient": "1.0"}, "2025-03-10": {"1. open": "51.78", "2. high": "53.55", "3. low": "51.59", "4. close": "52.28", "5. adjusted close": "52.28", "6. volume": "2407404", "7. dividend amount": "0.0000", "8. split coefficient": "1.0"}, "2025-03-07": {"1. open": "51.39", "2. high": "51.86", "3. low": "50.81", "4. close": "51.78", "5. adjusted close": "51.78", "6. volume": "1782411", "7. dividend amount": "0.0000", "8. split coefficient": "1.0"}, "2025-03-06": {"1. open": "52.15", "2. high": "52.355", "3. low": "51.49", "4. close": "51.7", "5. adjusted close": "51.7", "6. volume": "1646873", "7. dividend amount": "0.0000", "8. split coefficient": "1.0"}, "2025-03-05": {"1. open": "52.06", "2. high": "52.86", "3. low": "52.06", "4. close": "52.61", "5. adjusted close": "52.61", "6. volume": "1390447", "7. dividend amount": "0.0000", "8. split coefficient": "1.0"}, "2025-03-04": {"1. open": "53.23", "2. high": "53.715", "3. low": "52.38", "4. close": "52.52", "5. adjusted close": "52.52", "6. volume": "2076022", "7. dividend amount": "0.0000", "8. split coefficient": "1.0"}, "2025-03-03": {"1. open": "52.29", "2. high": "53.185", "3. low": "52.29", "4. close": "53.01", "5. adjusted close": "53.01", "6. volume": "2678641", "7. dividend amount": "0.0000", "8. split coefficient": "1.0"}, "2025-02-28": {"1. open": "51.74", "2. high": "52.49", "3. low": "51.545", "4. close": "52.39", "5. adjusted close": "52.39", "6. volume": "1606421", "7. dividend amount": "0.0000", "8. split coefficient": "1.0"}, "2025-02-27": {"1. open": "51.17", "2. high": "51.71", "3. low": "51.0906", "4. close": "51.4", "5. adjusted close": "51.4", "6. volume": "1567320", "7. dividend amount": "0.0000", "8. split coefficient": "1.0"}, "2025-02-26": {"1. open": "51.03", "2. high": "51.79", "3. low": "50.85", "4. close": "51.27", "5. adjusted close": "51.27", "6. volume": "1427425", "7. dividend amount": "0.0000", "8. split coefficient": "1.0"}, "2025-02-25": {"1. open": "51.4", "2. high": "51.68", "3. low": "51.195", "4. close": "51.38", "5. adjusted close": "51.38", "6. volume": "1563659", "7. dividend amount": "0.1650", "8. split coefficient": "1.0"}, "2025-02-24": {"1. open": "51.32", "2. high": "51.76", "3. low": "51.25", "4. close": "51.42", "5. adjusted close": "51.2554001358037", "6. volume": "1233037", "7. dividend amount": "0.0000", "8. split coefficient": "1.0"}, "2025-02-21": {"1. open": "51.26", "2. high": "51.5", "3. low": "50.66", "4. close": "51.29", "5. adjusted close": "51.1258162770395", "6. volume": "1781646", "7. dividend amount": "0.0000", "8. split coefficient": "1.0"}, "2025-02-20": {"1. open": "50.56", "2. high": "51.43", "3. low": "50.39", "4. close": "51.33", "5. adjusted close": "51.1656882335823", "6. volume": "1847199", "7. dividend amount": "0.0000", "8. split coefficient": "1.0"}, "2025-02-19": {"1. open": "49.99", "2. high": "50.83", "3. low": "49.85", "4. close": "50.76", "5. adjusted close": "50.597512852847", "6. volume": "1393602", "7. dividend amount": "0.0000", "8. split coefficient": "1.0"}, "2025-02-18": {"1. open": "50.57", "2. high": "50.805", "3. low": "49.75", "4. close": "50.01", "5. adjusted close": "49.849913667669", "6. volume": "1980886", "7. dividend amount": "0.0000", "8. split coefficient": "1.0"}, "2025-02-14": {"1. open": "52.11", "2. high": "52.15", "3. low": "50.575", "4. close": "50.73", "5. adjusted close": "50.5676088854399", "6. volume": "2819001", "7. dividend amount": "0.0000", "8. split coefficient": "1.0"}, "2025-02-13": {"1. open": "50.57", "2. high": "52.835", "3. low": "50.11", "4. close": "51.92", "5. adjusted close": "51.753799592589", "6. volume": "3707906", "7. dividend amount": "0.0000", "8. split coefficient": "1.0"}, "2025-02-12": {"1. open": "49.31", "2. high": "50.28", "3. low": "49.16", "4. close": "50.1", "5. adjusted close": "49.9396255698904", "6. volume": "2894999", "7. dividend amount": "0.0000", "8. split coefficient": "1.0"}, "2025-02-11": {"1. open": "50.01", "2. high": "50.11", "3. low": "49.76", "4. close": "49.94", "5. adjusted close": "49.7801377437191", "6. volume": "2413104", "7. dividend amount": "0.0000", "8. split coefficient": "1.0"}, "2025-02-10": {"1. open": "50.26", "2. high": "50.26", "3. low": "49.51", "4. close": "49.97", "5. adjusted close": "49.8100417111262", "6. volume": "1306920", "7. dividend amount": "0.0000", "8. split coefficient": "1.0"}, "2025-02-07": {"1. open": "50.17", "2. high": "50.275", "3. low": "49.58", "4. close": "50.08", "5. adjusted close": "49.919689591619", "6. volume": "2428736", "7. dividend amount": "0.0000", "8. split coefficient": "1.0"}, "2025-02-06": {"1. open": "49.51", "2. high": "50.26", "3. low": "49.465", "4. close": "50.26", "5. adjusted close": "50.0991133960617", "6. volume": "1387207", "7. dividend amount": "0.0000", "8. split coefficient": "1.0"}, "2025-02-05": {"1. open": "49.5", "2. high": "49.969", "3. low": "49.435", "4. close": "49.62", "5. adjusted close": "49.4611620913765", "6. volume": "1400329", "7. dividend amount": "0.0000", "8. split coefficient": "1.0"}, "2025-02-04": {"1. open": "49.55", "2. high": "49.73", "3. low": "49.07", "4. close": "49.08", "5. adjusted close": "48.9228906780483", "6. volume": "1159576", "7. dividend amount": "0.0000", "8. split coefficient": "1.0"}, "2025-02-03": {"1. open": "49.25", "2. high": "49.84", "3. low": "49.08", "4. close": "49.65", "5. adjusted close": "49.4910660587836", "6. volume": "1777754", "7. dividend amount": "0.0000", "8. split coefficient": "1.0"}, "2025-01-31": {"1. open": "49.49", "2. high": "49.79", "3. low": "49.2", "4. close": "49.5", "5. adjusted close": "49.341546221748", "6. volume": "1771781", "7. dividend amount": "0.0000", "8. split coefficient": "1.0"}, "2025-01-30": {"1. open": "49.08", "2. high": "49.74", "3. low": "49.045", "4. close": "49.72", "5. adjusted close": "49.5608419827335", "6. volume": "1170759", "7. dividend amount": "0.0000", "8. split coefficient": "1.0"}, "2025-01-29": {"1. open": "49.19", "2. high": "49.9405", "3. low": "48.7", "4. close": "48.75", "5. adjusted close": "48.59394703657", "6. volume": "1481015", "7. dividend amount": "0.0000", "8. split coefficient": "1.0"}, "2025-01-28": {"1. open": "49.28", "2. high": "50.145", "3. low": "49.245", "4. close": "49.32", "5. adjusted close": "49.1621224173053", "6. volume": "2054594", "7. dividend amount": "0.0000", "8. split coefficient": "1.0"}, "2025-01-27": {"1. open": "48.38", "2. high": "49.72", "3. low": "48.38", "4. close": "49.5", "5. adjusted close": "49.341546221748", "6. volume": "1541136", "7. dividend amount": "0.0000", "8. split coefficient": "1.0"}, "2025-01-24": {"1. open": "48.61", "2. high": "48.75", "3. low": "48.17", "4. close": "48.37", "5. adjusted close": "48.2151634494131", "6. volume": "1085919", "7. dividend amount": "0.0000", "8. split coefficient": "1.0"}, "2025-01-23": {"1. open": "48.52", "2. high": "48.64", "3. low": "48.22", "4. close": "48.62", "5. adjusted close": "48.4643631778058", "6. volume": "1133153", "7. dividend amount": "0.0000", "8. split coefficient": "1.0"}, "2025-01-22": {"1. open": "48.6", "2. high": "48.79", "3. low": "48.3", "4. close": "48.46", "5. adjusted close": "48.3048753516345", "6. volume": "1572113", "7. dividend amount": "0.0000", "8. split coefficient": "1.0"}, "2025-01-21": {"1. open": "48.56", "2. high": "49.07", "3. low": "48.48", "4. close": "48.64", "5. adjusted close": "48.4842991560772", "6. volume": "1563798", "7. dividend amount": "0.0000", "8. split coefficient": "1.0"}, "2025-01-17": {"1. open": "48.69", "2. high": "48.97", "3. low": "48.2", "4. close": "48.43", "5. adjusted close": "48.2749713842274", "6. volume": "1987102", "7. dividend amount": "0.0000", "8. split coefficient": "1.0"}, "2025-01-16": {"1. open": "47.0", "2. high": "48.335", "3. low": "46.96", "4. close": "48.3", "5. adjusted close": "48.1453875254632", "6. volume": "2152360", "7. dividend amount": "0.0000", "8. split coefficient": "1.0"}, "2025-01-15": {"1. open": "47.31", "2. high": "47.42", "3. low": "46.67", "4. close": "47.01", "5. adjusted close": "46.859516926957", "6. volume": "1725157", "7. dividend amount": "0.0000", "8. split coefficient": "1.0"}, "2025-01-14": {"1. open": "46.37", "2. high": "46.98", "3. low": "46.235", "4. close": "46.85", "5. adjusted close": "46.7000291007857", "6. volume": "1547460", "7. dividend amount": "0.0000", "8. split coefficient": "1.0"}, "2025-01-13": {"1. open": "46.0", "2. high": "46.615", "3. low": "45.77", "4. close": "46.48", "5. adjusted close": "46.3312135027646", "6. volume": "1251896", "7. dividend amount": "0.0000", "8. split coefficient": "1.0"}, "2025-01-10": {"1. open": "46.0", "2. high": "46.51", "3. low": "46.0", "4. close": "46.09", "5. adjusted close": "45.942461926472", "6. volume": "1339430", "7. dividend amount": "0.0000", "8. split coefficient": "1.0"}, "2025-01-08": {"1. open": "45.9", "2. high": "46.45", "3. low": "45.55", "4. close": "46.35", "5. adjusted close": "46.2016296440004", "6. volume": "2701400", "7. dividend amount": "0.0000", "8. split coefficient": "1.0"}, "2025-01-07": {"1. open": "45.77", "2. high": "46.13", "3. low": "45.34", "4. close": "45.75", "5. adjusted close": "45.603550295858", "6. volume": "2248679", "7. dividend amount": "0.0000", "8. split coefficient": "1.0"}, "2025-01-06": {"1. open": "45.99", "2. high": "46.16", "3. low": "45.52", "4. close": "45.65", "5. adjusted close": "45.5038704045009", "6. volume": "1021539", "7. dividend amount": "0.0000", "8. split coefficient": "1.0"}, "2025-01-03": {"1. open": "46.0", "2. high": "46.3542", "3. low": "45.95", "4. close": "46.17", "5. adjusted close": "46.0222058395577", "6. volume": "1273996", "7. dividend amount": "0.0000", "8. split coefficient": "1.0"}, "2025-01-02": {"1. open": "46.58", "2. high": "46.66", "3. low": "45.88", "4. close": "46.04", "5. adjusted close": "45.8926219807935", "6. volume": "1053089", "7. dividend amount": "0.0000", "8. split coefficient": "1.0"}, "2024-12-31": {"1. open": "46.42", "2. high": "46.55", "3. low": "46.19", "4. close": "46.35", "5. adjusted close": "46.2016296440004", "6. volume": "1264916", "7. dividend amount": "0.0000", "8. split coefficient": "1.0"}, "2024-12-30": {"1. open": "46.26", "2. high": "46.65", "3. low": "46.05", "4. close": "46.41", "5. adjusted close": "46.2614375788146", "6. volume": "1169319", "7. dividend amount": "0.0000", "8. split coefficient": "1.0"}, "2024-12-27": {"1. open": "46.57", "2. high": "46.9119", "3. low": "46.365", "4. close": "46.68", "5. adjusted close": "46.5305732854787", "6. volume": "1355574", "7. dividend amount": "0.0000", "8. split coefficient": "1.0"}, "2024-12-26": {"1. open": "46.24", "2. high": "46.9", "3. low": "46.14", "4. close": "46.85", "5. adjusted close": "46.7000291007857", "6. volume": "981152", "7. dividend amount": "0.0000", "8. split coefficient": "1.0"}, "2024-12-24": {"1. open": "46.47", "2. high": "46.675", "3. low": "46.415", "4. close": "46.6", "5. adjusted close": "46.4508293723931", "6. volume": "691240", "7. dividend amount": "0.0000", "8. split coefficient": "1.0"}, "2024-12-23": {"1. open": "46.59", "2. high": "46.65", "3. low": "46.18", "4. close": "46.54", "5. adjusted close": "46.3910214375788", "6. volume": "1766079", "7. dividend amount": "0.0000", "8. split coefficient": "1.0"}, "2024-12-20": {"1. open": "46.74", "2. high": "47.38", "3. low": "46.73", "4. close": "46.92", "5. adjusted close": "46.7698050247357", "6. volume": "4863287", "7. dividend amount": "0.0000", "8. split coefficient": "1.0"}, "2024-12-19": {"1. open": "47.03", "2. high": "47.5", "3. low": "46.74", "4. close": "47.01", "5. adjusted close": "46.859516926957", "6. volume": "1757830", "7. dividend amount": "0.0000", "8. split coefficient": "1.0"}, "2024-12-18": {"1. open": "48.1", "2. high": "48.46", "3. low": "47.15", "4. close": "47.18", "5. adjusted close": "47.028972742264", "6. volume": "1520169", "7. dividend amount": "0.0000", "8. split coefficient": "1.0"}, "2024-12-17": {"1. open": "48.47", "2. high": "48.89", "3. low": "48.21", "4. close": "48.22", "5. adjusted close": "48.0656436123775", "6. volume": "1313808", "7. dividend amount": "0.0000", "8. split coefficient": "1.0"}, "2024-12-16": {"1. open": "48.95", "2. high": "49.685", "3. low": "48.49", "4. close": "48.55", "5. adjusted close": "48.3945872538558", "6. volume": "2311618", "7. dividend amount": "0.0000", "8. split coefficient": "1.0"}, "2024-12-13": {"1. open": "48.85", "2. high": "49.0113", "3. low": "48.48", "4. close": "48.77", "5. adjusted close": "48.6138830148414", "6. volume": "1744954", "7. dividend amount": "0.0000", "8. split coefficient": "1.0"}, "2024-12-12": {"1. open": "49.35", "2. high": "49.46", "3. low": "48.6075", "4. close": "48.77", "5. adjusted close": "48.6138830148414", "6. volume": "1137528", "7. dividend amount": "0.0000", "8. split coefficient": "1.0"}, "2024-12-11": {"1. open": "49.23", "2. high": "49.56", "3. low": "48.83", "4. close": "49.01", "5. adjusted close": "48.8531147540984", "6. volume": "1242603", "7. dividend amount": "0.0000", "8. split coefficient": "1.0"}, "2024-12-10": {"1. open": "48.69", "2. high": "49.4", "3. low": "48.38", "4. close": "49.13", "5. adjusted close": "48.9727306237268", "6. volume": "1222377", "7. dividend amount": "0.0000", "8. split coefficient": "1.0"}, "2024-12-09": {"1. open": "49.32", "2. high": "49.5", "3. low": "48.48", "4. close": "48.68", "5. adjusted close": "48.52417111262", "6. volume": "1384142", "7. dividend amount": "0.0000", "8. split coefficient": "1.0"}, "2024-12-06": {"1. open": "49.22", "2. high": "49.77", "3. low": "49.145", "4. close": "49.42", "5. adjusted close": "49.2618023086623", "6. volume": "1289518", "7. dividend amount": "0.0000", "8. split coefficient": "1.0"}, "2024-12-05": {"1. open": "49.4", "2. high": "49.4461", "3. low": "48.82", "4. close": "48.85", "5. adjusted close": "48.693626927927", "6. volume": "1532390", "7. dividend amount": "0.0000", "8. split coefficient": "1.0"}, "2024-12-04": {"1. open": "49.46", "2. high": "49.8515", "3. low": "49.31", "4. close": "49.66", "5. adjusted close": "49.5010340479193", "6. volume": "1052592", "7. dividend amount": "0.0000", "8. split coefficient": "1.0"}, "2024-12-03": {"1. open": "49.81", "2. high": "50.02", "3. low": "49.185", "4. close": "49.66", "5. adjusted close": "49.5010340479193", "6. volume": "1389805", "7. dividend amount": "0.0000", "8. split coefficient": "1.0"}, "2024-12-02": {"1. open": "50.27", "2. high": "50.33", "3. low": "49.415", "4. close": "49.86", "5. adjusted close": "49.7003938306334", "6. volume": "2194928", "7. dividend amount": "0.0000", "8. split coefficient": "1.0"}, "2024-11-29": {"1. open": "51.04", "2. high": "51.08", "3. low": "50.05", "4. close": "50.33", "5. adjusted close": "50.1688893200116", "6. volume": "1521821", "7. dividend amount": "0.0000", "8. split coefficient": "1.0"}, "2024-11-27": {"1. open": "51.75", "2. high": "52.06", "3. low": "51.135", "4. close": "51.16", "5. adjusted close": "50.9962324182753", "6. volume": "2313313", "7. dividend amount": "0.0000", "8. split coefficient": "1.0"}, "2024-11-26": {"1. open": "51.51", "2. high": "51.725", "3. low": "51.1", "4. close": "51.59", "5. adjusted close": "51.4248559511107", "6. volume": "2523865", "7. dividend amount": "0.0000", "8. split coefficient": "1.0"}, "2024-11-25": {"1. open": "50.96", "2. high": "51.52", "3. low": "50.88", "4. close": "51.23", "5. adjusted close": "51.0660083422252", "6. volume": "1929206", "7. dividend amount": "0.0000", "8. split coefficient": "1.0"}}}