{"Meta Data": {"1. Information": "Daily Time Series with Splits and Dividend Events", "2. Symbol": "LYB", "3. Last Refreshed": "2025-04-22", "4. Output Size": "Compact", "5. Time Zone": "US/Eastern"}, "Time Series (Daily)": {"2025-04-22": {"1. open": "57.2", "2. high": "58.33", "3. low": "57.07", "4. close": "58.14", "5. adjusted close": "58.14", "6. volume": "3194387", "7. dividend amount": "0.0000", "8. split coefficient": "1.0"}, "2025-04-21": {"1. open": "56.85", "2. high": "56.95", "3. low": "55.59", "4. close": "56.3", "5. adjusted close": "56.3", "6. volume": "3981573", "7. dividend amount": "0.0000", "8. split coefficient": "1.0"}, "2025-04-17": {"1. open": "56.33", "2. high": "57.48", "3. low": "56.1501", "4. close": "56.77", "5. adjusted close": "56.77", "6. volume": "4040272", "7. dividend amount": "0.0000", "8. split coefficient": "1.0"}, "2025-04-16": {"1. open": "56.71", "2. high": "57.565", "3. low": "55.48", "4. close": "55.94", "5. adjusted close": "55.94", "6. volume": "4007678", "7. dividend amount": "0.0000", "8. split coefficient": "1.0"}, "2025-04-15": {"1. open": "57.09", "2. high": "57.69", "3. low": "56.4603", "4. close": "56.7", "5. adjusted close": "56.7", "6. volume": "4167311", "7. dividend amount": "0.0000", "8. split coefficient": "1.0"}, "2025-04-14": {"1. open": "58.3", "2. high": "58.59", "3. low": "55.95", "4. close": "57.45", "5. adjusted close": "57.45", "6. volume": "4339003", "7. dividend amount": "0.0000", "8. split coefficient": "1.0"}, "2025-04-11": {"1. open": "54.04", "2. high": "56.98", "3. low": "52.8", "4. close": "56.89", "5. adjusted close": "56.89", "6. volume": "5784269", "7. dividend amount": "0.0000", "8. split coefficient": "1.0"}, "2025-04-10": {"1. open": "57.96", "2. high": "58.03", "3. low": "53.3", "4. close": "54.34", "5. adjusted close": "54.34", "6. volume": "7793217", "7. dividend amount": "0.0000", "8. split coefficient": "1.0"}, "2025-04-09": {"1. open": "52.5", "2. high": "61.6", "3. low": "51.11", "4. close": "59.83", "5. adjusted close": "59.83", "6. volume": "11315862", "7. dividend amount": "0.0000", "8. split coefficient": "1.0"}, "2025-04-08": {"1. open": "59.11", "2. high": "59.58", "3. low": "52.5", "4. close": "53.23", "5. adjusted close": "53.23", "6. volume": "7185390", "7. dividend amount": "0.0000", "8. split coefficient": "1.0"}, "2025-04-07": {"1. open": "55.56", "2. high": "59.69", "3. low": "54.11", "4. close": "56.6", "5. adjusted close": "56.6", "6. volume": "7519895", "7. dividend amount": "0.0000", "8. split coefficient": "1.0"}, "2025-04-04": {"1. open": "60.62", "2. high": "60.695", "3. low": "57.565", "4. close": "57.98", "5. adjusted close": "57.98", "6. volume": "7972731", "7. dividend amount": "0.0000", "8. split coefficient": "1.0"}, "2025-04-03": {"1. open": "68.01", "2. high": "68.67", "3. low": "62.92", "4. close": "63.11", "5. adjusted close": "63.11", "6. volume": "6910015", "7. dividend amount": "0.0000", "8. split coefficient": "1.0"}, "2025-04-02": {"1. open": "69.32", "2. high": "70.83", "3. low": "69.31", "4. close": "70.65", "5. adjusted close": "70.65", "6. volume": "2495867", "7. dividend amount": "0.0000", "8. split coefficient": "1.0"}, "2025-04-01": {"1. open": "69.84", "2. high": "70.08", "3. low": "69.12", "4. close": "70.04", "5. adjusted close": "70.04", "6. volume": "3634554", "7. dividend amount": "0.0000", "8. split coefficient": "1.0"}, "2025-03-31": {"1. open": "69.37", "2. high": "71.0", "3. low": "69.15", "4. close": "70.4", "5. adjusted close": "70.4", "6. volume": "3708454", "7. dividend amount": "0.0000", "8. split coefficient": "1.0"}, "2025-03-28": {"1. open": "70.9", "2. high": "71.325", "3. low": "69.7399", "4. close": "69.82", "5. adjusted close": "69.82", "6. volume": "2586682", "7. dividend amount": "0.0000", "8. split coefficient": "1.0"}, "2025-03-27": {"1. open": "70.35", "2. high": "71.38", "3. low": "70.1001", "4. close": "70.95", "5. adjusted close": "70.95", "6. volume": "3277971", "7. dividend amount": "0.0000", "8. split coefficient": "1.0"}, "2025-03-26": {"1. open": "69.86", "2. high": "71.12", "3. low": "69.81", "4. close": "71.06", "5. adjusted close": "71.06", "6. volume": "3027627", "7. dividend amount": "0.0000", "8. split coefficient": "1.0"}, "2025-03-25": {"1. open": "71.98", "2. high": "72.12", "3. low": "69.79", "4. close": "69.85", "5. adjusted close": "69.85", "6. volume": "3030677", "7. dividend amount": "0.0000", "8. split coefficient": "1.0"}, "2025-03-24": {"1. open": "72.0", "2. high": "72.5", "3. low": "71.375", "4. close": "71.96", "5. adjusted close": "71.96", "6. volume": "3432134", "7. dividend amount": "0.0000", "8. split coefficient": "1.0"}, "2025-03-21": {"1. open": "72.07", "2. high": "72.195", "3. low": "70.75", "4. close": "71.55", "5. adjusted close": "71.55", "6. volume": "12985562", "7. dividend amount": "0.0000", "8. split coefficient": "1.0"}, "2025-03-20": {"1. open": "73.18", "2. high": "73.18", "3. low": "72.28", "4. close": "72.69", "5. adjusted close": "72.69", "6. volume": "2642576", "7. dividend amount": "0.0000", "8. split coefficient": "1.0"}, "2025-03-19": {"1. open": "75.02", "2. high": "75.35", "3. low": "73.351", "4. close": "73.66", "5. adjusted close": "73.66", "6. volume": "2543081", "7. dividend amount": "0.0000", "8. split coefficient": "1.0"}, "2025-03-18": {"1. open": "75.44", "2. high": "75.62", "3. low": "74.68", "4. close": "75.09", "5. adjusted close": "75.09", "6. volume": "1929774", "7. dividend amount": "0.0000", "8. split coefficient": "1.0"}, "2025-03-17": {"1. open": "74.01", "2. high": "75.56", "3. low": "74.01", "4. close": "75.15", "5. adjusted close": "75.15", "6. volume": "2365376", "7. dividend amount": "0.0000", "8. split coefficient": "1.0"}, "2025-03-14": {"1. open": "73.85", "2. high": "74.53", "3. low": "73.48", "4. close": "74.15", "5. adjusted close": "74.15", "6. volume": "1941977", "7. dividend amount": "0.0000", "8. split coefficient": "1.0"}, "2025-03-13": {"1. open": "72.0", "2. high": "73.904", "3. low": "71.81", "4. close": "72.61", "5. adjusted close": "72.61", "6. volume": "2513358", "7. dividend amount": "0.0000", "8. split coefficient": "1.0"}, "2025-03-12": {"1. open": "73.84", "2. high": "73.945", "3. low": "71.98", "4. close": "72.19", "5. adjusted close": "72.19", "6. volume": "2844868", "7. dividend amount": "0.0000", "8. split coefficient": "1.0"}, "2025-03-11": {"1. open": "76.96", "2. high": "77.0", "3. low": "73.1401", "4. close": "73.96", "5. adjusted close": "73.96", "6. volume": "3878150", "7. dividend amount": "0.0000", "8. split coefficient": "1.0"}, "2025-03-10": {"1. open": "76.81", "2. high": "78.41", "3. low": "76.35", "4. close": "76.54", "5. adjusted close": "76.54", "6. volume": "3300240", "7. dividend amount": "1.3400", "8. split coefficient": "1.0"}, "2025-03-07": {"1. open": "75.45", "2. high": "77.725", "3. low": "75.18", "4. close": "77.5", "5. adjusted close": "76.1665382639959", "6. volume": "3224024", "7. dividend amount": "0.0000", "8. split coefficient": "1.0"}, "2025-03-06": {"1. open": "75.4", "2. high": "76.31", "3. low": "74.94", "4. close": "75.91", "5. adjusted close": "74.6038957370313", "6. volume": "2104772", "7. dividend amount": "0.0000", "8. split coefficient": "1.0"}, "2025-03-05": {"1. open": "74.42", "2. high": "76.63", "3. low": "74.375", "4. close": "76.21", "5. adjusted close": "74.8987339496661", "6. volume": "3081587", "7. dividend amount": "0.0000", "8. split coefficient": "1.0"}, "2025-03-04": {"1. open": "73.62", "2. high": "74.89", "3. low": "72.86", "4. close": "73.47", "5. adjusted close": "72.2058782742681", "6. volume": "4320966", "7. dividend amount": "0.0000", "8. split coefficient": "1.0"}, "2025-03-03": {"1. open": "77.87", "2. high": "77.87", "3. low": "73.36", "4. close": "73.41", "5. adjusted close": "72.1469106317411", "6. volume": "3387697", "7. dividend amount": "0.0000", "8. split coefficient": "1.0"}, "2025-02-28": {"1. open": "76.12", "2. high": "77.08", "3. low": "75.99", "4. close": "76.83", "5. adjusted close": "75.5080662557781", "6. volume": "3770609", "7. dividend amount": "0.0000", "8. split coefficient": "1.0"}, "2025-02-27": {"1. open": "75.72", "2. high": "76.735", "3. low": "74.66", "4. close": "75.99", "5. adjusted close": "74.6825192604006", "6. volume": "1491569", "7. dividend amount": "0.0000", "8. split coefficient": "1.0"}, "2025-02-26": {"1. open": "77.89", "2. high": "78.0", "3. low": "75.66", "4. close": "76.2", "5. adjusted close": "74.888906009245", "6. volume": "1581465", "7. dividend amount": "0.0000", "8. split coefficient": "1.0"}, "2025-02-25": {"1. open": "77.68", "2. high": "78.33", "3. low": "77.21", "4. close": "77.63", "5. adjusted close": "76.294301489471", "6. volume": "2241040", "7. dividend amount": "0.0000", "8. split coefficient": "1.0"}, "2025-02-24": {"1. open": "76.8", "2. high": "77.58", "3. low": "76.0", "4. close": "77.31", "5. adjusted close": "75.9798073959938", "6. volume": "1897758", "7. dividend amount": "0.0000", "8. split coefficient": "1.0"}, "2025-02-21": {"1. open": "77.68", "2. high": "78.07", "3. low": "76.62", "4. close": "76.96", "5. adjusted close": "75.6358294812532", "6. volume": "2443725", "7. dividend amount": "0.0000", "8. split coefficient": "1.0"}, "2025-02-20": {"1. open": "77.47", "2. high": "78.15", "3. low": "77.29", "4. close": "77.61", "5. adjusted close": "76.2746456086286", "6. volume": "1725449", "7. dividend amount": "0.0000", "8. split coefficient": "1.0"}, "2025-02-19": {"1. open": "76.79", "2. high": "78.06", "3. low": "76.56", "4. close": "77.5", "5. adjusted close": "76.1665382639959", "6. volume": "1856688", "7. dividend amount": "0.0000", "8. split coefficient": "1.0"}, "2025-02-18": {"1. open": "77.25", "2. high": "78.516", "3. low": "76.94", "4. close": "78.22", "5. adjusted close": "76.8741499743195", "6. volume": "2344037", "7. dividend amount": "0.0000", "8. split coefficient": "1.0"}, "2025-02-14": {"1. open": "77.05", "2. high": "78.23", "3. low": "76.67", "4. close": "76.7", "5. adjusted close": "75.380303030303", "6. volume": "1481299", "7. dividend amount": "0.0000", "8. split coefficient": "1.0"}, "2025-02-13": {"1. open": "76.07", "2. high": "76.7153", "3. low": "75.75", "4. close": "76.24", "5. adjusted close": "74.9282177709296", "6. volume": "1891806", "7. dividend amount": "0.0000", "8. split coefficient": "1.0"}, "2025-02-12": {"1. open": "75.8", "2. high": "76.15", "3. low": "75.51", "4. close": "75.89", "5. adjusted close": "74.584239856189", "6. volume": "2009294", "7. dividend amount": "0.0000", "8. split coefficient": "1.0"}, "2025-02-11": {"1. open": "75.95", "2. high": "76.545", "3. low": "75.33", "4. close": "76.42", "5. adjusted close": "75.1051206985105", "6. volume": "3302369", "7. dividend amount": "0.0000", "8. split coefficient": "1.0"}, "2025-02-10": {"1. open": "77.32", "2. high": "77.42", "3. low": "75.5", "4. close": "75.84", "5. adjusted close": "74.5351001540832", "6. volume": "2263174", "7. dividend amount": "0.0000", "8. split coefficient": "1.0"}, "2025-02-07": {"1. open": "78.03", "2. high": "78.225", "3. low": "76.44", "4. close": "76.61", "5. adjusted close": "75.2918515665126", "6. volume": "2165276", "7. dividend amount": "0.0000", "8. split coefficient": "1.0"}, "2025-02-06": {"1. open": "77.35", "2. high": "77.94", "3. low": "77.14", "4. close": "77.75", "5. adjusted close": "76.4122367745249", "6. volume": "2050687", "7. dividend amount": "0.0000", "8. split coefficient": "1.0"}, "2025-02-05": {"1. open": "77.67", "2. high": "77.865", "3. low": "76.8", "4. close": "76.99", "5. adjusted close": "75.6653133025167", "6. volume": "3073217", "7. dividend amount": "0.0000", "8. split coefficient": "1.0"}, "2025-02-04": {"1. open": "76.93", "2. high": "78.965", "3. low": "76.79", "4. close": "78.24", "5. adjusted close": "76.8938058551618", "6. volume": "3934559", "7. dividend amount": "0.0000", "8. split coefficient": "1.0"}, "2025-02-03": {"1. open": "74.78", "2. high": "76.48", "3. low": "73.27", "4. close": "76.3", "5. adjusted close": "74.9871854134566", "6. volume": "3461619", "7. dividend amount": "0.0000", "8. split coefficient": "1.0"}, "2025-01-31": {"1. open": "77.84", "2. high": "79.1", "3. low": "75.155", "4. close": "75.7", "5. adjusted close": "74.3975089881869", "6. volume": "6488863", "7. dividend amount": "0.0000", "8. split coefficient": "1.0"}, "2025-01-30": {"1. open": "77.38", "2. high": "77.73", "3. low": "74.35", "4. close": "76.12", "5. adjusted close": "74.8102824858757", "6. volume": "3624033", "7. dividend amount": "0.0000", "8. split coefficient": "1.0"}, "2025-01-29": {"1. open": "77.79", "2. high": "78.72", "3. low": "77.62", "4. close": "77.86", "5. adjusted close": "76.5203441191577", "6. volume": "1726313", "7. dividend amount": "0.0000", "8. split coefficient": "1.0"}, "2025-01-28": {"1. open": "78.85", "2. high": "79.3899", "3. low": "78.04", "4. close": "78.31", "5. adjusted close": "76.9626014381099", "6. volume": "1878078", "7. dividend amount": "0.0000", "8. split coefficient": "1.0"}, "2025-01-27": {"1. open": "77.89", "2. high": "78.73", "3. low": "77.45", "4. close": "78.67", "5. adjusted close": "77.3164072932717", "6. volume": "2372414", "7. dividend amount": "0.0000", "8. split coefficient": "1.0"}, "2025-01-24": {"1. open": "77.54", "2. high": "77.98", "3. low": "76.88", "4. close": "77.36", "5. adjusted close": "76.0289470980996", "6. volume": "1644641", "7. dividend amount": "0.0000", "8. split coefficient": "1.0"}, "2025-01-23": {"1. open": "77.33", "2. high": "77.61", "3. low": "76.8", "4. close": "77.36", "5. adjusted close": "76.0289470980996", "6. volume": "3684735", "7. dividend amount": "0.0000", "8. split coefficient": "1.0"}, "2025-01-22": {"1. open": "77.47", "2. high": "78.03", "3. low": "77.06", "4. close": "77.08", "5. adjusted close": "75.7537647663071", "6. volume": "1911953", "7. dividend amount": "0.0000", "8. split coefficient": "1.0"}, "2025-01-21": {"1. open": "77.82", "2. high": "78.5", "3. low": "77.39", "4. close": "77.73", "5. adjusted close": "76.3925808936826", "6. volume": "2361422", "7. dividend amount": "0.0000", "8. split coefficient": "1.0"}, "2025-01-17": {"1. open": "77.14", "2. high": "77.7029", "3. low": "76.895", "4. close": "77.3", "5. adjusted close": "75.9699794555727", "6. volume": "1866586", "7. dividend amount": "0.0000", "8. split coefficient": "1.0"}, "2025-01-16": {"1. open": "75.73", "2. high": "76.91", "3. low": "75.3901", "4. close": "76.63", "5. adjusted close": "75.3115074473549", "6. volume": "2775377", "7. dividend amount": "0.0000", "8. split coefficient": "1.0"}, "2025-01-15": {"1. open": "76.06", "2. high": "76.45", "3. low": "75.71", "4. close": "76.08", "5. adjusted close": "74.770970724191", "6. volume": "1973621", "7. dividend amount": "0.0000", "8. split coefficient": "1.0"}, "2025-01-14": {"1. open": "75.4", "2. high": "75.77", "3. low": "74.71", "4. close": "75.31", "5. adjusted close": "74.0142193117617", "6. volume": "2353364", "7. dividend amount": "0.0000", "8. split coefficient": "1.0"}, "2025-01-13": {"1. open": "72.7", "2. high": "75.19", "3. low": "72.5901", "4. close": "75.15", "5. adjusted close": "73.8569722650231", "6. volume": "3653419", "7. dividend amount": "0.0000", "8. split coefficient": "1.0"}, "2025-01-10": {"1. open": "72.8", "2. high": "73.0893", "3. low": "72.22", "4. close": "72.48", "5. adjusted close": "71.2329121725732", "6. volume": "3955865", "7. dividend amount": "0.0000", "8. split coefficient": "1.0"}, "2025-01-08": {"1. open": "73.26", "2. high": "73.5", "3. low": "72.21", "4. close": "73.03", "5. adjusted close": "71.773448895737", "6. volume": "1867221", "7. dividend amount": "0.0000", "8. split coefficient": "1.0"}, "2025-01-07": {"1. open": "73.55", "2. high": "74.94", "3. low": "73.49", "4. close": "73.9", "5. adjusted close": "72.628479712378", "6. volume": "2819402", "7. dividend amount": "0.0000", "8. split coefficient": "1.0"}, "2025-01-06": {"1. open": "73.25", "2. high": "74.12", "3. low": "73.15", "4. close": "73.86", "5. adjusted close": "72.5891679506934", "6. volume": "3073916", "7. dividend amount": "0.0000", "8. split coefficient": "1.0"}, "2025-01-03": {"1. open": "72.95", "2. high": "73.3", "3. low": "72.21", "4. close": "72.77", "5. adjusted close": "71.5179224447868", "6. volume": "3663364", "7. dividend amount": "0.0000", "8. split coefficient": "1.0"}, "2025-01-02": {"1. open": "74.45", "2. high": "75.17", "3. low": "72.65", "4. close": "72.78", "5. adjusted close": "71.527750385208", "6. volume": "2889409", "7. dividend amount": "0.0000", "8. split coefficient": "1.0"}, "2024-12-31": {"1. open": "73.2", "2. high": "74.56", "3. low": "73.06", "4. close": "74.27", "5. adjusted close": "72.992113507961", "6. volume": "2269101", "7. dividend amount": "0.0000", "8. split coefficient": "1.0"}, "2024-12-30": {"1. open": "73.91", "2. high": "74.03", "3. low": "72.93", "4. close": "73.18", "5. adjusted close": "71.9208680020544", "6. volume": "2254530", "7. dividend amount": "0.0000", "8. split coefficient": "1.0"}, "2024-12-27": {"1. open": "74.2", "2. high": "75.02", "3. low": "73.93", "4. close": "74.14", "5. adjusted close": "72.8643502824859", "6. volume": "1655196", "7. dividend amount": "0.0000", "8. split coefficient": "1.0"}, "2024-12-26": {"1. open": "73.88", "2. high": "74.835", "3. low": "73.82", "4. close": "74.35", "5. adjusted close": "73.0707370313302", "6. volume": "1759366", "7. dividend amount": "0.0000", "8. split coefficient": "1.0"}, "2024-12-24": {"1. open": "73.67", "2. high": "74.35", "3. low": "73.4", "4. close": "74.12", "5. adjusted close": "72.8446944016436", "6. volume": "1016383", "7. dividend amount": "0.0000", "8. split coefficient": "1.0"}, "2024-12-23": {"1. open": "73.68", "2. high": "74.2204", "3. low": "73.12", "4. close": "74.01", "5. adjusted close": "72.7365870570108", "6. volume": "2740464", "7. dividend amount": "0.0000", "8. split coefficient": "1.0"}, "2024-12-20": {"1. open": "72.97", "2. high": "74.37", "3. low": "72.935", "4. close": "73.5", "5. adjusted close": "72.2353620955316", "6. volume": "6761332", "7. dividend amount": "0.0000", "8. split coefficient": "1.0"}, "2024-12-19": {"1. open": "74.76", "2. high": "75.4681", "3. low": "72.96", "4. close": "72.97", "5. adjusted close": "71.7144812532101", "6. volume": "4604172", "7. dividend amount": "0.0000", "8. split coefficient": "1.0"}, "2024-12-18": {"1. open": "75.36", "2. high": "76.83", "3. low": "74.76", "4. close": "74.8", "5. adjusted close": "73.5129943502825", "6. volume": "4329839", "7. dividend amount": "0.0000", "8. split coefficient": "1.0"}, "2024-12-17": {"1. open": "75.0", "2. high": "76.35", "3. low": "75.0", "4. close": "75.44", "5. adjusted close": "74.1419825372368", "6. volume": "2889350", "7. dividend amount": "0.0000", "8. split coefficient": "1.0"}, "2024-12-16": {"1. open": "75.0", "2. high": "76.14", "3. low": "74.6", "4. close": "74.68", "5. adjusted close": "73.3950590652286", "6. volume": "3125515", "7. dividend amount": "0.0000", "8. split coefficient": "1.0"}, "2024-12-13": {"1. open": "76.2", "2. high": "76.21", "3. low": "74.92", "4. close": "75.67", "5. adjusted close": "74.3680251669235", "6. volume": "2606383", "7. dividend amount": "0.0000", "8. split coefficient": "1.0"}, "2024-12-12": {"1. open": "76.0", "2. high": "77.15", "3. low": "76.0", "4. close": "76.18", "5. adjusted close": "74.8692501284027", "6. volume": "2418715", "7. dividend amount": "0.0000", "8. split coefficient": "1.0"}, "2024-12-11": {"1. open": "77.34", "2. high": "77.633", "3. low": "76.32", "4. close": "76.45", "5. adjusted close": "75.134604519774", "6. volume": "2836008", "7. dividend amount": "0.0000", "8. split coefficient": "1.0"}, "2024-12-10": {"1. open": "76.89", "2. high": "78.445", "3. low": "76.15", "4. close": "77.64", "5. adjusted close": "76.3041294298921", "6. volume": "3803118", "7. dividend amount": "0.0000", "8. split coefficient": "1.0"}, "2024-12-09": {"1. open": "77.45", "2. high": "78.88", "3. low": "76.8", "4. close": "77.31", "5. adjusted close": "75.9798073959938", "6. volume": "3301229", "7. dividend amount": "0.0000", "8. split coefficient": "1.0"}, "2024-12-06": {"1. open": "77.61", "2. high": "77.97", "3. low": "75.98", "4. close": "76.39", "5. adjusted close": "75.075636877247", "6. volume": "4269750", "7. dividend amount": "0.0000", "8. split coefficient": "1.0"}, "2024-12-05": {"1. open": "77.75", "2. high": "78.0999", "3. low": "76.22", "4. close": "77.41", "5. adjusted close": "76.0780868002054", "6. volume": "4741536", "7. dividend amount": "0.0000", "8. split coefficient": "1.0"}, "2024-12-04": {"1. open": "80.0", "2. high": "80.0", "3. low": "77.38", "4. close": "77.95", "5. adjusted close": "76.6087955829481", "6. volume": "5921471", "7. dividend amount": "0.0000", "8. split coefficient": "1.0"}, "2024-12-03": {"1. open": "82.24", "2. high": "82.2569", "3. low": "80.62", "4. close": "80.78", "5. adjusted close": "79.3901027221366", "6. volume": "2453754", "7. dividend amount": "0.0000", "8. split coefficient": "1.0"}, "2024-12-02": {"1. open": "81.94", "2. high": "82.33", "3. low": "81.06", "4. close": "82.05", "5. adjusted close": "80.638251155624", "6. volume": "1844742", "7. dividend amount": "1.3400", "8. split coefficient": "1.0"}, "2024-11-29": {"1. open": "83.06", "2. high": "83.46", "3. low": "82.73", "4. close": "83.34", "5. adjusted close": "80.58990108298", "6. volume": "1683321", "7. dividend amount": "0.0000", "8. split coefficient": "1.0"}, "2024-11-27": {"1. open": "82.26", "2. high": "83.5", "3. low": "82.17", "4. close": "83.04", "5. adjusted close": "80.2998006471162", "6. volume": "2625863", "7. dividend amount": "0.0000", "8. split coefficient": "1.0"}, "2024-11-26": {"1. open": "83.9", "2. high": "83.93", "3. low": "81.61", "4. close": "82.14", "5. adjusted close": "79.4294993395246", "6. volume": "3047117", "7. dividend amount": "0.0000", "8. split coefficient": "1.0"}, "2024-11-25": {"1. open": "84.5", "2. high": "85.25", "3. low": "83.82", "4. close": "84.06", "5. adjusted close": "81.2861421290533", "6. volume": "5618495", "7. dividend amount": "0.0000", "8. split coefficient": "1.0"}}}