{"Symbol": "ECL", "AssetType": "Common Stock", "Name": "Ecolab Inc", "Description": "Ecolab Inc., headquartered in St. Paul, Minnesota, is an American corporation that develops and offers services, technology and systems that specialize in water treatment, purification, cleaning and hygiene in a wide variety of applications. It helps organizations both private market as well as public treat their water, not only for drinking directly, but also for use in food, healthcare, hospitality related safety and industry.", "CIK": "31462", "Exchange": "NYSE", "Currency": "USD", "Country": "USA", "Sector": "LIFE SCIENCES", "Industry": "SOAP, DETERGENTS, CLEANG PREPARATIONS, PERFUMES, COSMETICS", "Address": "1 ECOLAB PLACE, SAINT PAUL, MN, US", "OfficialSite": "https://www.ecolab.com", "FiscalYearEnd": "December", "LatestQuarter": "2024-12-31", "MarketCapitalization": "67711558000", "EBITDA": "3605500000", "PERatio": "32.18", "PEGRatio": "2.799", "BookValue": "23.46", "DividendPerShare": "2.36", "DividendYield": "0.011", "EPS": "7.36", "RevenuePerShareTTM": "55.37", "ProfitMargin": "0.134", "OperatingMarginTTM": "0.147", "ReturnOnAssetsTTM": "0.0755", "ReturnOnEquityTTM": "0.253", "RevenueTTM": "15741400000", "GrossProfitTTM": "6847000000", "DilutedEPSTTM": "7.36", "QuarterlyEarningsGrowthYOY": "0.065", "QuarterlyRevenueGrowthYOY": "0.178", "AnalystTargetPrice": "274.91", "AnalystRatingStrongBuy": "5", "AnalystRatingBuy": "8", "AnalystRatingHold": "13", "AnalystRatingSell": "0", "AnalystRatingStrongSell": "1", "TrailingPE": "32.18", "ForwardPE": "30.77", "PriceToSalesRatioTTM": "4.301", "PriceToBookRatio": "7.5", "EVToRevenue": "4.618", "EVToEBITDA": "18.9", "Beta": "1.148", "52WeekHigh": "272.98", "52WeekLow": "216.06", "50DayMovingAverage": "253.45", "200DayMovingAverage": "247.81", "SharesOutstanding": "283633000", "DividendDate": "2025-04-15", "ExDividendDate": "2025-03-18"}