{"symbol": "VRSN", "annualReports": [{"fiscalDateEnding": "2024-12-31", "reportedCurrency": "USD", "grossProfit": "1366000000", "totalRevenue": "1557400000", "costOfRevenue": "191400000", "costofGoodsAndServicesSold": "191400000", "operatingIncome": "1058200000", "sellingGeneralAndAdministrative": "211100000", "researchAndDevelopment": "96700000", "operatingExpenses": "307800000", "investmentIncomeNet": "None", "netInterestIncome": "-37900000", "interestIncome": "37400000", "interestExpense": "75300000", "nonInterestIncome": "None", "otherNonOperatingIncome": "None", "depreciation": "None", "depreciationAndAmortization": "36900000", "incomeBeforeTax": "1021900000", "incomeTaxExpense": "236200000", "interestAndDebtExpense": "None", "netIncomeFromContinuingOperations": "785700000", "comprehensiveIncomeNetOfTax": "None", "ebit": "1097200000", "ebitda": "1134100000", "netIncome": "785700000"}, {"fiscalDateEnding": "2023-12-31", "reportedCurrency": "USD", "grossProfit": "1295800000", "totalRevenue": "1493100000", "costOfRevenue": "197300000", "costofGoodsAndServicesSold": "197300000", "operatingIncome": "1000600000", "sellingGeneralAndAdministrative": "204200000", "researchAndDevelopment": "91000000", "operatingExpenses": "295200000", "investmentIncomeNet": "None", "netInterestIncome": "-29200000", "interestIncome": "46100000", "interestExpense": "75300000", "nonInterestIncome": "None", "otherNonOperatingIncome": "None", "depreciation": "None", "depreciationAndAmortization": "44100000", "incomeBeforeTax": "976500000", "incomeTaxExpense": "158900000", "interestAndDebtExpense": "None", "netIncomeFromContinuingOperations": "817600000", "comprehensiveIncomeNetOfTax": "None", "ebit": "1051800000", "ebitda": "1095900000", "netIncome": "817600000"}, {"fiscalDateEnding": "2022-12-31", "reportedCurrency": "USD", "grossProfit": "1224200000", "totalRevenue": "1424900000", "costOfRevenue": "200700000", "costofGoodsAndServicesSold": "200700000", "operatingIncome": "943100000", "sellingGeneralAndAdministrative": "195400000", "researchAndDevelopment": "85700000", "operatingExpenses": "281100000", "investmentIncomeNet": "None", "netInterestIncome": "-75300000", "interestIncome": "14900000", "interestExpense": "75300000", "nonInterestIncome": "None", "otherNonOperatingIncome": "12400000", "depreciation": "None", "depreciationAndAmortization": "46900000", "incomeBeforeTax": "880200000", "incomeTaxExpense": "206400000", "interestAndDebtExpense": "None", "netIncomeFromContinuingOperations": "673800000", "comprehensiveIncomeNetOfTax": "None", "ebit": "955500000", "ebitda": "1002400000", "netIncome": "673800000"}, {"fiscalDateEnding": "2021-12-31", "reportedCurrency": "USD", "grossProfit": "1135643000", "totalRevenue": "1327576000", "costOfRevenue": "191933000", "costofGoodsAndServicesSold": "191933000", "operatingIncome": "866803000", "sellingGeneralAndAdministrative": "148434000", "researchAndDevelopment": "80529000", "operatingExpenses": "268840000", "investmentIncomeNet": "None", "netInterestIncome": "-83255000", "interestIncome": "582000", "interestExpense": "83255000", "nonInterestIncome": "None", "otherNonOperatingIncome": "-1329000", "depreciation": "None", "depreciationAndAmortization": "47940000", "incomeBeforeTax": "782219000", "incomeTaxExpense": "-2611000", "interestAndDebtExpense": "None", "netIncomeFromContinuingOperations": "784830000", "comprehensiveIncomeNetOfTax": "None", "ebit": "865474000", "ebitda": "913414000", "netIncome": "784800000"}, {"fiscalDateEnding": "2020-12-31", "reportedCurrency": "USD", "grossProfit": "1084875000", "totalRevenue": "1265052000", "costOfRevenue": "180177000", "costofGoodsAndServicesSold": "180177000", "operatingIncome": "824201000", "sellingGeneralAndAdministrative": "149213000", "researchAndDevelopment": "74671000", "operatingExpenses": "260674000", "investmentIncomeNet": "None", "netInterestIncome": "-90144000", "interestIncome": "7815000", "interestExpense": "90144000", "nonInterestIncome": "None", "otherNonOperatingIncome": "16187000", "depreciation": "None", "depreciationAndAmortization": "46352000", "incomeBeforeTax": "750244000", "incomeTaxExpense": "-64644000", "interestAndDebtExpense": "None", "netIncomeFromContinuingOperations": "814888000", "comprehensiveIncomeNetOfTax": "None", "ebit": "840388000", "ebitda": "886740000", "netIncome": "814888000"}, {"fiscalDateEnding": "2019-12-31", "reportedCurrency": "USD", "grossProfit": "1051194000", "totalRevenue": "1231661000", "costOfRevenue": "180467000", "costofGoodsAndServicesSold": "180467000", "operatingIncome": "806127000", "sellingGeneralAndAdministrative": "137625000", "researchAndDevelopment": "60805000", "operatingExpenses": "245067000", "investmentIncomeNet": "None", "netInterestIncome": "-64015000", "interestIncome": "26596000", "interestExpense": "90611000", "nonInterestIncome": "None", "otherNonOperatingIncome": "43260000", "depreciation": "None", "depreciationAndAmortization": "46330000", "incomeBeforeTax": "758776000", "incomeTaxExpense": "146477000", "interestAndDebtExpense": "None", "netIncomeFromContinuingOperations": "612299000", "comprehensiveIncomeNetOfTax": "None", "ebit": "849387000", "ebitda": "895717000", "netIncome": "612299000"}, {"fiscalDateEnding": "2018-12-31", "reportedCurrency": "USD", "grossProfit": "1022835000", "totalRevenue": "1214969000", "costOfRevenue": "192134000", "costofGoodsAndServicesSold": "192134000", "operatingIncome": "767392000", "sellingGeneralAndAdministrative": "132668000", "researchAndDevelopment": "57884000", "operatingExpenses": "255443000", "investmentIncomeNet": "None", "netInterestIncome": "-88355000", "interestIncome": "26490000", "interestExpense": "114845000", "nonInterestIncome": "None", "otherNonOperatingIncome": "76969000", "depreciation": "None", "depreciationAndAmortization": "48367000", "incomeBeforeTax": "729516000", "incomeTaxExpense": "147027000", "interestAndDebtExpense": "None", "netIncomeFromContinuingOperations": "582489000", "comprehensiveIncomeNetOfTax": "None", "ebit": "844361000", "ebitda": "892728000", "netIncome": "582489000"}, {"fiscalDateEnding": "2017-12-31", "reportedCurrency": "USD", "grossProfit": "971769000", "totalRevenue": "1165095000", "costOfRevenue": "193326000", "costofGoodsAndServicesSold": "193326000", "operatingIncome": "707722000", "sellingGeneralAndAdministrative": "129754000", "researchAndDevelopment": "52342000", "operatingExpenses": "264047000", "investmentIncomeNet": "None", "netInterestIncome": "-118392000", "interestIncome": "17944000", "interestExpense": "136336000", "nonInterestIncome": "None", "otherNonOperatingIncome": "None", "depreciation": "None", "depreciationAndAmortization": "49878000", "incomeBeforeTax": "599012000", "incomeTaxExpense": "141764000", "interestAndDebtExpense": "None", "netIncomeFromContinuingOperations": "457248000", "comprehensiveIncomeNetOfTax": "None", "ebit": "735348000", "ebitda": "785226000", "netIncome": "457248000"}, {"fiscalDateEnding": "2016-12-31", "reportedCurrency": "USD", "grossProfit": "943925000", "totalRevenue": "1142167000", "costOfRevenue": "198242000", "costofGoodsAndServicesSold": "198242000", "operatingIncome": "686572000", "sellingGeneralAndAdministrative": "118003000", "researchAndDevelopment": "59100000", "operatingExpenses": "257353000", "investmentIncomeNet": "None", "netInterestIncome": "-109373000", "interestIncome": "6191000", "interestExpense": "115564000", "nonInterestIncome": "None", "otherNonOperatingIncome": "None", "depreciation": "None", "depreciationAndAmortization": "58167000", "incomeBeforeTax": "581173000", "incomeTaxExpense": "140528000", "interestAndDebtExpense": "None", "netIncomeFromContinuingOperations": "440645000", "comprehensiveIncomeNetOfTax": "None", "ebit": "696737000", "ebitda": "754904000", "netIncome": "440645000"}, {"fiscalDateEnding": "2015-12-31", "reportedCurrency": "USD", "grossProfit": "866578000", "totalRevenue": "1059366000", "costOfRevenue": "192788000", "costofGoodsAndServicesSold": "192788000", "operatingIncome": "605946000", "sellingGeneralAndAdministrative": "106730000", "researchAndDevelopment": "63718000", "operatingExpenses": "260632000", "investmentIncomeNet": "None", "netInterestIncome": "None", "interestIncome": "119448000", "interestExpense": "107631000", "nonInterestIncome": "None", "otherNonOperatingIncome": "None", "depreciation": "None", "depreciationAndAmortization": "61491000", "incomeBeforeTax": "487650000", "incomeTaxExpense": "112414000", "interestAndDebtExpense": "None", "netIncomeFromContinuingOperations": "375236000", "comprehensiveIncomeNetOfTax": "None", "ebit": "595281000", "ebitda": "656772000", "netIncome": "375236000"}, {"fiscalDateEnding": "2014-12-31", "reportedCurrency": "USD", "grossProfit": "821692000", "totalRevenue": "1010117000", "costOfRevenue": "188425000", "costofGoodsAndServicesSold": "188425000", "operatingIncome": "564427000", "sellingGeneralAndAdministrative": "97487000", "researchAndDevelopment": "67777000", "operatingExpenses": "257265000", "investmentIncomeNet": "None", "netInterestIncome": "None", "interestIncome": "None", "interestExpense": "85994000", "nonInterestIncome": "None", "otherNonOperatingIncome": "None", "depreciation": "None", "depreciationAndAmortization": "63690000", "incomeBeforeTax": "483311000", "incomeTaxExpense": "128051000", "interestAndDebtExpense": "None", "netIncomeFromContinuingOperations": "355260000", "comprehensiveIncomeNetOfTax": "None", "ebit": "569305000", "ebitda": "632995000", "netIncome": "355260000"}, {"fiscalDateEnding": "2013-12-31", "reportedCurrency": "USD", "grossProfit": "778074000", "totalRevenue": "965087000", "costOfRevenue": "187013000", "costofGoodsAndServicesSold": "187013000", "operatingIncome": "528232000", "sellingGeneralAndAdministrative": "90208000", "researchAndDevelopment": "70297000", "operatingExpenses": "249842000", "investmentIncomeNet": "None", "netInterestIncome": "None", "interestIncome": "None", "interestExpense": "74761000", "nonInterestIncome": "None", "otherNonOperatingIncome": "None", "depreciation": "None", "depreciationAndAmortization": "60655000", "incomeBeforeTax": "456771000", "incomeTaxExpense": "-87679000", "interestAndDebtExpense": "None", "netIncomeFromContinuingOperations": "None", "comprehensiveIncomeNetOfTax": "None", "ebit": "531532000", "ebitda": "592187000", "netIncome": "544450000"}, {"fiscalDateEnding": "2012-12-31", "reportedCurrency": "USD", "grossProfit": "705992000", "totalRevenue": "873592000", "costOfRevenue": "167600000", "costofGoodsAndServicesSold": "167600000", "operatingIncome": "457327000", "sellingGeneralAndAdministrative": "89927000", "researchAndDevelopment": "61694000", "operatingExpenses": "249430000", "investmentIncomeNet": "None", "netInterestIncome": "None", "interestIncome": "None", "interestExpense": "50196000", "nonInterestIncome": "None", "otherNonOperatingIncome": "None", "depreciation": "None", "depreciationAndAmortization": "54819000", "incomeBeforeTax": "412695000", "incomeTaxExpense": "100210000", "interestAndDebtExpense": "None", "netIncomeFromContinuingOperations": "None", "comprehensiveIncomeNetOfTax": "None", "ebit": "462891000", "ebitda": "517710000", "netIncome": "320032000"}, {"fiscalDateEnding": "2011-12-31", "reportedCurrency": "USD", "grossProfit": "606732000", "totalRevenue": "771978000", "costOfRevenue": "165246000", "costofGoodsAndServicesSold": "165246000", "operatingIncome": "329389000", "sellingGeneralAndAdministrative": "111122000", "researchAndDevelopment": "53277000", "operatingExpenses": "261831000", "investmentIncomeNet": "None", "netInterestIncome": "None", "interestIncome": "None", "interestExpense": "147332000", "nonInterestIncome": "None", "otherNonOperatingIncome": "11530000", "depreciation": "None", "depreciationAndAmortization": "55706000", "incomeBeforeTax": "193587000", "incomeTaxExpense": "55031000", "interestAndDebtExpense": "None", "netIncomeFromContinuingOperations": "138556000", "comprehensiveIncomeNetOfTax": "None", "ebit": "340919000", "ebitda": "396625000", "netIncome": "142891000"}, {"fiscalDateEnding": "2010-12-31", "reportedCurrency": "USD", "grossProfit": "523902000", "totalRevenue": "680578000", "costOfRevenue": "156676000", "costofGoodsAndServicesSold": "156676000", "operatingIncome": "232283000", "sellingGeneralAndAdministrative": "137704000", "researchAndDevelopment": "53664000", "operatingExpenses": "274758000", "investmentIncomeNet": "None", "netInterestIncome": "None", "interestIncome": "None", "interestExpense": "157667000", "nonInterestIncome": "None", "otherNonOperatingIncome": "20738000", "depreciation": "None", "depreciationAndAmortization": "67655000", "incomeBeforeTax": "95354000", "incomeTaxExpense": "25322000", "interestAndDebtExpense": "None", "netIncomeFromContinuingOperations": "70032000", "comprehensiveIncomeNetOfTax": "None", "ebit": "253021000", "ebitda": "320676000", "netIncome": "830967000"}, {"fiscalDateEnding": "2009-12-31", "reportedCurrency": "USD", "grossProfit": "797579000", "totalRevenue": "1030619000", "costOfRevenue": "233040000", "costofGoodsAndServicesSold": "233040000", "operatingIncome": "313727000", "sellingGeneralAndAdministrative": "181992000", "researchAndDevelopment": "96416000", "operatingExpenses": "467636000", "investmentIncomeNet": "None", "netInterestIncome": "None", "interestIncome": "None", "interestExpense": "47351000", "nonInterestIncome": "None", "otherNonOperatingIncome": "-32437000", "depreciation": "None", "depreciationAndAmortization": "86266000", "incomeBeforeTax": "281290000", "incomeTaxExpense": "80105000", "interestAndDebtExpense": "None", "netIncomeFromContinuingOperations": "201185000", "comprehensiveIncomeNetOfTax": "None", "ebit": "328641000", "ebitda": "414907000", "netIncome": "245553000"}, {"fiscalDateEnding": "2008-12-31", "reportedCurrency": "USD", "grossProfit": "734384000", "totalRevenue": "961735000", "costOfRevenue": "227351000", "costofGoodsAndServicesSold": "227351000", "operatingIncome": "70778000", "sellingGeneralAndAdministrative": "373478000", "researchAndDevelopment": "91508000", "operatingExpenses": "555638000", "investmentIncomeNet": "None", "netInterestIncome": "None", "interestIncome": "None", "interestExpense": "44391000", "nonInterestIncome": "None", "otherNonOperatingIncome": "None", "depreciation": "None", "depreciationAndAmortization": "128031000", "incomeBeforeTax": "123251000", "incomeTaxExpense": "42800000", "interestAndDebtExpense": "None", "netIncomeFromContinuingOperations": "None", "comprehensiveIncomeNetOfTax": "None", "ebit": "157345000", "ebitda": "285376000", "netIncome": "-374692000"}, {"fiscalDateEnding": "2007-12-31", "reportedCurrency": "USD", "grossProfit": "899772000", "totalRevenue": "1496289000", "costOfRevenue": "596517000", "costofGoodsAndServicesSold": "596517000", "operatingIncome": "-221501000", "sellingGeneralAndAdministrative": "552762000", "researchAndDevelopment": "160186000", "operatingExpenses": "1163049000", "investmentIncomeNet": "None", "netInterestIncome": "None", "interestIncome": "None", "interestExpense": "0", "nonInterestIncome": "None", "otherNonOperatingIncome": "None", "depreciation": "None", "depreciationAndAmortization": "231505000", "incomeBeforeTax": "-127742000", "incomeTaxExpense": "11080000", "interestAndDebtExpense": "None", "netIncomeFromContinuingOperations": "None", "comprehensiveIncomeNetOfTax": "None", "ebit": "-110378000", "ebitda": "121127000", "netIncome": "-139502000"}, {"fiscalDateEnding": "2006-12-31", "reportedCurrency": "USD", "grossProfit": "994510000", "totalRevenue": "1575249000", "costOfRevenue": "580739000", "costofGoodsAndServicesSold": "580739000", "operatingIncome": "108049000", "sellingGeneralAndAdministrative": "634351000", "researchAndDevelopment": "129343000", "operatingExpenses": "886461000", "investmentIncomeNet": "None", "netInterestIncome": "None", "interestIncome": "None", "interestExpense": "0", "nonInterestIncome": "None", "otherNonOperatingIncome": "None", "depreciation": "None", "depreciationAndAmortization": "122767000", "incomeBeforeTax": "136685000", "incomeTaxExpense": "-241285000", "interestAndDebtExpense": "None", "netIncomeFromContinuingOperations": "None", "comprehensiveIncomeNetOfTax": "None", "ebit": "108049000", "ebitda": "230816000", "netIncome": "379015000"}, {"fiscalDateEnding": "2005-12-31", "reportedCurrency": "USD", "grossProfit": "1097269000", "totalRevenue": "1609494000", "costOfRevenue": "512225000", "costofGoodsAndServicesSold": "512225000", "operatingIncome": "196429000", "sellingGeneralAndAdministrative": "675140000", "researchAndDevelopment": "95339000", "operatingExpenses": "872117000", "investmentIncomeNet": "None", "netInterestIncome": "None", "interestIncome": "None", "interestExpense": "0", "nonInterestIncome": "None", "otherNonOperatingIncome": "None", "depreciation": "None", "depreciationAndAmortization": "197259000", "incomeBeforeTax": "243233000", "incomeTaxExpense": "104655000", "interestAndDebtExpense": "None", "netIncomeFromContinuingOperations": "None", "comprehensiveIncomeNetOfTax": "None", "ebit": "261618000", "ebitda": "458877000", "netIncome": "406461000"}], "quarterlyReports": [{"fiscalDateEnding": "2024-12-31", "reportedCurrency": "USD", "grossProfit": "347000000", "totalRevenue": "395400000", "costOfRevenue": "48400000", "costofGoodsAndServicesSold": "48400000", "operatingIncome": "263800000", "sellingGeneralAndAdministrative": "58300000", "researchAndDevelopment": "24900000", "operatingExpenses": "83200000", "investmentIncomeNet": "None", "netInterestIncome": "-11800000", "interestIncome": "7000000", "interestExpense": "18800000", "nonInterestIncome": "None", "otherNonOperatingIncome": "None", "depreciation": "None", "depreciationAndAmortization": "8800000", "incomeBeforeTax": "248100000", "incomeTaxExpense": "56600000", "interestAndDebtExpense": "None", "netIncomeFromContinuingOperations": "191500000", "comprehensiveIncomeNetOfTax": "None", "ebit": "266900000", "ebitda": "275700000", "netIncome": "191500000"}, {"fiscalDateEnding": "2024-09-30", "reportedCurrency": "USD", "grossProfit": "343800000", "totalRevenue": "390600000", "costOfRevenue": "46800000", "costofGoodsAndServicesSold": "46800000", "operatingIncome": "269300000", "sellingGeneralAndAdministrative": "51300000", "researchAndDevelopment": "23200000", "operatingExpenses": "74500000", "investmentIncomeNet": "None", "netInterestIncome": "-10200000", "interestIncome": "8700000", "interestExpense": "18900000", "nonInterestIncome": "None", "otherNonOperatingIncome": "None", "depreciation": "None", "depreciationAndAmortization": "9000000", "incomeBeforeTax": "260900000", "incomeTaxExpense": "59600000", "interestAndDebtExpense": "None", "netIncomeFromContinuingOperations": "201300000", "comprehensiveIncomeNetOfTax": "None", "ebit": "279800000", "ebitda": "288800000", "netIncome": "201300000"}, {"fiscalDateEnding": "2024-06-30", "reportedCurrency": "USD", "grossProfit": "340000000", "totalRevenue": "387100000", "costOfRevenue": "47100000", "costofGoodsAndServicesSold": "47100000", "operatingIncome": "266200000", "sellingGeneralAndAdministrative": "50000000", "researchAndDevelopment": "23800000", "operatingExpenses": "73800000", "investmentIncomeNet": "None", "netInterestIncome": "-9100000", "interestIncome": "9700000", "interestExpense": "18800000", "nonInterestIncome": "None", "otherNonOperatingIncome": "None", "depreciation": "None", "depreciationAndAmortization": "9300000", "incomeBeforeTax": "258899999", "incomeTaxExpense": "60100000", "interestAndDebtExpense": "None", "netIncomeFromContinuingOperations": "198800000", "comprehensiveIncomeNetOfTax": "None", "ebit": "277700000", "ebitda": "287000000", "netIncome": "198800000"}, {"fiscalDateEnding": "2024-03-31", "reportedCurrency": "USD", "grossProfit": "335200000", "totalRevenue": "384300000", "costOfRevenue": "49100000", "costofGoodsAndServicesSold": "49100000", "operatingIncome": "258899999", "sellingGeneralAndAdministrative": "51500000", "researchAndDevelopment": "24800000", "operatingExpenses": "76300000", "investmentIncomeNet": "None", "netInterestIncome": "-6800000", "interestIncome": "12000000", "interestExpense": "18800000", "nonInterestIncome": "None", "otherNonOperatingIncome": "None", "depreciation": "None", "depreciationAndAmortization": "9800000", "incomeBeforeTax": "254000000", "incomeTaxExpense": "59900000", "interestAndDebtExpense": "None", "netIncomeFromContinuingOperations": "194100000", "comprehensiveIncomeNetOfTax": "None", "ebit": "272800000", "ebitda": "282600000", "netIncome": "194100000"}, {"fiscalDateEnding": "2023-12-31", "reportedCurrency": "USD", "grossProfit": "331900000", "totalRevenue": "380400000", "costOfRevenue": "48500000", "costofGoodsAndServicesSold": "48500000", "operatingIncome": "256300000", "sellingGeneralAndAdministrative": "52700000", "researchAndDevelopment": "22900000", "operatingExpenses": "75600000", "investmentIncomeNet": "None", "netInterestIncome": "-6500000", "interestIncome": "12300000", "interestExpense": "18800000", "nonInterestIncome": "None", "otherNonOperatingIncome": "None", "depreciation": "None", "depreciationAndAmortization": "10400000", "incomeBeforeTax": "251600000", "incomeTaxExpense": "-13100000", "interestAndDebtExpense": "None", "netIncomeFromContinuingOperations": "264700000", "comprehensiveIncomeNetOfTax": "None", "ebit": "270400000", "ebitda": "280800000", "netIncome": "264700000"}, {"fiscalDateEnding": "2023-09-30", "reportedCurrency": "USD", "grossProfit": "327700000", "totalRevenue": "376300000", "costOfRevenue": "48600000", "costofGoodsAndServicesSold": "48600000", "operatingIncome": "254300000", "sellingGeneralAndAdministrative": "51700000", "researchAndDevelopment": "21700000", "operatingExpenses": "73400000", "investmentIncomeNet": "None", "netInterestIncome": "-18800000", "interestIncome": "11600000", "interestExpense": "18800000", "nonInterestIncome": "None", "otherNonOperatingIncome": "None", "depreciation": "None", "depreciationAndAmortization": "10800000", "incomeBeforeTax": "248600000", "incomeTaxExpense": "60100000", "interestAndDebtExpense": "None", "netIncomeFromContinuingOperations": "188500000", "comprehensiveIncomeNetOfTax": "None", "ebit": "267400000", "ebitda": "278200000", "netIncome": "188500000"}, {"fiscalDateEnding": "2023-06-30", "reportedCurrency": "USD", "grossProfit": "321700000", "totalRevenue": "372000000", "costOfRevenue": "50300000", "costofGoodsAndServicesSold": "50300000", "operatingIncome": "248700000", "sellingGeneralAndAdministrative": "50800000", "researchAndDevelopment": "22200000", "operatingExpenses": "73000000", "investmentIncomeNet": "None", "netInterestIncome": "-18900000", "interestIncome": "11500000", "interestExpense": "18900000", "nonInterestIncome": "None", "otherNonOperatingIncome": "12700000", "depreciation": "None", "depreciationAndAmortization": "11300000", "incomeBeforeTax": "242500000", "incomeTaxExpense": "56800000", "interestAndDebtExpense": "None", "netIncomeFromContinuingOperations": "185700000", "comprehensiveIncomeNetOfTax": "None", "ebit": "261400000", "ebitda": "272700000", "netIncome": "185700000"}, {"fiscalDateEnding": "2023-03-31", "reportedCurrency": "USD", "grossProfit": "314500000", "totalRevenue": "364400000", "costOfRevenue": "49900000", "costofGoodsAndServicesSold": "49900000", "operatingIncome": "241300000", "sellingGeneralAndAdministrative": "49000000", "researchAndDevelopment": "24200000", "operatingExpenses": "73200000", "investmentIncomeNet": "None", "netInterestIncome": "-18800000", "interestIncome": "10700000", "interestExpense": "18800000", "nonInterestIncome": "None", "otherNonOperatingIncome": "11300000", "depreciation": "None", "depreciationAndAmortization": "11600000", "incomeBeforeTax": "233800000", "incomeTaxExpense": "55100000", "interestAndDebtExpense": "None", "netIncomeFromContinuingOperations": "178700000", "comprehensiveIncomeNetOfTax": "None", "ebit": "252600000", "ebitda": "264200000", "netIncome": "178700000"}, {"fiscalDateEnding": "2022-12-31", "reportedCurrency": "USD", "grossProfit": "318700000", "totalRevenue": "369200000", "costOfRevenue": "50500000", "costofGoodsAndServicesSold": "50500000", "operatingIncome": "245500000", "sellingGeneralAndAdministrative": "51700000", "researchAndDevelopment": "21500000", "operatingExpenses": "73200000", "investmentIncomeNet": "None", "netInterestIncome": "-18800000", "interestIncome": "8500000", "interestExpense": "18800000", "nonInterestIncome": "None", "otherNonOperatingIncome": "5600000", "depreciation": "None", "depreciationAndAmortization": "11700000", "incomeBeforeTax": "232300000", "incomeTaxExpense": "52800000", "interestAndDebtExpense": "None", "netIncomeFromContinuingOperations": "179500000", "comprehensiveIncomeNetOfTax": "None", "ebit": "251100000", "ebitda": "262800000", "netIncome": "179500000"}, {"fiscalDateEnding": "2022-09-30", "reportedCurrency": "USD", "grossProfit": "306900000", "totalRevenue": "356900000", "costOfRevenue": "50000000", "costofGoodsAndServicesSold": "50000000", "operatingIncome": "236800000", "sellingGeneralAndAdministrative": "49100000", "researchAndDevelopment": "21000000", "operatingExpenses": "70100000", "investmentIncomeNet": "None", "netInterestIncome": "-18800000", "interestIncome": "None", "interestExpense": "18800000", "nonInterestIncome": "None", "otherNonOperatingIncome": "4900000", "depreciation": "None", "depreciationAndAmortization": "11400000", "incomeBeforeTax": "222900000", "incomeTaxExpense": "53400000", "interestAndDebtExpense": "None", "netIncomeFromContinuingOperations": "169500000", "comprehensiveIncomeNetOfTax": "None", "ebit": "241700000", "ebitda": "253100000", "netIncome": "169500000"}, {"fiscalDateEnding": "2022-06-30", "reportedCurrency": "USD", "grossProfit": "302400000", "totalRevenue": "351900000", "costOfRevenue": "49500000", "costofGoodsAndServicesSold": "49500000", "operatingIncome": "236000000", "sellingGeneralAndAdministrative": "46100000", "researchAndDevelopment": "20300000", "operatingExpenses": "66400000", "investmentIncomeNet": "None", "netInterestIncome": "-18900000", "interestIncome": "None", "interestExpense": "18900000", "nonInterestIncome": "None", "otherNonOperatingIncome": "1600000", "depreciation": "None", "depreciationAndAmortization": "11900000", "incomeBeforeTax": "218700000", "incomeTaxExpense": "51400000", "interestAndDebtExpense": "None", "netIncomeFromContinuingOperations": "167300000", "comprehensiveIncomeNetOfTax": "None", "ebit": "237600000", "ebitda": "249500000", "netIncome": "167300000"}, {"fiscalDateEnding": "2022-03-31", "reportedCurrency": "USD", "grossProfit": "296200000", "totalRevenue": "346900000", "costOfRevenue": "50700000", "costofGoodsAndServicesSold": "50700000", "operatingIncome": "224800000", "sellingGeneralAndAdministrative": "48500000", "researchAndDevelopment": "22900000", "operatingExpenses": "71400000", "investmentIncomeNet": "None", "netInterestIncome": "-18800000", "interestIncome": "None", "interestExpense": "18800000", "nonInterestIncome": "None", "otherNonOperatingIncome": "300000", "depreciation": "None", "depreciationAndAmortization": "11900000", "incomeBeforeTax": "206300000", "incomeTaxExpense": "48800000", "interestAndDebtExpense": "None", "netIncomeFromContinuingOperations": "157500000", "comprehensiveIncomeNetOfTax": "None", "ebit": "225100000", "ebitda": "237000000", "netIncome": "157500000"}, {"fiscalDateEnding": "2021-12-31", "reportedCurrency": "USD", "grossProfit": "290940000", "totalRevenue": "340308000", "costOfRevenue": "49368000", "costofGoodsAndServicesSold": "49368000", "operatingIncome": "222112000", "sellingGeneralAndAdministrative": "36222000", "researchAndDevelopment": "20844000", "operatingExpenses": "68828000", "investmentIncomeNet": "None", "netInterestIncome": "-18828000", "interestIncome": "144000", "interestExpense": "18828000", "nonInterestIncome": "None", "otherNonOperatingIncome": "104000", "depreciation": "None", "depreciationAndAmortization": "12331000", "incomeBeforeTax": "203388000", "incomeTaxExpense": "-126694000", "interestAndDebtExpense": "None", "netIncomeFromContinuingOperations": "330082000", "comprehensiveIncomeNetOfTax": "None", "ebit": "222216000", "ebitda": "234547000", "netIncome": "330082000"}, {"fiscalDateEnding": "2021-09-30", "reportedCurrency": "USD", "grossProfit": "286441000", "totalRevenue": "334242000", "costOfRevenue": "47801000", "costofGoodsAndServicesSold": "47801000", "operatingIncome": "221305000", "sellingGeneralAndAdministrative": "36160000", "researchAndDevelopment": "19566000", "operatingExpenses": "65136000", "investmentIncomeNet": "None", "netInterestIncome": "-18718000", "interestIncome": "111000", "interestExpense": "18829000", "nonInterestIncome": "None", "otherNonOperatingIncome": "164000", "depreciation": "None", "depreciationAndAmortization": "12032000", "incomeBeforeTax": "202640000", "incomeTaxExpense": "46018000", "interestAndDebtExpense": "None", "netIncomeFromContinuingOperations": "156622000", "comprehensiveIncomeNetOfTax": "None", "ebit": "221469000", "ebitda": "233501000", "netIncome": "156622000"}, {"fiscalDateEnding": "2021-06-30", "reportedCurrency": "USD", "grossProfit": "281609000", "totalRevenue": "329405000", "costOfRevenue": "47796000", "costofGoodsAndServicesSold": "47796000", "operatingIncome": "212979000", "sellingGeneralAndAdministrative": "38601000", "researchAndDevelopment": "19808000", "operatingExpenses": "68630000", "investmentIncomeNet": "None", "netInterestIncome": "-22953000", "interestIncome": "111000", "interestExpense": "23064000", "nonInterestIncome": "None", "otherNonOperatingIncome": "-2041000", "depreciation": "None", "depreciationAndAmortization": "12003000", "incomeBeforeTax": "187874000", "incomeTaxExpense": "40102000", "interestAndDebtExpense": "None", "netIncomeFromContinuingOperations": "147772000", "comprehensiveIncomeNetOfTax": "None", "ebit": "210938000", "ebitda": "222941000", "netIncome": "147772000"}, {"fiscalDateEnding": "2021-03-31", "reportedCurrency": "USD", "grossProfit": "276653000", "totalRevenue": "323621000", "costOfRevenue": "46968000", "costofGoodsAndServicesSold": "46968000", "operatingIncome": "210407000", "sellingGeneralAndAdministrative": "37451000", "researchAndDevelopment": "20311000", "operatingExpenses": "66246000", "investmentIncomeNet": "None", "netInterestIncome": "-22318000", "interestIncome": "216000", "interestExpense": "22534000", "nonInterestIncome": "None", "otherNonOperatingIncome": "444000", "depreciation": "None", "depreciationAndAmortization": "11574000", "incomeBeforeTax": "188317000", "incomeTaxExpense": "37963000", "interestAndDebtExpense": "None", "netIncomeFromContinuingOperations": "150354000", "comprehensiveIncomeNetOfTax": "None", "ebit": "210851000", "ebitda": "222425000", "netIncome": "150354000"}, {"fiscalDateEnding": "2020-12-31", "reportedCurrency": "USD", "grossProfit": "274312000", "totalRevenue": "320284000", "costOfRevenue": "45972000", "costofGoodsAndServicesSold": "45972000", "operatingIncome": "204508000", "sellingGeneralAndAdministrative": "37494000", "researchAndDevelopment": "19403000", "operatingExpenses": "69804000", "investmentIncomeNet": "None", "netInterestIncome": "-22537000", "interestIncome": "315000", "interestExpense": "22537000", "nonInterestIncome": "None", "otherNonOperatingIncome": "925000", "depreciation": "None", "depreciationAndAmortization": "11889000", "incomeBeforeTax": "182896000", "incomeTaxExpense": "25582000", "interestAndDebtExpense": "None", "netIncomeFromContinuingOperations": "157314000", "comprehensiveIncomeNetOfTax": "None", "ebit": "205433000", "ebitda": "217322000", "netIncome": "157314000"}, {"fiscalDateEnding": "2020-09-30", "reportedCurrency": "USD", "grossProfit": "272855000", "totalRevenue": "317879000", "costOfRevenue": "45024000", "costofGoodsAndServicesSold": "45024000", "operatingIncome": "206649000", "sellingGeneralAndAdministrative": "38109000", "researchAndDevelopment": "19708000", "operatingExpenses": "66206000", "investmentIncomeNet": "None", "netInterestIncome": "-21732000", "interestIncome": "805000", "interestExpense": "22537000", "nonInterestIncome": "None", "otherNonOperatingIncome": "775000", "depreciation": "None", "depreciationAndAmortization": "11622000", "incomeBeforeTax": "184887000", "incomeTaxExpense": "13908000", "interestAndDebtExpense": "None", "netIncomeFromContinuingOperations": "170979000", "comprehensiveIncomeNetOfTax": "None", "ebit": "207424000", "ebitda": "219046000", "netIncome": "170979000"}, {"fiscalDateEnding": "2020-06-30", "reportedCurrency": "USD", "grossProfit": "270757000", "totalRevenue": "314365000", "costOfRevenue": "43608000", "costofGoodsAndServicesSold": "43608000", "operatingIncome": "206780000", "sellingGeneralAndAdministrative": "36885000", "researchAndDevelopment": "18202000", "operatingExpenses": "63977000", "investmentIncomeNet": "None", "netInterestIncome": "-20261000", "interestIncome": "2274000", "interestExpense": "22535000", "nonInterestIncome": "None", "otherNonOperatingIncome": "7403000", "depreciation": "None", "depreciationAndAmortization": "11609000", "incomeBeforeTax": "191648000", "incomeTaxExpense": "39169000", "interestAndDebtExpense": "None", "netIncomeFromContinuingOperations": "152479000", "comprehensiveIncomeNetOfTax": "None", "ebit": "214183000", "ebitda": "225792000", "netIncome": "152479000"}, {"fiscalDateEnding": "2020-03-31", "reportedCurrency": "USD", "grossProfit": "266951000", "totalRevenue": "312524000", "costOfRevenue": "45573000", "costofGoodsAndServicesSold": "45573000", "operatingIncome": "206264000", "sellingGeneralAndAdministrative": "36725000", "researchAndDevelopment": "17358000", "operatingExpenses": "60687000", "investmentIncomeNet": "None", "netInterestIncome": "-18114000", "interestIncome": "4421000", "interestExpense": "22535000", "nonInterestIncome": "None", "otherNonOperatingIncome": "7084000", "depreciation": "None", "depreciationAndAmortization": "11232000", "incomeBeforeTax": "190813000", "incomeTaxExpense": "-143303000", "interestAndDebtExpense": "None", "netIncomeFromContinuingOperations": "334116000", "comprehensiveIncomeNetOfTax": "None", "ebit": "213348000", "ebitda": "224580000", "netIncome": "334116000"}, {"fiscalDateEnding": "2019-12-31", "reportedCurrency": "USD", "grossProfit": "264089000", "totalRevenue": "310543000", "costOfRevenue": "46454000", "costofGoodsAndServicesSold": "46454000", "operatingIncome": "198566000", "sellingGeneralAndAdministrative": "36560000", "researchAndDevelopment": "15101000", "operatingExpenses": "65523000", "investmentIncomeNet": "None", "netInterestIncome": "-17161000", "interestIncome": "5551000", "interestExpense": "22712000", "nonInterestIncome": "None", "otherNonOperatingIncome": "9123000", "depreciation": "None", "depreciationAndAmortization": "12003000", "incomeBeforeTax": "184977000", "incomeTaxExpense": "36652000", "interestAndDebtExpense": "None", "netIncomeFromContinuingOperations": "148325000", "comprehensiveIncomeNetOfTax": "None", "ebit": "207689000", "ebitda": "219692000", "netIncome": "148325000"}, {"fiscalDateEnding": "2019-09-30", "reportedCurrency": "USD", "grossProfit": "263978000", "totalRevenue": "308421000", "costOfRevenue": "44443000", "costofGoodsAndServicesSold": "44443000", "operatingIncome": "205616000", "sellingGeneralAndAdministrative": "33886000", "researchAndDevelopment": "14619000", "operatingExpenses": "58362000", "investmentIncomeNet": "None", "netInterestIncome": "-16176000", "interestIncome": "6457000", "interestExpense": "22633000", "nonInterestIncome": "None", "otherNonOperatingIncome": "10498000", "depreciation": "None", "depreciationAndAmortization": "11443000", "incomeBeforeTax": "193481000", "incomeTaxExpense": "39568000", "interestAndDebtExpense": "None", "netIncomeFromContinuingOperations": "153913000", "comprehensiveIncomeNetOfTax": "None", "ebit": "216114000", "ebitda": "227557000", "netIncome": "153913000"}, {"fiscalDateEnding": "2019-06-30", "reportedCurrency": "USD", "grossProfit": "262223000", "totalRevenue": "306289000", "costOfRevenue": "44066000", "costofGoodsAndServicesSold": "44066000", "operatingIncome": "201693000", "sellingGeneralAndAdministrative": "33178000", "researchAndDevelopment": "14953000", "operatingExpenses": "60530000", "investmentIncomeNet": "None", "netInterestIncome": "-15407000", "interestIncome": "7228000", "interestExpense": "22635000", "nonInterestIncome": "None", "otherNonOperatingIncome": "11436000", "depreciation": "None", "depreciationAndAmortization": "11291000", "incomeBeforeTax": "190494000", "incomeTaxExpense": "42960000", "interestAndDebtExpense": "None", "netIncomeFromContinuingOperations": "147534000", "comprehensiveIncomeNetOfTax": "None", "ebit": "213129000", "ebitda": "224420000", "netIncome": "147534000"}, {"fiscalDateEnding": "2019-03-31", "reportedCurrency": "USD", "grossProfit": "260904000", "totalRevenue": "306408000", "costOfRevenue": "45504000", "costofGoodsAndServicesSold": "45504000", "operatingIncome": "200252000", "sellingGeneralAndAdministrative": "34001000", "researchAndDevelopment": "16132000", "operatingExpenses": "60652000", "investmentIncomeNet": "None", "netInterestIncome": "-15271000", "interestIncome": "7360000", "interestExpense": "22631000", "nonInterestIncome": "None", "otherNonOperatingIncome": "12203000", "depreciation": "None", "depreciationAndAmortization": "11593000", "incomeBeforeTax": "189824000", "incomeTaxExpense": "27297000", "interestAndDebtExpense": "None", "netIncomeFromContinuingOperations": "162527000", "comprehensiveIncomeNetOfTax": "None", "ebit": "212455000", "ebitda": "224048000", "netIncome": "162527000"}, {"fiscalDateEnding": "2018-12-31", "reportedCurrency": "USD", "grossProfit": "259084000", "totalRevenue": "307452000", "costOfRevenue": "48368000", "costofGoodsAndServicesSold": "48368000", "operatingIncome": "193966000", "sellingGeneralAndAdministrative": "32897000", "researchAndDevelopment": "15042000", "operatingExpenses": "65118000", "investmentIncomeNet": "None", "netInterestIncome": "None", "interestIncome": "None", "interestExpense": "22634000", "nonInterestIncome": "None", "otherNonOperatingIncome": "62570000", "depreciation": "None", "depreciationAndAmortization": "11917000", "incomeBeforeTax": "233902000", "incomeTaxExpense": "51707000", "interestAndDebtExpense": "None", "netIncomeFromContinuingOperations": "182195000", "comprehensiveIncomeNetOfTax": "None", "ebit": "256536000", "ebitda": "268453000", "netIncome": "182195000"}, {"fiscalDateEnding": "2018-09-30", "reportedCurrency": "USD", "grossProfit": "257528000", "totalRevenue": "305777000", "costOfRevenue": "48249000", "costofGoodsAndServicesSold": "48249000", "operatingIncome": "194997000", "sellingGeneralAndAdministrative": "34951000", "researchAndDevelopment": "13712000", "operatingExpenses": "62531000", "investmentIncomeNet": "None", "netInterestIncome": "None", "interestIncome": "None", "interestExpense": "22631000", "nonInterestIncome": "None", "otherNonOperatingIncome": "5935000", "depreciation": "None", "depreciationAndAmortization": "12255000", "incomeBeforeTax": "178301000", "incomeTaxExpense": "40621000", "interestAndDebtExpense": "None", "netIncomeFromContinuingOperations": "137680000", "comprehensiveIncomeNetOfTax": "None", "ebit": "200932000", "ebitda": "213187000", "netIncome": "137680000"}, {"fiscalDateEnding": "2018-06-30", "reportedCurrency": "USD", "grossProfit": "255087000", "totalRevenue": "302452000", "costOfRevenue": "47365000", "costofGoodsAndServicesSold": "47365000", "operatingIncome": "193010000", "sellingGeneralAndAdministrative": "31753000", "researchAndDevelopment": "13755000", "operatingExpenses": "62077000", "investmentIncomeNet": "None", "netInterestIncome": "None", "interestIncome": "None", "interestExpense": "28792000", "nonInterestIncome": "None", "otherNonOperatingIncome": "660000", "depreciation": "None", "depreciationAndAmortization": "12078000", "incomeBeforeTax": "164878000", "incomeTaxExpense": "36527000", "interestAndDebtExpense": "None", "netIncomeFromContinuingOperations": "128351000", "comprehensiveIncomeNetOfTax": "None", "ebit": "193670000", "ebitda": "205748000", "netIncome": "128351000"}, {"fiscalDateEnding": "2018-03-31", "reportedCurrency": "USD", "grossProfit": "251136000", "totalRevenue": "299288000", "costOfRevenue": "48152000", "costofGoodsAndServicesSold": "48152000", "operatingIncome": "185419000", "sellingGeneralAndAdministrative": "33067000", "researchAndDevelopment": "15375000", "operatingExpenses": "65717000", "investmentIncomeNet": "None", "netInterestIncome": "None", "interestIncome": "None", "interestExpense": "40788000", "nonInterestIncome": "None", "otherNonOperatingIncome": "7804000", "depreciation": "None", "depreciationAndAmortization": "12117000", "incomeBeforeTax": "152435000", "incomeTaxExpense": "18172000", "interestAndDebtExpense": "None", "netIncomeFromContinuingOperations": "134263000", "comprehensiveIncomeNetOfTax": "None", "ebit": "193223000", "ebitda": "205340000", "netIncome": "134263000"}, {"fiscalDateEnding": "2017-12-31", "reportedCurrency": "USD", "grossProfit": "247821000", "totalRevenue": "295501000", "costOfRevenue": "47680000", "costofGoodsAndServicesSold": "47680000", "operatingIncome": "176432000", "sellingGeneralAndAdministrative": "33128000", "researchAndDevelopment": "12773000", "operatingExpenses": "71389000", "investmentIncomeNet": "None", "netInterestIncome": "None", "interestIncome": "None", "interestExpense": "40467000", "nonInterestIncome": "None", "otherNonOperatingIncome": "None", "depreciation": "None", "depreciationAndAmortization": "12213000", "incomeBeforeTax": "142047000", "incomeTaxExpense": "39210000", "interestAndDebtExpense": "None", "netIncomeFromContinuingOperations": "472137000", "comprehensiveIncomeNetOfTax": "None", "ebit": "182514000", "ebitda": "194727000", "netIncome": "102837000"}, {"fiscalDateEnding": "2017-09-30", "reportedCurrency": "USD", "grossProfit": "245095000", "totalRevenue": "292428000", "costOfRevenue": "47333000", "costofGoodsAndServicesSold": "47333000", "operatingIncome": "181059000", "sellingGeneralAndAdministrative": "32654000", "researchAndDevelopment": "12715000", "operatingExpenses": "64036000", "investmentIncomeNet": "None", "netInterestIncome": "None", "interestIncome": "None", "interestExpense": "37756000", "nonInterestIncome": "None", "otherNonOperatingIncome": "6241000", "depreciation": "None", "depreciationAndAmortization": "12493000", "incomeBeforeTax": "149544000", "incomeTaxExpense": "34645000", "interestAndDebtExpense": "None", "netIncomeFromContinuingOperations": "114899000", "comprehensiveIncomeNetOfTax": "None", "ebit": "187300000", "ebitda": "199793000", "netIncome": "114899000"}, {"fiscalDateEnding": "2017-06-30", "reportedCurrency": "USD", "grossProfit": "240908000", "totalRevenue": "288552000", "costOfRevenue": "47644000", "costofGoodsAndServicesSold": "47644000", "operatingIncome": "174960000", "sellingGeneralAndAdministrative": "32964000", "researchAndDevelopment": "13510000", "operatingExpenses": "65948000", "investmentIncomeNet": "None", "netInterestIncome": "None", "interestIncome": "None", "interestExpense": "29090000", "nonInterestIncome": "None", "otherNonOperatingIncome": "14002000", "depreciation": "None", "depreciationAndAmortization": "12070000", "incomeBeforeTax": "159872000", "incomeTaxExpense": "36772000", "interestAndDebtExpense": "None", "netIncomeFromContinuingOperations": "123100000", "comprehensiveIncomeNetOfTax": "None", "ebit": "188962000", "ebitda": "201032000", "netIncome": "123100000"}, {"fiscalDateEnding": "2017-03-31", "reportedCurrency": "USD", "grossProfit": "237945000", "totalRevenue": "288614000", "costOfRevenue": "50669000", "costofGoodsAndServicesSold": "50669000", "operatingIncome": "175271000", "sellingGeneralAndAdministrative": "31008000", "researchAndDevelopment": "13344000", "operatingExpenses": "62674000", "investmentIncomeNet": "None", "netInterestIncome": "None", "interestIncome": "None", "interestExpense": "29023000", "nonInterestIncome": "None", "otherNonOperatingIncome": "1301000", "depreciation": "None", "depreciationAndAmortization": "13102000", "incomeBeforeTax": "147549000", "incomeTaxExpense": "31137000", "interestAndDebtExpense": "None", "netIncomeFromContinuingOperations": "116412000", "comprehensiveIncomeNetOfTax": "None", "ebit": "176572000", "ebitda": "189674000", "netIncome": "116412000"}, {"fiscalDateEnding": "2016-12-31", "reportedCurrency": "USD", "grossProfit": "237171000", "totalRevenue": "286271000", "costOfRevenue": "49100000", "costofGoodsAndServicesSold": "49100000", "operatingIncome": "168762000", "sellingGeneralAndAdministrative": "32845000", "researchAndDevelopment": "13745000", "operatingExpenses": "68409000", "investmentIncomeNet": "None", "netInterestIncome": "None", "interestIncome": "None", "interestExpense": "28982000", "nonInterestIncome": "None", "otherNonOperatingIncome": "None", "depreciation": "None", "depreciationAndAmortization": "14053000", "incomeBeforeTax": "141853000", "incomeTaxExpense": "36301000", "interestAndDebtExpense": "None", "netIncomeFromContinuingOperations": "552638000", "comprehensiveIncomeNetOfTax": "None", "ebit": "170835000", "ebitda": "184888000", "netIncome": "105552000"}, {"fiscalDateEnding": "2016-09-30", "reportedCurrency": "USD", "grossProfit": "237747000", "totalRevenue": "287554000", "costOfRevenue": "49807000", "costofGoodsAndServicesSold": "49807000", "operatingIncome": "174776000", "sellingGeneralAndAdministrative": "30000000", "researchAndDevelopment": "14324000", "operatingExpenses": "62971000", "investmentIncomeNet": "None", "netInterestIncome": "None", "interestIncome": "None", "interestExpense": "28919000", "nonInterestIncome": "None", "otherNonOperatingIncome": "3262000", "depreciation": "None", "depreciationAndAmortization": "14697000", "incomeBeforeTax": "149119000", "incomeTaxExpense": "34692000", "interestAndDebtExpense": "None", "netIncomeFromContinuingOperations": "114427000", "comprehensiveIncomeNetOfTax": "None", "ebit": "178038000", "ebitda": "192735000", "netIncome": "114427000"}, {"fiscalDateEnding": "2016-06-30", "reportedCurrency": "USD", "grossProfit": "237713000", "totalRevenue": "286466000", "costOfRevenue": "48753000", "costofGoodsAndServicesSold": "48753000", "operatingIncome": "176267000", "sellingGeneralAndAdministrative": "27401000", "researchAndDevelopment": "14288000", "operatingExpenses": "61446000", "investmentIncomeNet": "None", "netInterestIncome": "None", "interestIncome": "None", "interestExpense": "28859000", "nonInterestIncome": "None", "otherNonOperatingIncome": "1709000", "depreciation": "None", "depreciationAndAmortization": "14550000", "incomeBeforeTax": "149117000", "incomeTaxExpense": "35907000", "interestAndDebtExpense": "None", "netIncomeFromContinuingOperations": "113210000", "comprehensiveIncomeNetOfTax": "None", "ebit": "177251000", "ebitda": "191801000", "netIncome": "113210000"}, {"fiscalDateEnding": "2016-03-31", "reportedCurrency": "USD", "grossProfit": "231294000", "totalRevenue": "281876000", "costOfRevenue": "50582000", "costofGoodsAndServicesSold": "50582000", "operatingIncome": "166767000", "sellingGeneralAndAdministrative": "27757000", "researchAndDevelopment": "16743000", "operatingExpenses": "64527000", "investmentIncomeNet": "None", "netInterestIncome": "None", "interestIncome": "None", "interestExpense": "28804000", "nonInterestIncome": "None", "otherNonOperatingIncome": "3121000", "depreciation": "None", "depreciationAndAmortization": "14867000", "incomeBeforeTax": "141084000", "incomeTaxExpense": "33628000", "interestAndDebtExpense": "None", "netIncomeFromContinuingOperations": "107456000", "comprehensiveIncomeNetOfTax": "None", "ebit": "169888000", "ebitda": "184755000", "netIncome": "107456000"}, {"fiscalDateEnding": "2015-12-31", "reportedCurrency": "USD", "grossProfit": "223629000", "totalRevenue": "272625000", "costOfRevenue": "48996000", "costofGoodsAndServicesSold": "48996000", "operatingIncome": "158282000", "sellingGeneralAndAdministrative": "27640000", "researchAndDevelopment": "15200000", "operatingExpenses": "65347000", "investmentIncomeNet": "None", "netInterestIncome": "None", "interestIncome": "None", "interestExpense": "28567000", "nonInterestIncome": "None", "otherNonOperatingIncome": "None", "depreciation": "None", "depreciationAndAmortization": "14937000", "incomeBeforeTax": "125379000", "incomeTaxExpense": "23849000", "interestAndDebtExpense": "None", "netIncomeFromContinuingOperations": "375236000", "comprehensiveIncomeNetOfTax": "None", "ebit": "153946000", "ebitda": "168883000", "netIncome": "101530000"}, {"fiscalDateEnding": "2015-09-30", "reportedCurrency": "USD", "grossProfit": "218562000", "totalRevenue": "265780000", "costOfRevenue": "47218000", "costofGoodsAndServicesSold": "47218000", "operatingIncome": "154462000", "sellingGeneralAndAdministrative": "28115000", "researchAndDevelopment": "15019000", "operatingExpenses": "64100000", "investmentIncomeNet": "None", "netInterestIncome": "None", "interestIncome": "None", "interestExpense": "28544000", "nonInterestIncome": "None", "otherNonOperatingIncome": "-3975000", "depreciation": "None", "depreciationAndAmortization": "14934000", "incomeBeforeTax": "121943000", "incomeTaxExpense": "29486000", "interestAndDebtExpense": "None", "netIncomeFromContinuingOperations": "92457000", "comprehensiveIncomeNetOfTax": "None", "ebit": "155234000", "ebitda": "170168000", "netIncome": "92457000"}, {"fiscalDateEnding": "2015-06-30", "reportedCurrency": "USD", "grossProfit": "214318000", "totalRevenue": "262539000", "costOfRevenue": "48221000", "costofGoodsAndServicesSold": "48221000", "operatingIncome": "148965000", "sellingGeneralAndAdministrative": "24677000", "researchAndDevelopment": "16347000", "operatingExpenses": "65353000", "investmentIncomeNet": "None", "netInterestIncome": "None", "interestIncome": "None", "interestExpense": "28503000", "nonInterestIncome": "None", "otherNonOperatingIncome": "3201000", "depreciation": "None", "depreciationAndAmortization": "15873000", "incomeBeforeTax": "123663000", "incomeTaxExpense": "30652000", "interestAndDebtExpense": "None", "netIncomeFromContinuingOperations": "93011000", "comprehensiveIncomeNetOfTax": "None", "ebit": "152166000", "ebitda": "168039000", "netIncome": "93011000"}, {"fiscalDateEnding": "2015-03-31", "reportedCurrency": "USD", "grossProfit": "210069000", "totalRevenue": "258422000", "costOfRevenue": "48353000", "costofGoodsAndServicesSold": "48353000", "operatingIncome": "144237000", "sellingGeneralAndAdministrative": "26298000", "researchAndDevelopment": "17152000", "operatingExpenses": "65832000", "investmentIncomeNet": "None", "netInterestIncome": "None", "interestIncome": "None", "interestExpense": "22017000", "nonInterestIncome": "None", "otherNonOperatingIncome": "-5555000", "depreciation": "None", "depreciationAndAmortization": "15747000", "incomeBeforeTax": "116665000", "incomeTaxExpense": "28427000", "interestAndDebtExpense": "None", "netIncomeFromContinuingOperations": "88238000", "comprehensiveIncomeNetOfTax": "None", "ebit": "145701000", "ebitda": "161448000", "netIncome": "88238000"}, {"fiscalDateEnding": "2014-12-31", "reportedCurrency": "USD", "grossProfit": "208440000", "totalRevenue": "255917000", "costOfRevenue": "47477000", "costofGoodsAndServicesSold": "47477000", "operatingIncome": "142221000", "sellingGeneralAndAdministrative": "25138000", "researchAndDevelopment": "17324000", "operatingExpenses": "66219000", "investmentIncomeNet": "None", "netInterestIncome": "None", "interestIncome": "None", "interestExpense": "21586000", "nonInterestIncome": "None", "otherNonOperatingIncome": "None", "depreciation": "None", "depreciationAndAmortization": "15766000", "incomeBeforeTax": "120476000", "incomeTaxExpense": "55004000", "interestAndDebtExpense": "None", "netIncomeFromContinuingOperations": "355260000", "comprehensiveIncomeNetOfTax": "None", "ebit": "142062000", "ebitda": "157828000", "netIncome": "65472000"}, {"fiscalDateEnding": "2014-09-30", "reportedCurrency": "USD", "grossProfit": "208089000", "totalRevenue": "255022000", "costOfRevenue": "46933000", "costofGoodsAndServicesSold": "46933000", "operatingIncome": "139500000", "sellingGeneralAndAdministrative": "27965000", "researchAndDevelopment": "16320000", "operatingExpenses": "68589000", "investmentIncomeNet": "None", "netInterestIncome": "None", "interestIncome": "None", "interestExpense": "21533000", "nonInterestIncome": "None", "otherNonOperatingIncome": "-6473000", "depreciation": "None", "depreciationAndAmortization": "15809000", "incomeBeforeTax": "111494000", "incomeTaxExpense": "16305000", "interestAndDebtExpense": "None", "netIncomeFromContinuingOperations": "95189000", "comprehensiveIncomeNetOfTax": "None", "ebit": "133027000", "ebitda": "148836000", "netIncome": "95189000"}, {"fiscalDateEnding": "2014-06-30", "reportedCurrency": "USD", "grossProfit": "204393000", "totalRevenue": "250382000", "costOfRevenue": "45989000", "costofGoodsAndServicesSold": "45989000", "operatingIncome": "143121000", "sellingGeneralAndAdministrative": "21927000", "researchAndDevelopment": "15694000", "operatingExpenses": "61272000", "investmentIncomeNet": "None", "netInterestIncome": "None", "interestIncome": "None", "interestExpense": "21490000", "nonInterestIncome": "None", "otherNonOperatingIncome": "4994000", "depreciation": "None", "depreciationAndAmortization": "16107000", "incomeBeforeTax": "126625000", "incomeTaxExpense": "26449000", "interestAndDebtExpense": "None", "netIncomeFromContinuingOperations": "100176000", "comprehensiveIncomeNetOfTax": "None", "ebit": "148115000", "ebitda": "164222000", "netIncome": "100176000"}, {"fiscalDateEnding": "2014-03-31", "reportedCurrency": "USD", "grossProfit": "200770000", "totalRevenue": "248796000", "costOfRevenue": "48026000", "costofGoodsAndServicesSold": "48026000", "operatingIncome": "139585000", "sellingGeneralAndAdministrative": "22457000", "researchAndDevelopment": "18439000", "operatingExpenses": "61185000", "investmentIncomeNet": "None", "netInterestIncome": "None", "interestIncome": "None", "interestExpense": "21385000", "nonInterestIncome": "None", "otherNonOperatingIncome": "6516000", "depreciation": "None", "depreciationAndAmortization": "16008000", "incomeBeforeTax": "124716000", "incomeTaxExpense": "30293000", "interestAndDebtExpense": "None", "netIncomeFromContinuingOperations": "94423000", "comprehensiveIncomeNetOfTax": "None", "ebit": "146101000", "ebitda": "162109000", "netIncome": "94423000"}, {"fiscalDateEnding": "2013-12-31", "reportedCurrency": "USD", "grossProfit": "199055000", "totalRevenue": "245630000", "costOfRevenue": "46575000", "costofGoodsAndServicesSold": "46575000", "operatingIncome": "130174000", "sellingGeneralAndAdministrative": "26051000", "researchAndDevelopment": "17766000", "operatingExpenses": "68881000", "investmentIncomeNet": "None", "netInterestIncome": "None", "interestIncome": "None", "interestExpense": "21237000", "nonInterestIncome": "None", "otherNonOperatingIncome": "None", "depreciation": "None", "depreciationAndAmortization": "15240000", "incomeBeforeTax": "116445000", "incomeTaxExpense": "-175704000", "interestAndDebtExpense": "None", "netIncomeFromContinuingOperations": "0", "comprehensiveIncomeNetOfTax": "None", "ebit": "137682000", "ebitda": "152922000", "netIncome": "292149000"}, {"fiscalDateEnding": "2013-09-30", "reportedCurrency": "USD", "grossProfit": "197124000", "totalRevenue": "243678000", "costOfRevenue": "46554000", "costofGoodsAndServicesSold": "46554000", "operatingIncome": "132713000", "sellingGeneralAndAdministrative": "24055000", "researchAndDevelopment": "17456000", "operatingExpenses": "64411000", "investmentIncomeNet": "None", "netInterestIncome": "None", "interestIncome": "None", "interestExpense": "21119000", "nonInterestIncome": "None", "otherNonOperatingIncome": "-4592000", "depreciation": "None", "depreciationAndAmortization": "14889000", "incomeBeforeTax": "107002000", "incomeTaxExpense": "26104000", "interestAndDebtExpense": "None", "netIncomeFromContinuingOperations": "80898000", "comprehensiveIncomeNetOfTax": "None", "ebit": "128121000", "ebitda": "143010000", "netIncome": "80898000"}, {"fiscalDateEnding": "2013-06-30", "reportedCurrency": "USD", "grossProfit": "192702000", "totalRevenue": "239332000", "costOfRevenue": "46630000", "costofGoodsAndServicesSold": "46630000", "operatingIncome": "132081000", "sellingGeneralAndAdministrative": "20453000", "researchAndDevelopment": "16899000", "operatingExpenses": "60621000", "investmentIncomeNet": "None", "netInterestIncome": "None", "interestIncome": "None", "interestExpense": "19809000", "nonInterestIncome": "None", "otherNonOperatingIncome": "6161000", "depreciation": "None", "depreciationAndAmortization": "15408000", "incomeBeforeTax": "118433000", "incomeTaxExpense": "31543000", "interestAndDebtExpense": "None", "netIncomeFromContinuingOperations": "86890000", "comprehensiveIncomeNetOfTax": "None", "ebit": "138242000", "ebitda": "153650000", "netIncome": "86890000"}, {"fiscalDateEnding": "2013-03-31", "reportedCurrency": "USD", "grossProfit": "189193000", "totalRevenue": "236447000", "costOfRevenue": "47254000", "costofGoodsAndServicesSold": "47254000", "operatingIncome": "133264000", "sellingGeneralAndAdministrative": "19649000", "researchAndDevelopment": "18176000", "operatingExpenses": "55929000", "investmentIncomeNet": "None", "netInterestIncome": "None", "interestIncome": "None", "interestExpense": "12596000", "nonInterestIncome": "None", "otherNonOperatingIncome": "-5777000", "depreciation": "None", "depreciationAndAmortization": "15118000", "incomeBeforeTax": "114891000", "incomeTaxExpense": "30378000", "interestAndDebtExpense": "None", "netIncomeFromContinuingOperations": "84513000", "comprehensiveIncomeNetOfTax": "None", "ebit": "133920000", "ebitda": "149038000", "netIncome": "84513000"}, {"fiscalDateEnding": "2012-12-31", "reportedCurrency": "USD", "grossProfit": "188156000", "totalRevenue": "230196000", "costOfRevenue": "42040000", "costofGoodsAndServicesSold": "42040000", "operatingIncome": "135355000", "sellingGeneralAndAdministrative": "16024000", "researchAndDevelopment": "16059000", "operatingExpenses": "52836000", "investmentIncomeNet": "None", "netInterestIncome": "None", "interestIncome": "None", "interestExpense": "12657000", "nonInterestIncome": "None", "otherNonOperatingIncome": "None", "depreciation": "None", "depreciationAndAmortization": "15167000", "incomeBeforeTax": "131294000", "incomeTaxExpense": "30205000", "interestAndDebtExpense": "None", "netIncomeFromContinuingOperations": "0", "comprehensiveIncomeNetOfTax": "None", "ebit": "128749000", "ebitda": "143916000", "netIncome": "105641000"}, {"fiscalDateEnding": "2012-09-30", "reportedCurrency": "USD", "grossProfit": "182068000", "totalRevenue": "223528000", "costOfRevenue": "41460000", "costofGoodsAndServicesSold": "41460000", "operatingIncome": "116062000", "sellingGeneralAndAdministrative": "27669000", "researchAndDevelopment": "15409000", "operatingExpenses": "66006000", "investmentIncomeNet": "None", "netInterestIncome": "None", "interestIncome": "None", "interestExpense": "12619000", "nonInterestIncome": "None", "otherNonOperatingIncome": "-1742000", "depreciation": "None", "depreciationAndAmortization": "13379000", "incomeBeforeTax": "101701000", "incomeTaxExpense": "24882000", "interestAndDebtExpense": "None", "netIncomeFromContinuingOperations": "76819000", "comprehensiveIncomeNetOfTax": "None", "ebit": "114320000", "ebitda": "127699000", "netIncome": "77910000"}, {"fiscalDateEnding": "2012-06-30", "reportedCurrency": "USD", "grossProfit": "171298000", "totalRevenue": "214142000", "costOfRevenue": "42844000", "costofGoodsAndServicesSold": "42844000", "operatingIncome": "106980000", "sellingGeneralAndAdministrative": "22726000", "researchAndDevelopment": "15461000", "operatingExpenses": "64500000", "investmentIncomeNet": "None", "netInterestIncome": "None", "interestIncome": "None", "interestExpense": "12580000", "nonInterestIncome": "None", "otherNonOperatingIncome": "-2097000", "depreciation": "None", "depreciationAndAmortization": "13532000", "incomeBeforeTax": "92303000", "incomeTaxExpense": "23831000", "interestAndDebtExpense": "None", "netIncomeFromContinuingOperations": "68472000", "comprehensiveIncomeNetOfTax": "None", "ebit": "104883000", "ebitda": "118415000", "netIncome": "68472000"}, {"fiscalDateEnding": "2012-03-31", "reportedCurrency": "USD", "grossProfit": "164470000", "totalRevenue": "205726000", "costOfRevenue": "41256000", "costofGoodsAndServicesSold": "41256000", "operatingIncome": "98930000", "sellingGeneralAndAdministrative": "23508000", "researchAndDevelopment": "14765000", "operatingExpenses": "66088000", "investmentIncomeNet": "None", "netInterestIncome": "None", "interestIncome": "None", "interestExpense": "12340000", "nonInterestIncome": "None", "otherNonOperatingIncome": "807000", "depreciation": "None", "depreciationAndAmortization": "12741000", "incomeBeforeTax": "87397000", "incomeTaxExpense": "21292000", "interestAndDebtExpense": "None", "netIncomeFromContinuingOperations": "66105000", "comprehensiveIncomeNetOfTax": "None", "ebit": "99737000", "ebitda": "112478000", "netIncome": "68009000"}, {"fiscalDateEnding": "2011-12-31", "reportedCurrency": "USD", "grossProfit": "161630000", "totalRevenue": "203646000", "costOfRevenue": "42016000", "costofGoodsAndServicesSold": "42016000", "operatingIncome": "92873000", "sellingGeneralAndAdministrative": "24512000", "researchAndDevelopment": "13121000", "operatingExpenses": "65405000", "investmentIncomeNet": "None", "netInterestIncome": "None", "interestIncome": "None", "interestExpense": "11859000", "nonInterestIncome": "None", "otherNonOperatingIncome": "-3688000", "depreciation": "None", "depreciationAndAmortization": "14251000", "incomeBeforeTax": "77326000", "incomeTaxExpense": "31997000", "interestAndDebtExpense": "None", "netIncomeFromContinuingOperations": "45329000", "comprehensiveIncomeNetOfTax": "None", "ebit": "89185000", "ebitda": "103436000", "netIncome": "53814000"}, {"fiscalDateEnding": "2011-09-30", "reportedCurrency": "USD", "grossProfit": "155271000", "totalRevenue": "196965000", "costOfRevenue": "41694000", "costofGoodsAndServicesSold": "41694000", "operatingIncome": "88947000", "sellingGeneralAndAdministrative": "24775000", "researchAndDevelopment": "13488000", "operatingExpenses": "63353000", "investmentIncomeNet": "None", "netInterestIncome": "None", "interestIncome": "None", "interestExpense": "11797000", "nonInterestIncome": "None", "otherNonOperatingIncome": "3591000", "depreciation": "None", "depreciationAndAmortization": "13813000", "incomeBeforeTax": "80741000", "incomeTaxExpense": "22126000", "interestAndDebtExpense": "None", "netIncomeFromContinuingOperations": "58615000", "comprehensiveIncomeNetOfTax": "None", "ebit": "92538000", "ebitda": "106351000", "netIncome": "58916000"}, {"fiscalDateEnding": "2011-06-30", "reportedCurrency": "USD", "grossProfit": "149177000", "totalRevenue": "189844000", "costOfRevenue": "40667000", "costofGoodsAndServicesSold": "40667000", "operatingIncome": "82059000", "sellingGeneralAndAdministrative": "28206000", "researchAndDevelopment": "13074000", "operatingExpenses": "63459000", "investmentIncomeNet": "None", "netInterestIncome": "None", "interestIncome": "None", "interestExpense": "111856000", "nonInterestIncome": "None", "otherNonOperatingIncome": "6149000", "depreciation": "None", "depreciationAndAmortization": "13674000", "incomeBeforeTax": "-23648000", "incomeTaxExpense": "-15967000", "interestAndDebtExpense": "None", "netIncomeFromContinuingOperations": "-7681000", "comprehensiveIncomeNetOfTax": "None", "ebit": "88208000", "ebitda": "101882000", "netIncome": "-10610000"}, {"fiscalDateEnding": "2011-03-31", "reportedCurrency": "USD", "grossProfit": "140654000", "totalRevenue": "181523000", "costOfRevenue": "40869000", "costofGoodsAndServicesSold": "40869000", "operatingIncome": "65510000", "sellingGeneralAndAdministrative": "33629000", "researchAndDevelopment": "13594000", "operatingExpenses": "69614000", "investmentIncomeNet": "None", "netInterestIncome": "None", "interestIncome": "None", "interestExpense": "11820000", "nonInterestIncome": "None", "otherNonOperatingIncome": "5478000", "depreciation": "None", "depreciationAndAmortization": "13968000", "incomeBeforeTax": "59168000", "incomeTaxExpense": "16875000", "interestAndDebtExpense": "None", "netIncomeFromContinuingOperations": "42293000", "comprehensiveIncomeNetOfTax": "None", "ebit": "70988000", "ebitda": "84956000", "netIncome": "40771000"}, {"fiscalDateEnding": "2010-12-31", "reportedCurrency": "USD", "grossProfit": "140663000", "totalRevenue": "176751000", "costOfRevenue": "36088000", "costofGoodsAndServicesSold": "36088000", "operatingIncome": "68620000", "sellingGeneralAndAdministrative": "36080000", "researchAndDevelopment": "12933000", "operatingExpenses": "69323000", "investmentIncomeNet": "None", "netInterestIncome": "None", "interestIncome": "None", "interestExpense": "121563000", "nonInterestIncome": "None", "otherNonOperatingIncome": "43287000", "depreciation": "None", "depreciationAndAmortization": "14276000", "incomeBeforeTax": "-45533000", "incomeTaxExpense": "-14776000", "interestAndDebtExpense": "None", "netIncomeFromContinuingOperations": "-54983000", "comprehensiveIncomeNetOfTax": "None", "ebit": "76030000", "ebitda": "90306000", "netIncome": "-40505000"}, {"fiscalDateEnding": "2010-09-30", "reportedCurrency": "USD", "grossProfit": "132383000", "totalRevenue": "172649000", "costOfRevenue": "40266000", "costofGoodsAndServicesSold": "40266000", "operatingIncome": "59449000", "sellingGeneralAndAdministrative": "33644000", "researchAndDevelopment": "14537000", "operatingExpenses": "66631000", "investmentIncomeNet": "None", "netInterestIncome": "None", "interestIncome": "None", "interestExpense": "12140000", "nonInterestIncome": "None", "otherNonOperatingIncome": "-7500000", "depreciation": "None", "depreciationAndAmortization": "13573000", "incomeBeforeTax": "51949000", "incomeTaxExpense": "7193000", "interestAndDebtExpense": "None", "netIncomeFromContinuingOperations": "44756000", "comprehensiveIncomeNetOfTax": "None", "ebit": "64512000", "ebitda": "78085000", "netIncome": "784903000"}, {"fiscalDateEnding": "2010-06-30", "reportedCurrency": "USD", "grossProfit": "128094000", "totalRevenue": "168684000", "costOfRevenue": "40590000", "costofGoodsAndServicesSold": "40590000", "operatingIncome": "50592000", "sellingGeneralAndAdministrative": "32957000", "researchAndDevelopment": "13824000", "operatingExpenses": "69963000", "investmentIncomeNet": "None", "netInterestIncome": "None", "interestIncome": "None", "interestExpense": "11966000", "nonInterestIncome": "None", "otherNonOperatingIncome": "-8116000", "depreciation": "None", "depreciationAndAmortization": "17901000", "incomeBeforeTax": "42476000", "incomeTaxExpense": "16211000", "interestAndDebtExpense": "None", "netIncomeFromContinuingOperations": "26265000", "comprehensiveIncomeNetOfTax": "None", "ebit": "54672000", "ebitda": "72573000", "netIncome": "35213000"}, {"fiscalDateEnding": "2010-03-31", "reportedCurrency": "USD", "grossProfit": "204673000", "totalRevenue": "264402000", "costOfRevenue": "59729000", "costofGoodsAndServicesSold": "59729000", "operatingIncome": "88725000", "sellingGeneralAndAdministrative": "43755000", "researchAndDevelopment": "20382000", "operatingExpenses": "115585000", "investmentIncomeNet": "None", "netInterestIncome": "None", "interestIncome": "None", "interestExpense": "11998000", "nonInterestIncome": "None", "otherNonOperatingIncome": "-6933000", "depreciation": "None", "depreciationAndAmortization": "21905000", "incomeBeforeTax": "81792000", "incomeTaxExpense": "27798000", "interestAndDebtExpense": "None", "netIncomeFromContinuingOperations": "53994000", "comprehensiveIncomeNetOfTax": "None", "ebit": "58931000", "ebitda": "80836000", "netIncome": "51356000"}, {"fiscalDateEnding": "2009-12-31", "reportedCurrency": "USD", "grossProfit": "189634000", "totalRevenue": "261010000", "costOfRevenue": "71376000", "costofGoodsAndServicesSold": "71376000", "operatingIncome": "79743000", "sellingGeneralAndAdministrative": "47271000", "researchAndDevelopment": "10584000", "operatingExpenses": "109348000", "investmentIncomeNet": "None", "netInterestIncome": "None", "interestIncome": "None", "interestExpense": "11874000", "nonInterestIncome": "None", "otherNonOperatingIncome": "None", "depreciation": "None", "depreciationAndAmortization": "24551000", "incomeBeforeTax": "70534000", "incomeTaxExpense": "8892000", "interestAndDebtExpense": "None", "netIncomeFromContinuingOperations": "0", "comprehensiveIncomeNetOfTax": "None", "ebit": "82408000", "ebitda": "106959000", "netIncome": "92048000"}, {"fiscalDateEnding": "2009-09-30", "reportedCurrency": "USD", "grossProfit": "201259000", "totalRevenue": "257995000", "costOfRevenue": "56736000", "costofGoodsAndServicesSold": "56736000", "operatingIncome": "75130000", "sellingGeneralAndAdministrative": "42634000", "researchAndDevelopment": "24940000", "operatingExpenses": "115701000", "investmentIncomeNet": "None", "netInterestIncome": "None", "interestIncome": "None", "interestExpense": "11867000", "nonInterestIncome": "None", "otherNonOperatingIncome": "-8669000", "depreciation": "None", "depreciationAndAmortization": "3112000", "incomeBeforeTax": "66461000", "incomeTaxExpense": "18111000", "interestAndDebtExpense": "None", "netIncomeFromContinuingOperations": "48350000", "comprehensiveIncomeNetOfTax": "None", "ebit": "54104000", "ebitda": "57216000", "netIncome": "53611000"}, {"fiscalDateEnding": "2009-06-30", "reportedCurrency": "USD", "grossProfit": "199143000", "totalRevenue": "256619000", "costOfRevenue": "57476000", "costofGoodsAndServicesSold": "57476000", "operatingIncome": "84140000", "sellingGeneralAndAdministrative": "42939000", "researchAndDevelopment": "23234000", "operatingExpenses": "114533000", "investmentIncomeNet": "None", "netInterestIncome": "None", "interestIncome": "None", "interestExpense": "11805000", "nonInterestIncome": "None", "otherNonOperatingIncome": "-10266000", "depreciation": "None", "depreciationAndAmortization": "20868000", "incomeBeforeTax": "73874000", "incomeTaxExpense": "29570000", "interestAndDebtExpense": "None", "netIncomeFromContinuingOperations": "44304000", "comprehensiveIncomeNetOfTax": "None", "ebit": "44302000", "ebitda": "65170000", "netIncome": "34874000"}, {"fiscalDateEnding": "2009-03-31", "reportedCurrency": "USD", "grossProfit": "194687000", "totalRevenue": "254995000", "costOfRevenue": "60308000", "costofGoodsAndServicesSold": "60308000", "operatingIncome": "74714000", "sellingGeneralAndAdministrative": "49148000", "researchAndDevelopment": "24802000", "operatingExpenses": "115198000", "investmentIncomeNet": "None", "netInterestIncome": "None", "interestIncome": "None", "interestExpense": "11805000", "nonInterestIncome": "None", "otherNonOperatingIncome": "None", "depreciation": "None", "depreciationAndAmortization": "20530000", "incomeBeforeTax": "70421000", "incomeTaxExpense": "23532000", "interestAndDebtExpense": "None", "netIncomeFromContinuingOperations": "0", "comprehensiveIncomeNetOfTax": "None", "ebit": "82322000", "ebitda": "102852000", "netIncome": "65020000"}, {"fiscalDateEnding": "2008-12-31", "reportedCurrency": "USD", "grossProfit": "178111000", "totalRevenue": "236743000", "costOfRevenue": "58632000", "costofGoodsAndServicesSold": "58632000", "operatingIncome": "-9699000", "sellingGeneralAndAdministrative": "85760000", "researchAndDevelopment": "19419000", "operatingExpenses": "185597000", "investmentIncomeNet": "None", "netInterestIncome": "None", "interestIncome": "None", "interestExpense": "22646000", "nonInterestIncome": "None", "otherNonOperatingIncome": "None", "depreciation": "None", "depreciationAndAmortization": "19819000", "incomeBeforeTax": "62881000", "incomeTaxExpense": "36158000", "interestAndDebtExpense": "None", "netIncomeFromContinuingOperations": "0", "comprehensiveIncomeNetOfTax": "None", "ebit": "-7486000", "ebitda": "12333000", "netIncome": "-100511000"}, {"fiscalDateEnding": "2008-09-30", "reportedCurrency": "USD", "grossProfit": "190172000", "totalRevenue": "246052000", "costOfRevenue": "55880000", "costofGoodsAndServicesSold": "55880000", "operatingIncome": "67803000", "sellingGeneralAndAdministrative": "91194000", "researchAndDevelopment": "22337000", "operatingExpenses": "116396000", "investmentIncomeNet": "None", "netInterestIncome": "None", "interestIncome": "None", "interestExpense": "11045000", "nonInterestIncome": "None", "otherNonOperatingIncome": "None", "depreciation": "None", "depreciationAndAmortization": "29676000", "incomeBeforeTax": "55115000", "incomeTaxExpense": "8071000", "interestAndDebtExpense": "None", "netIncomeFromContinuingOperations": "0", "comprehensiveIncomeNetOfTax": "None", "ebit": "64829000", "ebitda": "94505000", "netIncome": "-200034000"}, {"fiscalDateEnding": "2008-06-30", "reportedCurrency": "USD", "grossProfit": "217207000", "totalRevenue": "303240000", "costOfRevenue": "86033000", "costofGoodsAndServicesSold": "86033000", "operatingIncome": "-67913000", "sellingGeneralAndAdministrative": "109776000", "researchAndDevelopment": "32891000", "operatingExpenses": "148162000", "investmentIncomeNet": "None", "netInterestIncome": "None", "interestIncome": "None", "interestExpense": "10824000", "nonInterestIncome": "None", "otherNonOperatingIncome": "None", "depreciation": "None", "depreciationAndAmortization": "34764000", "incomeBeforeTax": "-73084000", "incomeTaxExpense": "-4293000", "interestAndDebtExpense": "None", "netIncomeFromContinuingOperations": "0", "comprehensiveIncomeNetOfTax": "None", "ebit": "-11393000", "ebitda": "23371000", "netIncome": "-68043000"}, {"fiscalDateEnding": "2008-03-31", "reportedCurrency": "USD", "grossProfit": "230047000", "totalRevenue": "354281000", "costOfRevenue": "124234000", "costofGoodsAndServicesSold": "124234000", "operatingIncome": "30562000", "sellingGeneralAndAdministrative": "130898000", "researchAndDevelopment": "38351000", "operatingExpenses": "176821000", "investmentIncomeNet": "None", "netInterestIncome": "None", "interestIncome": "None", "interestExpense": "10921000", "nonInterestIncome": "None", "otherNonOperatingIncome": "None", "depreciation": "None", "depreciationAndAmortization": "43772000", "incomeBeforeTax": "28704000", "incomeTaxExpense": "13399000", "interestAndDebtExpense": "None", "netIncomeFromContinuingOperations": "0", "comprehensiveIncomeNetOfTax": "None", "ebit": "35902000", "ebitda": "79674000", "netIncome": "-18587000"}, {"fiscalDateEnding": "2007-12-31", "reportedCurrency": "USD", "grossProfit": "238379000", "totalRevenue": "386436000", "costOfRevenue": "148057000", "costofGoodsAndServicesSold": "148057000", "operatingIncome": "-230579000", "sellingGeneralAndAdministrative": "156650000", "researchAndDevelopment": "38873000", "operatingExpenses": "554931000", "investmentIncomeNet": "None", "netInterestIncome": "None", "interestIncome": "None", "interestExpense": "10622000", "nonInterestIncome": "None", "otherNonOperatingIncome": "None", "depreciation": "None", "depreciationAndAmortization": "55617000", "incomeBeforeTax": "-222852000", "incomeTaxExpense": "-12791000", "interestAndDebtExpense": "None", "netIncomeFromContinuingOperations": "0", "comprehensiveIncomeNetOfTax": "None", "ebit": "-316552000", "ebitda": "-260935000", "netIncome": "-215542000"}, {"fiscalDateEnding": "2007-09-30", "reportedCurrency": "USD", "grossProfit": "223603000", "totalRevenue": "373587000", "costOfRevenue": "149984000", "costofGoodsAndServicesSold": "149984000", "operatingIncome": "27922000", "sellingGeneralAndAdministrative": "124541000", "researchAndDevelopment": "39897000", "operatingExpenses": "193675000", "investmentIncomeNet": "None", "netInterestIncome": "None", "interestIncome": "None", "interestExpense": "5061000", "nonInterestIncome": "None", "otherNonOperatingIncome": "None", "depreciation": "None", "depreciationAndAmortization": "58868000", "incomeBeforeTax": "21718000", "incomeTaxExpense": "3501000", "interestAndDebtExpense": "None", "netIncomeFromContinuingOperations": "0", "comprehensiveIncomeNetOfTax": "None", "ebit": "10805000", "ebitda": "69673000", "netIncome": "19004000"}, {"fiscalDateEnding": "2007-06-30", "reportedCurrency": "USD", "grossProfit": "215381000", "totalRevenue": "363217000", "costOfRevenue": "147836000", "costofGoodsAndServicesSold": "147836000", "operatingIncome": "-6753000", "sellingGeneralAndAdministrative": "141032000", "researchAndDevelopment": "36254000", "operatingExpenses": "206955000", "investmentIncomeNet": "None", "netInterestIncome": "None", "interestIncome": "None", "interestExpense": "354000", "nonInterestIncome": "None", "otherNonOperatingIncome": "None", "depreciation": "None", "depreciationAndAmortization": "57057000", "incomeBeforeTax": "4096000", "incomeTaxExpense": "11608000", "interestAndDebtExpense": "None", "netIncomeFromContinuingOperations": "0", "comprehensiveIncomeNetOfTax": "None", "ebit": "-8916000", "ebitda": "48141000", "netIncome": "-4717000"}, {"fiscalDateEnding": "2007-03-31", "reportedCurrency": "USD", "grossProfit": "222409000", "totalRevenue": "373049000", "costOfRevenue": "150640000", "costofGoodsAndServicesSold": "150640000", "operatingIncome": "14921000", "sellingGeneralAndAdministrative": "130539000", "researchAndDevelopment": "45162000", "operatingExpenses": "207488000", "investmentIncomeNet": "None", "netInterestIncome": "None", "interestIncome": "None", "interestExpense": "2229000", "nonInterestIncome": "None", "otherNonOperatingIncome": "None", "depreciation": "None", "depreciationAndAmortization": "59963000", "incomeBeforeTax": "70515000", "incomeTaxExpense": "8762000", "interestAndDebtExpense": "None", "netIncomeFromContinuingOperations": "0", "comprehensiveIncomeNetOfTax": "None", "ebit": "14921000", "ebitda": "74884000", "netIncome": "61753000"}, {"fiscalDateEnding": "2006-12-31", "reportedCurrency": "USD", "grossProfit": "262152000", "totalRevenue": "412228000", "costOfRevenue": "150076000", "costofGoodsAndServicesSold": "150076000", "operatingIncome": "27009000", "sellingGeneralAndAdministrative": "166351000", "researchAndDevelopment": "36834000", "operatingExpenses": "235143000", "investmentIncomeNet": "None", "netInterestIncome": "None", "interestIncome": "None", "interestExpense": "3535000", "nonInterestIncome": "None", "otherNonOperatingIncome": "None", "depreciation": "None", "depreciationAndAmortization": "62448000", "incomeBeforeTax": "31332000", "incomeTaxExpense": "60842000", "interestAndDebtExpense": "None", "netIncomeFromContinuingOperations": "0", "comprehensiveIncomeNetOfTax": "None", "ebit": "27009000", "ebitda": "89457000", "netIncome": "-29532000"}, {"fiscalDateEnding": "2006-09-30", "reportedCurrency": "USD", "grossProfit": "255033000", "totalRevenue": "399513000", "costOfRevenue": "144480000", "costofGoodsAndServicesSold": "144480000", "operatingIncome": "26610000", "sellingGeneralAndAdministrative": "164258000", "researchAndDevelopment": "33188000", "operatingExpenses": "228423000", "investmentIncomeNet": "None", "netInterestIncome": "None", "interestIncome": "None", "interestExpense": "2477000", "nonInterestIncome": "None", "otherNonOperatingIncome": "None", "depreciation": "None", "depreciationAndAmortization": "59324000", "incomeBeforeTax": "29530000", "incomeTaxExpense": "14423000", "interestAndDebtExpense": "None", "netIncomeFromContinuingOperations": "0", "comprehensiveIncomeNetOfTax": "None", "ebit": "26610000", "ebitda": "85934000", "netIncome": "15274000"}, {"fiscalDateEnding": "2006-06-30", "reportedCurrency": "USD", "grossProfit": "243541000", "totalRevenue": "390690000", "costOfRevenue": "147149000", "costofGoodsAndServicesSold": "147149000", "operatingIncome": "28251000", "sellingGeneralAndAdministrative": "152417000", "researchAndDevelopment": "31041000", "operatingExpenses": "215290000", "investmentIncomeNet": "None", "netInterestIncome": "None", "interestIncome": "None", "interestExpense": "1826000", "nonInterestIncome": "None", "otherNonOperatingIncome": "None", "depreciation": "None", "depreciationAndAmortization": "57313000", "incomeBeforeTax": "35724000", "incomeTaxExpense": "-340972000", "interestAndDebtExpense": "None", "netIncomeFromContinuingOperations": "0", "comprehensiveIncomeNetOfTax": "None", "ebit": "28251000", "ebitda": "85564000", "netIncome": "376787000"}, {"fiscalDateEnding": "2006-03-31", "reportedCurrency": "USD", "grossProfit": "234692000", "totalRevenue": "373604000", "costOfRevenue": "138912000", "costofGoodsAndServicesSold": "138912000", "operatingIncome": "15470000", "sellingGeneralAndAdministrative": "148880000", "researchAndDevelopment": "28033000", "operatingExpenses": "206863000", "investmentIncomeNet": "None", "netInterestIncome": "None", "interestIncome": "None", "interestExpense": "0", "nonInterestIncome": "None", "otherNonOperatingIncome": "None", "depreciation": "None", "depreciationAndAmortization": "52444000", "incomeBeforeTax": "43620000", "incomeTaxExpense": "24627000", "interestAndDebtExpense": "None", "netIncomeFromContinuingOperations": "0", "comprehensiveIncomeNetOfTax": "None", "ebit": "13341000", "ebitda": "65785000", "netIncome": "19771000"}, {"fiscalDateEnding": "2005-12-31", "reportedCurrency": "USD", "grossProfit": "227360000", "totalRevenue": "348907000", "costOfRevenue": "121547000", "costofGoodsAndServicesSold": "121547000", "operatingIncome": "10312000", "sellingGeneralAndAdministrative": "146324000", "researchAndDevelopment": "18888000", "operatingExpenses": "192954000", "investmentIncomeNet": "None", "netInterestIncome": "None", "interestIncome": "None", "interestExpense": "0", "nonInterestIncome": "None", "otherNonOperatingIncome": "None", "depreciation": "None", "depreciationAndAmortization": "54089000", "incomeBeforeTax": "16733000", "incomeTaxExpense": "13199000", "interestAndDebtExpense": "None", "netIncomeFromContinuingOperations": "0", "comprehensiveIncomeNetOfTax": "None", "ebit": "34406000", "ebitda": "88495000", "netIncome": "271417000"}, {"fiscalDateEnding": "2005-09-30", "reportedCurrency": "USD", "grossProfit": "285485000", "totalRevenue": "414766000", "costOfRevenue": "129281000", "costofGoodsAndServicesSold": "129281000", "operatingIncome": "62753000", "sellingGeneralAndAdministrative": "166700000", "researchAndDevelopment": "27460000", "operatingExpenses": "220395000", "investmentIncomeNet": "None", "netInterestIncome": "None", "interestIncome": "None", "interestExpense": "0", "nonInterestIncome": "None", "otherNonOperatingIncome": "None", "depreciation": "None", "depreciationAndAmortization": "50205000", "incomeBeforeTax": "75951000", "incomeTaxExpense": "31377000", "interestAndDebtExpense": "None", "netIncomeFromContinuingOperations": "0", "comprehensiveIncomeNetOfTax": "None", "ebit": "53008000", "ebitda": "103213000", "netIncome": "44574000"}, {"fiscalDateEnding": "2005-06-30", "reportedCurrency": "USD", "grossProfit": "308275000", "totalRevenue": "444830000", "costOfRevenue": "136555000", "costofGoodsAndServicesSold": "136555000", "operatingIncome": "61952000", "sellingGeneralAndAdministrative": "190361000", "researchAndDevelopment": "26974000", "operatingExpenses": "242156000", "investmentIncomeNet": "None", "netInterestIncome": "None", "interestIncome": "None", "interestExpense": "0", "nonInterestIncome": "None", "otherNonOperatingIncome": "None", "depreciation": "None", "depreciationAndAmortization": "48441000", "incomeBeforeTax": "74988000", "incomeTaxExpense": "33693000", "interestAndDebtExpense": "None", "netIncomeFromContinuingOperations": "0", "comprehensiveIncomeNetOfTax": "None", "ebit": "58915000", "ebitda": "107356000", "netIncome": "41295000"}, {"fiscalDateEnding": "2005-03-31", "reportedCurrency": "USD", "grossProfit": "276149000", "totalRevenue": "400991000", "costOfRevenue": "124842000", "costofGoodsAndServicesSold": "124842000", "operatingIncome": "61412000", "sellingGeneralAndAdministrative": "171755000", "researchAndDevelopment": "22017000", "operatingExpenses": "216612000", "investmentIncomeNet": "None", "netInterestIncome": "None", "interestIncome": "None", "interestExpense": "0", "nonInterestIncome": "None", "otherNonOperatingIncome": "None", "depreciation": "None", "depreciationAndAmortization": "44524000", "incomeBeforeTax": "75561000", "incomeTaxExpense": "26386000", "interestAndDebtExpense": "None", "netIncomeFromContinuingOperations": "0", "comprehensiveIncomeNetOfTax": "None", "ebit": "53560000", "ebitda": "98084000", "netIncome": "49175000"}, {"fiscalDateEnding": "2004-12-31", "reportedCurrency": "USD", "grossProfit": "226889000", "totalRevenue": "355986000", "costOfRevenue": "129097000", "costofGoodsAndServicesSold": "129097000", "operatingIncome": "45876000", "sellingGeneralAndAdministrative": "134847000", "researchAndDevelopment": "17689000", "operatingExpenses": "175853000", "investmentIncomeNet": "None", "netInterestIncome": "None", "interestIncome": "None", "interestExpense": "0", "nonInterestIncome": "None", "otherNonOperatingIncome": "None", "depreciation": "None", "depreciationAndAmortization": "44509000", "incomeBeforeTax": "125926000", "incomeTaxExpense": "11114000", "interestAndDebtExpense": "None", "netIncomeFromContinuingOperations": "0", "comprehensiveIncomeNetOfTax": "None", "ebit": "51036000", "ebitda": "95545000", "netIncome": "114812000"}]}