{"Symbol": "FE", "AssetType": "Common Stock", "Name": "FirstEnergy Corporation", "Description": "FirstEnergy Corp is an electric utility headquartered in Akron, Ohio. Its subsidiaries and affiliates are involved in the distribution, transmission, and generation of electricity, as well as energy management and other energy-related services.", "CIK": "1031296", "Exchange": "NYSE", "Currency": "USD", "Country": "USA", "Sector": "ENERGY & TRANSPORTATION", "Industry": "ELECTRIC SERVICES", "Address": "76 SOUTH MAIN ST, AKRON, OH, US", "OfficialSite": "https://www.firstenergycorp.com", "FiscalYearEnd": "December", "LatestQuarter": "2024-12-31", "MarketCapitalization": "24649052000", "EBITDA": "4153000000", "PERatio": "25.12", "PEGRatio": "1.266", "BookValue": "21.6", "DividendPerShare": "1.685", "DividendYield": "0.0417", "EPS": "1.7", "RevenuePerShareTTM": "23.11", "ProfitMargin": "0.0736", "OperatingMarginTTM": "0.154", "ReturnOnAssetsTTM": "0.0289", "ReturnOnEquityTTM": "0.0915", "RevenueTTM": "13286000000", "GrossProfitTTM": "9327000000", "DilutedEPSTTM": "1.7", "QuarterlyEarningsGrowthYOY": "0.486", "QuarterlyRevenueGrowthYOY": "0.01", "AnalystTargetPrice": "43.23", "AnalystRatingStrongBuy": "4", "AnalystRatingBuy": "4", "AnalystRatingHold": "9", "AnalystRatingSell": "0", "AnalystRatingStrongSell": "1", "TrailingPE": "25.12", "ForwardPE": "16.45", "PriceToSalesRatioTTM": "1.855", "PriceToBookRatio": "1.937", "EVToRevenue": "3.566", "EVToEBITDA": "11.71", "Beta": "0.392", "52WeekHigh": "44.04", "52WeekLow": "36.29", "50DayMovingAverage": "40.08", "200DayMovingAverage": "41.26", "SharesOutstanding": "577126000", "DividendDate": "2025-06-01", "ExDividendDate": "2025-05-07"}