{"Symbol": "VRSN", "AssetType": "Common Stock", "Name": "VeriSign Inc", "Description": "Verisign Inc. is an American company based in Reston, Virginia, United States that operates a diverse array of network infrastructure, including two of the Internet's thirteen root nameservers. Verisign also offers a range of security services, including managed DNS, distributed denial-of-service (DDoS) attack mitigation and cyber-threat reporting.", "CIK": "1014473", "Exchange": "NASDAQ", "Currency": "USD", "Country": "USA", "Sector": "TECHNOLOGY", "Industry": "SERVICES-COMPUTER PROGRAMMING SERVICES", "Address": "12061 BLUEMONT WAY, ATTN: GENERAL COUNSEL, RESTON, VA, US", "OfficialSite": "https://www.verisign.com", "FiscalYearEnd": "December", "LatestQuarter": "2024-12-31", "MarketCapitalization": "23351224000", "EBITDA": "1095100000", "PERatio": "31.05", "PEGRatio": "2.224", "BookValue": "-20.61", "DividendPerShare": "None", "DividendYield": "None", "EPS": "7.99", "RevenuePerShareTTM": "15.88", "ProfitMargin": "0.504", "OperatingMarginTTM": "0.667", "ReturnOnAssetsTTM": "0.419", "ReturnOnEquityTTM": "0", "RevenueTTM": "1557400000", "GrossProfitTTM": "1366000000", "DilutedEPSTTM": "7.99", "QuarterlyEarningsGrowthYOY": "-0.23", "QuarterlyRevenueGrowthYOY": "0.039", "AnalystTargetPrice": "235.28", "AnalystRatingStrongBuy": "0", "AnalystRatingBuy": "2", "AnalystRatingHold": "1", "AnalystRatingSell": "0", "AnalystRatingStrongSell": "1", "TrailingPE": "31.05", "ForwardPE": "28.41", "PriceToSalesRatioTTM": "14.99", "PriceToBookRatio": "-", "EVToRevenue": "15.77", "EVToEBITDA": "21.65", "Beta": "0.872", "52WeekHigh": "258.67", "52WeekLow": "167.05", "50DayMovingAverage": "240.47", "200DayMovingAverage": "201.96", "SharesOutstanding": "94128000", "DividendDate": "2011-05-18", "ExDividendDate": "2011-05-05"}