{"Symbol": "TT", "AssetType": "Common Stock", "Name": "Trane Technologies plc", "Description": "Trane Technologies plc is an American Irish domiciled diversified industrial manufacturing company. It is headquartered near Dublin, Ireland.", "CIK": "1466258", "Exchange": "NYSE", "Currency": "USD", "Country": "USA", "Sector": "LIFE SCIENCES", "Industry": "AUTO CONTROLS FOR REGULATING RESIDENTIAL & COMML ENVIRONMENTS", "Address": "170/175 LAKEVIEW DRIVE, AIRSIDE BUSINESS PARK, SWORDS,, CO. DUBLIN, IE", "OfficialSite": "https://www.tranetechnologies.com", "FiscalYearEnd": "December", "LatestQuarter": "2024-12-31", "MarketCapitalization": "74603676000", "EBITDA": "3804700000", "PERatio": "29.33", "PEGRatio": "2.528", "BookValue": "33.22", "DividendPerShare": "3.36", "DividendYield": "0.0113", "EPS": "11.34", "RevenuePerShareTTM": "87.7", "ProfitMargin": "0.129", "OperatingMarginTTM": "0.162", "ReturnOnAssetsTTM": "0.11", "ReturnOnEquityTTM": "0.36", "RevenueTTM": "19838200000", "GrossProfitTTM": "7080500000", "DilutedEPSTTM": "11.34", "QuarterlyEarningsGrowthYOY": "0.21", "QuarterlyRevenueGrowthYOY": "0.102", "AnalystTargetPrice": "381.32", "AnalystRatingStrongBuy": "2", "AnalystRatingBuy": "5", "AnalystRatingHold": "17", "AnalystRatingSell": "2", "AnalystRatingStrongSell": "0", "TrailingPE": "29.33", "ForwardPE": "25.25", "PriceToSalesRatioTTM": "3.761", "PriceToBookRatio": "9.7", "EVToRevenue": "3.805", "EVToEBITDA": "19.56", "Beta": "1.085", "52WeekHigh": "419.99", "52WeekLow": "288.51", "50DayMovingAverage": "345.43", "200DayMovingAverage": "366.59", "SharesOutstanding": "224291000", "DividendDate": "2025-06-30", "ExDividendDate": "2025-06-06"}