{"Symbol": "IFF", "AssetType": "Common Stock", "Name": "International Flavors & Fragrances Inc", "Description": "International Flavors & Fragrances is an American corporation that produces flavors, fragrances, and cosmetic actives, which it markets globally. It is headquartered in New York City.", "CIK": "51253", "Exchange": "NYSE", "Currency": "USD", "Country": "USA", "Sector": "LIFE SCIENCES", "Industry": "INDUSTRIAL ORGANIC CHEMICALS", "Address": "521 W 57TH ST, NEW YORK, NY, US", "OfficialSite": "https://www.iff.com", "FiscalYearEnd": "December", "LatestQuarter": "2024-12-31", "MarketCapitalization": "19088060000", "EBITDA": "1738000000", "PERatio": "78.57", "PEGRatio": "1.689", "BookValue": "54.27", "DividendPerShare": "1.6", "DividendYield": "0.0214", "EPS": "0.95", "RevenuePerShareTTM": "44.86", "ProfitMargin": "0.0212", "OperatingMarginTTM": "0.0013", "ReturnOnAssetsTTM": "0.0151", "ReturnOnEquityTTM": "0.0173", "RevenueTTM": "11484000000", "GrossProfitTTM": "4124000000", "DilutedEPSTTM": "0.95", "QuarterlyEarningsGrowthYOY": "1.346", "QuarterlyRevenueGrowthYOY": "0.025", "AnalystTargetPrice": "93.34", "AnalystRatingStrongBuy": "5", "AnalystRatingBuy": "11", "AnalystRatingHold": "5", "AnalystRatingSell": "1", "AnalystRatingStrongSell": "0", "TrailingPE": "78.57", "ForwardPE": "16.89", "PriceToSalesRatioTTM": "1.662", "PriceToBookRatio": "1.34", "EVToRevenue": "2.414", "EVToEBITDA": "17.35", "Beta": "1.233", "52WeekHigh": "105.74", "52WeekLow": "65.85", "50DayMovingAverage": "78.71", "200DayMovingAverage": "90.88", "SharesOutstanding": "255735000", "DividendDate": "2025-04-11", "ExDividendDate": "2025-03-21"}