{"Symbol": "ATO", "AssetType": "Common Stock", "Name": "Atmos Energy Corporation", "Description": "Atmos Energy Corporation, headquartered in Dallas, Texas, is one of the United States' largest natural-gas-only distributors.", "CIK": "731802", "Exchange": "NYSE", "Currency": "USD", "Country": "USA", "Sector": "ENERGY & TRANSPORTATION", "Industry": "NATURAL GAS DISTRIBUTION", "Address": "1800 THREE LINCOLN CTR, 5430 LBJ FREEWAY, DALLAS, TX, US", "OfficialSite": "https://www.atmosenergy.com", "FiscalYearEnd": "September", "LatestQuarter": "2024-12-31", "MarketCapitalization": "25413939000", "EBITDA": "2092521000", "PERatio": "22.94", "PEGRatio": "2.646", "BookValue": "80.52", "DividendPerShare": "3.285", "DividendYield": "0.0217", "EPS": "6.98", "RevenuePerShareTTM": "27.14", "ProfitMargin": "0.259", "OperatingMarginTTM": "0.397", "ReturnOnAssetsTTM": "0.035", "ReturnOnEquityTTM": "0.0901", "RevenueTTM": "4182719000", "GrossProfitTTM": "2494011000", "DilutedEPSTTM": "6.98", "QuarterlyEarningsGrowthYOY": "0.074", "QuarterlyRevenueGrowthYOY": "0.015", "AnalystTargetPrice": "156.2", "AnalystRatingStrongBuy": "2", "AnalystRatingBuy": "5", "AnalystRatingHold": "6", "AnalystRatingSell": "0", "AnalystRatingStrongSell": "1", "TrailingPE": "22.94", "ForwardPE": "22.22", "PriceToSalesRatioTTM": "6.08", "PriceToBookRatio": "1.988", "EVToRevenue": "7.97", "EVToEBITDA": "15.3", "Beta": "0.68", "52WeekHigh": "161.49", "52WeekLow": "109.01", "50DayMovingAverage": "150.38", "200DayMovingAverage": "140.14", "SharesOutstanding": "158728000", "DividendDate": "2025-03-10", "ExDividendDate": "2025-02-25"}