{"Symbol": "SNA", "AssetType": "Common Stock", "Name": "Snap-On Inc", "Description": "Snap-on Incorporated is an American designer, manufacturer and marketer of high-end tools and equipment for professional use in the transportation industry including the automotive, heavy duty, equipment, marine, aviation, and railroad industries.", "CIK": "91440", "Exchange": "NYSE", "Currency": "USD", "Country": "USA", "Sector": "MANUFACTURING", "Industry": "CUTLERY, HANDTOOLS & GENERAL HARDWARE", "Address": "2801 80TH STREET, KENOSHA, WI, US", "OfficialSite": "https://www.snapon.com", "FiscalYearEnd": "December", "LatestQuarter": "2025-03-31", "MarketCapitalization": "16461808000", "EBITDA": "1449900000", "PERatio": "15.76", "PEGRatio": "2.06", "BookValue": "105.58", "DividendPerShare": "8", "DividendYield": "0.0293", "EPS": "19.12", "RevenuePerShareTTM": "96.57", "ProfitMargin": "0.201", "OperatingMarginTTM": "0.253", "ReturnOnAssetsTTM": "0.108", "ReturnOnEquityTTM": "0.195", "RevenueTTM": "5069700000", "GrossProfitTTM": "2638600000", "DilutedEPSTTM": "19.12", "QuarterlyEarningsGrowthYOY": "-0.081", "QuarterlyRevenueGrowthYOY": "-0.03", "AnalystTargetPrice": "323.03", "AnalystRatingStrongBuy": "3", "AnalystRatingBuy": "1", "AnalystRatingHold": "6", "AnalystRatingSell": "1", "AnalystRatingStrongSell": "1", "TrailingPE": "15.76", "ForwardPE": "14.93", "PriceToSalesRatioTTM": "3.247", "PriceToBookRatio": "2.769", "EVToRevenue": "3.242", "EVToEBITDA": "10.15", "Beta": "0.831", "52WeekHigh": "371.51", "52WeekLow": "248.18", "50DayMovingAverage": "332.25", "200DayMovingAverage": "318.25", "SharesOutstanding": "52291000", "DividendDate": "2025-03-10", "ExDividendDate": "2025-02-24"}