{"symbol": "AVY", "annualReports": [{"fiscalDateEnding": "2024-12-31", "reportedCurrency": "USD", "grossProfit": "2530700000", "totalRevenue": "8755700000", "costOfRevenue": "6225000000", "costofGoodsAndServicesSold": "6225000000", "operatingIncome": "1115400000", "sellingGeneralAndAdministrative": "1277500000", "researchAndDevelopment": "137800000", "operatingExpenses": "1415300000", "investmentIncomeNet": "None", "netInterestIncome": "-117000000", "interestIncome": "None", "interestExpense": "117000000", "nonInterestIncome": "None", "otherNonOperatingIncome": "None", "depreciation": "None", "depreciationAndAmortization": "312200000", "incomeBeforeTax": "953500000", "incomeTaxExpense": "248600000", "interestAndDebtExpense": "None", "netIncomeFromContinuingOperations": "704900000", "comprehensiveIncomeNetOfTax": "None", "ebit": "1115400000", "ebitda": "1427600000", "netIncome": "704900000"}, {"fiscalDateEnding": "2023-12-31", "reportedCurrency": "USD", "grossProfit": "2277499999", "totalRevenue": "8364299999", "costOfRevenue": "6086800000", "costofGoodsAndServicesSold": "6086800000", "operatingIncome": "963800000", "sellingGeneralAndAdministrative": "1177900000", "researchAndDevelopment": "135800000", "operatingExpenses": "1281600000", "investmentIncomeNet": "None", "netInterestIncome": "-119000000", "interestIncome": "None", "interestExpense": "119000000", "nonInterestIncome": "None", "otherNonOperatingIncome": "None", "depreciation": "None", "depreciationAndAmortization": "298400000", "incomeBeforeTax": "694700000", "incomeTaxExpense": "191700000", "interestAndDebtExpense": "None", "netIncomeFromContinuingOperations": "503000000", "comprehensiveIncomeNetOfTax": "None", "ebit": "813700000", "ebitda": "1112100000", "netIncome": "503000000"}, {"fiscalDateEnding": "2022-12-31", "reportedCurrency": "USD", "grossProfit": "2404200000", "totalRevenue": "9039300000", "costOfRevenue": "6635100000", "costofGoodsAndServicesSold": "6635100000", "operatingIncome": "1083400000", "sellingGeneralAndAdministrative": "1194700000", "researchAndDevelopment": "136100000", "operatingExpenses": "1330800000", "investmentIncomeNet": "None", "netInterestIncome": "-84100000", "interestIncome": "None", "interestExpense": "84100000", "nonInterestIncome": "None", "otherNonOperatingIncome": "9400000", "depreciation": "None", "depreciationAndAmortization": "290700000", "incomeBeforeTax": "999300000", "incomeTaxExpense": "242200000", "interestAndDebtExpense": "None", "netIncomeFromContinuingOperations": "757100000", "comprehensiveIncomeNetOfTax": "None", "ebit": "1083400000", "ebitda": "1374100000", "netIncome": "757100000"}, {"fiscalDateEnding": "2021-12-31", "reportedCurrency": "USD", "grossProfit": "2312800000", "totalRevenue": "8408300000", "costOfRevenue": "6095500000", "costofGoodsAndServicesSold": "6095500000", "operatingIncome": "1062800000", "sellingGeneralAndAdministrative": "1111900000", "researchAndDevelopment": "136600000", "operatingExpenses": "1248500000", "investmentIncomeNet": "None", "netInterestIncome": "-70200000", "interestIncome": "None", "interestExpense": "70200000", "nonInterestIncome": "None", "otherNonOperatingIncome": "200000", "depreciation": "None", "depreciationAndAmortization": "244100000", "incomeBeforeTax": "992600000", "incomeTaxExpense": "248600000", "interestAndDebtExpense": "None", "netIncomeFromContinuingOperations": "740100000", "comprehensiveIncomeNetOfTax": "None", "ebit": "1062800000", "ebitda": "1306900000", "netIncome": "740100000"}, {"fiscalDateEnding": "2020-12-31", "reportedCurrency": "USD", "grossProfit": "1923300000", "totalRevenue": "6971500000", "costOfRevenue": "5048200000", "costofGoodsAndServicesSold": "5048200000", "operatingIncome": "856700000", "sellingGeneralAndAdministrative": "1060000000", "researchAndDevelopment": "112800000", "operatingExpenses": "1060500000", "investmentIncomeNet": "None", "netInterestIncome": "-70000000", "interestIncome": "None", "interestExpense": "70000000", "nonInterestIncome": "None", "otherNonOperatingIncome": "-5600000", "depreciation": "None", "depreciationAndAmortization": "205300000", "incomeBeforeTax": "737300000", "incomeTaxExpense": "177700000", "interestAndDebtExpense": "None", "netIncomeFromContinuingOperations": "559600000", "comprehensiveIncomeNetOfTax": "None", "ebit": "856700000", "ebitda": "1062000000", "netIncome": "555900000"}, {"fiscalDateEnding": "2019-12-31", "reportedCurrency": "USD", "grossProfit": "1904100000", "totalRevenue": "7070100000", "costOfRevenue": "5166000000", "costofGoodsAndServicesSold": "5166000000", "operatingIncome": "378500000", "sellingGeneralAndAdministrative": "984300000", "researchAndDevelopment": "92600000", "operatingExpenses": "1080400000", "investmentIncomeNet": "None", "netInterestIncome": "-75800000", "interestIncome": "None", "interestExpense": "75800000", "nonInterestIncome": "None", "otherNonOperatingIncome": "-447800000", "depreciation": "None", "depreciationAndAmortization": "179000000", "incomeBeforeTax": "249500000", "incomeTaxExpense": "-56700000", "interestAndDebtExpense": "None", "netIncomeFromContinuingOperations": "306200000", "comprehensiveIncomeNetOfTax": "None", "ebit": "378500000", "ebitda": "557500000", "netIncome": "303600000"}, {"fiscalDateEnding": "2018-12-31", "reportedCurrency": "USD", "grossProfit": "1915500000", "totalRevenue": "7159000000", "costOfRevenue": "5243500000", "costofGoodsAndServicesSold": "5243500000", "operatingIncome": "788000000", "sellingGeneralAndAdministrative": "1056300000", "researchAndDevelopment": "98200000", "operatingExpenses": "1127500000", "investmentIncomeNet": "None", "netInterestIncome": "-58500000", "interestIncome": "None", "interestExpense": "58500000", "nonInterestIncome": "None", "otherNonOperatingIncome": "-106800000", "depreciation": "None", "depreciationAndAmortization": "181000000", "incomeBeforeTax": "554800000", "incomeTaxExpense": "85400000", "interestAndDebtExpense": "None", "netIncomeFromContinuingOperations": "469400000", "comprehensiveIncomeNetOfTax": "None", "ebit": "613300000", "ebitda": "794300000", "netIncome": "467400000"}, {"fiscalDateEnding": "2017-12-31", "reportedCurrency": "USD", "grossProfit": "1812200000", "totalRevenue": "6613800000", "costOfRevenue": "4801600000", "costofGoodsAndServicesSold": "4801600000", "operatingIncome": "689000000", "sellingGeneralAndAdministrative": "1123200000", "researchAndDevelopment": "93400000", "operatingExpenses": "1123200000", "investmentIncomeNet": "None", "netInterestIncome": "-63000000", "interestIncome": "None", "interestExpense": "63000000", "nonInterestIncome": "None", "otherNonOperatingIncome": "None", "depreciation": "None", "depreciationAndAmortization": "178700000", "incomeBeforeTax": "589500000", "incomeTaxExpense": "307700000", "interestAndDebtExpense": "None", "netIncomeFromContinuingOperations": "281800000", "comprehensiveIncomeNetOfTax": "None", "ebit": "650700000", "ebitda": "829400000", "netIncome": "281800000"}, {"fiscalDateEnding": "2016-12-31", "reportedCurrency": "USD", "grossProfit": "1699700000", "totalRevenue": "6086500000", "costOfRevenue": "4386800000", "costofGoodsAndServicesSold": "4386800000", "operatingIncome": "602200000", "sellingGeneralAndAdministrative": "1097500000", "researchAndDevelopment": "89700000", "operatingExpenses": "1097500000", "investmentIncomeNet": "None", "netInterestIncome": "-59900000", "interestIncome": "None", "interestExpense": "59900000", "nonInterestIncome": "None", "otherNonOperatingIncome": "None", "depreciation": "None", "depreciationAndAmortization": "180100000", "incomeBeforeTax": "477100000", "incomeTaxExpense": "156400000", "interestAndDebtExpense": "None", "netIncomeFromContinuingOperations": "320700000", "comprehensiveIncomeNetOfTax": "None", "ebit": "536900000", "ebitda": "717000000", "netIncome": "320700000"}, {"fiscalDateEnding": "2015-12-31", "reportedCurrency": "USD", "grossProfit": "1645800000", "totalRevenue": "5966900000", "costOfRevenue": "4321100000", "costofGoodsAndServicesSold": "4321100000", "operatingIncome": "537700000", "sellingGeneralAndAdministrative": "1108100000", "researchAndDevelopment": "91900000", "operatingExpenses": "1108100000", "investmentIncomeNet": "None", "netInterestIncome": "None", "interestIncome": "None", "interestExpense": "60500000", "nonInterestIncome": "None", "otherNonOperatingIncome": "None", "depreciation": "None", "depreciationAndAmortization": "188300000", "incomeBeforeTax": "408900000", "incomeTaxExpense": "134500000", "interestAndDebtExpense": "None", "netIncomeFromContinuingOperations": "543400000", "comprehensiveIncomeNetOfTax": "None", "ebit": "469400000", "ebitda": "657700000", "netIncome": "274300000"}, {"fiscalDateEnding": "2014-12-31", "reportedCurrency": "USD", "grossProfit": "1651200000", "totalRevenue": "6330300000", "costOfRevenue": "4679100000", "costofGoodsAndServicesSold": "4679100000", "operatingIncome": "495900000", "sellingGeneralAndAdministrative": "1155300000", "researchAndDevelopment": "102500000", "operatingExpenses": "1155300000", "investmentIncomeNet": "None", "netInterestIncome": "None", "interestIncome": "None", "interestExpense": "63300000", "nonInterestIncome": "None", "otherNonOperatingIncome": "None", "depreciation": "None", "depreciationAndAmortization": "201600000", "incomeBeforeTax": "364400000", "incomeTaxExpense": "113300000", "interestAndDebtExpense": "None", "netIncomeFromContinuingOperations": "477700000", "comprehensiveIncomeNetOfTax": "None", "ebit": "427600000", "ebitda": "629200000", "netIncome": "248900000"}, {"fiscalDateEnding": "2013-12-31", "reportedCurrency": "USD", "grossProfit": "1637700000", "totalRevenue": "6140000000", "costOfRevenue": "4502300000", "costofGoodsAndServicesSold": "4502300000", "operatingIncome": "458700000", "sellingGeneralAndAdministrative": "1083000000", "researchAndDevelopment": "96000000", "operatingExpenses": "1179000000", "investmentIncomeNet": "None", "netInterestIncome": "None", "interestIncome": "None", "interestExpense": "59000000", "nonInterestIncome": "None", "otherNonOperatingIncome": "None", "depreciation": "None", "depreciationAndAmortization": "204600000", "incomeBeforeTax": "363100000", "incomeTaxExpense": "118800000", "interestAndDebtExpense": "None", "netIncomeFromContinuingOperations": "244300000", "comprehensiveIncomeNetOfTax": "None", "ebit": "426900000", "ebitda": "631500000", "netIncome": "215800000"}, {"fiscalDateEnding": "2012-12-31", "reportedCurrency": "USD", "grossProfit": "1577100000", "totalRevenue": "6035600000", "costOfRevenue": "4458500000", "costofGoodsAndServicesSold": "4458500000", "operatingIncome": "397700000", "sellingGeneralAndAdministrative": "1179400000", "researchAndDevelopment": "98600000", "operatingExpenses": "1179400000", "investmentIncomeNet": "None", "netInterestIncome": "None", "interestIncome": "None", "interestExpense": "72800000", "nonInterestIncome": "None", "otherNonOperatingIncome": "None", "depreciation": "None", "depreciationAndAmortization": "220600000", "incomeBeforeTax": "255500000", "incomeTaxExpense": "86400000", "interestAndDebtExpense": "None", "netIncomeFromContinuingOperations": "169100000", "comprehensiveIncomeNetOfTax": "None", "ebit": "323900000", "ebitda": "544500000", "netIncome": "215400000"}, {"fiscalDateEnding": "2011-12-31", "reportedCurrency": "USD", "grossProfit": "1521400000", "totalRevenue": "6026300000", "costOfRevenue": "4504900000", "costofGoodsAndServicesSold": "4504900000", "operatingIncome": "350500000", "sellingGeneralAndAdministrative": "1170900000", "researchAndDevelopment": "92400000", "operatingExpenses": "1170900000", "investmentIncomeNet": "None", "netInterestIncome": "None", "interestIncome": "None", "interestExpense": "71000000", "nonInterestIncome": "None", "otherNonOperatingIncome": "None", "depreciation": "None", "depreciationAndAmortization": "246500000", "incomeBeforeTax": "232900000", "incomeTaxExpense": "78500000", "interestAndDebtExpense": "None", "netIncomeFromContinuingOperations": "154400000", "comprehensiveIncomeNetOfTax": "None", "ebit": "299700000", "ebitda": "546200000", "netIncome": "190100000"}, {"fiscalDateEnding": "2010-12-31", "reportedCurrency": "USD", "grossProfit": "1826000000", "totalRevenue": "6512700000", "costOfRevenue": "4686700000", "costofGoodsAndServicesSold": "4686700000", "operatingIncome": "455600000", "sellingGeneralAndAdministrative": "1370400000", "researchAndDevelopment": "95600000", "operatingExpenses": "1370400000", "investmentIncomeNet": "None", "netInterestIncome": "None", "interestIncome": "None", "interestExpense": "76600000", "nonInterestIncome": "None", "otherNonOperatingIncome": "None", "depreciation": "None", "depreciationAndAmortization": "247600000", "incomeBeforeTax": "351300000", "incomeTaxExpense": "34400000", "interestAndDebtExpense": "None", "netIncomeFromContinuingOperations": "385700000", "comprehensiveIncomeNetOfTax": "None", "ebit": "310500000", "ebitda": "558100000", "netIncome": "316900000"}, {"fiscalDateEnding": "2009-12-31", "reportedCurrency": "USD", "grossProfit": "1586500000", "totalRevenue": "5952700000", "costOfRevenue": "4366200000", "costofGoodsAndServicesSold": "4366200000", "operatingIncome": "317700000", "sellingGeneralAndAdministrative": "1268800000", "researchAndDevelopment": "90700000", "operatingExpenses": "1268800000", "investmentIncomeNet": "None", "netInterestIncome": "None", "interestIncome": "None", "interestExpense": "85300000", "nonInterestIncome": "None", "otherNonOperatingIncome": "None", "depreciation": "None", "depreciationAndAmortization": "267300000", "incomeBeforeTax": "-790900000", "incomeTaxExpense": "-44200000", "interestAndDebtExpense": "None", "netIncomeFromContinuingOperations": "None", "comprehensiveIncomeNetOfTax": "None", "ebit": "-712499999", "ebitda": "-445199999", "netIncome": "-746700000"}, {"fiscalDateEnding": "2008-12-31", "reportedCurrency": "USD", "grossProfit": "1727000000", "totalRevenue": "6710400000", "costOfRevenue": "4983400000", "costofGoodsAndServicesSold": "4983400000", "operatingIncome": "422700000", "sellingGeneralAndAdministrative": "1304300000", "researchAndDevelopment": "94000000", "operatingExpenses": "1304300000", "investmentIncomeNet": "None", "netInterestIncome": "None", "interestIncome": "None", "interestExpense": "115900000", "nonInterestIncome": "None", "otherNonOperatingIncome": "None", "depreciation": "None", "depreciationAndAmortization": "278400000", "incomeBeforeTax": "270600000", "incomeTaxExpense": "4500000", "interestAndDebtExpense": "None", "netIncomeFromContinuingOperations": "None", "comprehensiveIncomeNetOfTax": "None", "ebit": "458900000", "ebitda": "737300000", "netIncome": "266100000"}, {"fiscalDateEnding": "2007-12-31", "reportedCurrency": "USD", "grossProfit": "1722400000", "totalRevenue": "6307800000", "costOfRevenue": "4585400000", "costofGoodsAndServicesSold": "4585400000", "operatingIncome": "539900000", "sellingGeneralAndAdministrative": "1182500000", "researchAndDevelopment": "95500000", "operatingExpenses": "1182500000", "investmentIncomeNet": "None", "netInterestIncome": "None", "interestIncome": "None", "interestExpense": "105000000", "nonInterestIncome": "None", "otherNonOperatingIncome": "None", "depreciation": "None", "depreciationAndAmortization": "234600000", "incomeBeforeTax": "375300000", "incomeTaxExpense": "71800000", "interestAndDebtExpense": "None", "netIncomeFromContinuingOperations": "None", "comprehensiveIncomeNetOfTax": "None", "ebit": "539900000", "ebitda": "774500000", "netIncome": "303500000"}, {"fiscalDateEnding": "2006-12-31", "reportedCurrency": "USD", "grossProfit": "1528400000", "totalRevenue": "5575900000", "costOfRevenue": "4047500000", "costofGoodsAndServicesSold": "4047500000", "operatingIncome": "517300000", "sellingGeneralAndAdministrative": "1011100000", "researchAndDevelopment": "87900000", "operatingExpenses": "1011100000", "investmentIncomeNet": "None", "netInterestIncome": "None", "interestIncome": "None", "interestExpense": "55000000", "nonInterestIncome": "None", "otherNonOperatingIncome": "None", "depreciation": "None", "depreciationAndAmortization": "197900000", "incomeBeforeTax": "425600000", "incomeTaxExpense": "73100000", "interestAndDebtExpense": "None", "netIncomeFromContinuingOperations": "None", "comprehensiveIncomeNetOfTax": "None", "ebit": "553500000", "ebitda": "751400000", "netIncome": "367200000"}, {"fiscalDateEnding": "2005-12-31", "reportedCurrency": "USD", "grossProfit": "1621100000", "totalRevenue": "5473500000", "costOfRevenue": "3852400000", "costofGoodsAndServicesSold": "3852400000", "operatingIncome": "488300000", "sellingGeneralAndAdministrative": "1132800000", "researchAndDevelopment": "85400000", "operatingExpenses": "1132800000", "investmentIncomeNet": "None", "netInterestIncome": "None", "interestIncome": "None", "interestExpense": "0", "nonInterestIncome": "None", "otherNonOperatingIncome": "None", "depreciation": "None", "depreciationAndAmortization": "201500000", "incomeBeforeTax": "366800000", "incomeTaxExpense": "75000000", "interestAndDebtExpense": "None", "netIncomeFromContinuingOperations": "None", "comprehensiveIncomeNetOfTax": "None", "ebit": "551900000", "ebitda": "753400000", "netIncome": "226400000"}], "quarterlyReports": [{"fiscalDateEnding": "2024-12-31", "reportedCurrency": "USD", "grossProfit": "609200000", "totalRevenue": "2185700000", "costOfRevenue": "1576500000", "costofGoodsAndServicesSold": "1576500000", "operatingIncome": "279900000", "sellingGeneralAndAdministrative": "191500000", "researchAndDevelopment": "None", "operatingExpenses": "329300000", "investmentIncomeNet": "None", "netInterestIncome": "-29200000", "interestIncome": "None", "interestExpense": "29200000", "nonInterestIncome": "None", "otherNonOperatingIncome": "None", "depreciation": "None", "depreciationAndAmortization": "78200000", "incomeBeforeTax": "241400000", "incomeTaxExpense": "67400000", "interestAndDebtExpense": "None", "netIncomeFromContinuingOperations": "174000000", "comprehensiveIncomeNetOfTax": "None", "ebit": "270600000", "ebitda": "348800000", "netIncome": "174000000"}, {"fiscalDateEnding": "2024-09-30", "reportedCurrency": "USD", "grossProfit": "626600000", "totalRevenue": "2183400000", "costOfRevenue": "1556800000", "costofGoodsAndServicesSold": "1556800000", "operatingIncome": "279700000", "sellingGeneralAndAdministrative": "346900000", "researchAndDevelopment": "None", "operatingExpenses": "346900000", "investmentIncomeNet": "None", "netInterestIncome": "-30000000", "interestIncome": "None", "interestExpense": "30000000", "nonInterestIncome": "None", "otherNonOperatingIncome": "None", "depreciation": "None", "depreciationAndAmortization": "78100000", "incomeBeforeTax": "239300000", "incomeTaxExpense": "57600000", "interestAndDebtExpense": "None", "netIncomeFromContinuingOperations": "181700000", "comprehensiveIncomeNetOfTax": "None", "ebit": "269300000", "ebitda": "347400000", "netIncome": "181700000"}, {"fiscalDateEnding": "2024-06-30", "reportedCurrency": "USD", "grossProfit": "662700000", "totalRevenue": "2235300000", "costOfRevenue": "1572600000", "costofGoodsAndServicesSold": "1572600000", "operatingIncome": "288800000", "sellingGeneralAndAdministrative": "373900000", "researchAndDevelopment": "None", "operatingExpenses": "373900000", "investmentIncomeNet": "None", "netInterestIncome": "-29200000", "interestIncome": "None", "interestExpense": "29200000", "nonInterestIncome": "None", "otherNonOperatingIncome": "None", "depreciation": "None", "depreciationAndAmortization": "78600000", "incomeBeforeTax": "238400000", "incomeTaxExpense": "61600000", "interestAndDebtExpense": "None", "netIncomeFromContinuingOperations": "176800000", "comprehensiveIncomeNetOfTax": "None", "ebit": "288800000", "ebitda": "367400000", "netIncome": "176800000"}, {"fiscalDateEnding": "2024-03-31", "reportedCurrency": "USD", "grossProfit": "632200000", "totalRevenue": "2151300000", "costOfRevenue": "1519100000", "costofGoodsAndServicesSold": "1519100000", "operatingIncome": "267000000", "sellingGeneralAndAdministrative": "365200000", "researchAndDevelopment": "None", "operatingExpenses": "365200000", "investmentIncomeNet": "None", "netInterestIncome": "-28600000", "interestIncome": "None", "interestExpense": "28600000", "nonInterestIncome": "None", "otherNonOperatingIncome": "None", "depreciation": "None", "depreciationAndAmortization": "77300000", "incomeBeforeTax": "234400000", "incomeTaxExpense": "62000000", "interestAndDebtExpense": "None", "netIncomeFromContinuingOperations": "172400000", "comprehensiveIncomeNetOfTax": "None", "ebit": "267000000", "ebitda": "344300000", "netIncome": "172400000"}, {"fiscalDateEnding": "2023-12-31", "reportedCurrency": "USD", "grossProfit": "596000000", "totalRevenue": "2110500000", "costOfRevenue": "1514500000", "costofGoodsAndServicesSold": "1514500000", "operatingIncome": "261100000", "sellingGeneralAndAdministrative": "191300000", "researchAndDevelopment": "135800000", "operatingExpenses": "334900000", "investmentIncomeNet": "None", "netInterestIncome": "-29700000", "interestIncome": "None", "interestExpense": "29700000", "nonInterestIncome": "None", "otherNonOperatingIncome": "None", "depreciation": "None", "depreciationAndAmortization": "77000000", "incomeBeforeTax": "201600000", "incomeTaxExpense": "58500000", "interestAndDebtExpense": "None", "netIncomeFromContinuingOperations": "143100000", "comprehensiveIncomeNetOfTax": "None", "ebit": "261100000", "ebitda": "338100000", "netIncome": "143100000"}, {"fiscalDateEnding": "2023-09-30", "reportedCurrency": "USD", "grossProfit": "585800000", "totalRevenue": "2098300000", "costOfRevenue": "1512500000", "costofGoodsAndServicesSold": "1512500000", "operatingIncome": "261900000", "sellingGeneralAndAdministrative": "332600000", "researchAndDevelopment": "None", "operatingExpenses": "332600000", "investmentIncomeNet": "None", "netInterestIncome": "-31000000", "interestIncome": "None", "interestExpense": "31000000", "nonInterestIncome": "None", "otherNonOperatingIncome": "None", "depreciation": "None", "depreciationAndAmortization": "75100000", "incomeBeforeTax": "184600000", "incomeTaxExpense": "46300000", "interestAndDebtExpense": "None", "netIncomeFromContinuingOperations": "138300000", "comprehensiveIncomeNetOfTax": "None", "ebit": "261900000", "ebitda": "337000000", "netIncome": "138300000"}, {"fiscalDateEnding": "2023-06-30", "reportedCurrency": "USD", "grossProfit": "553400000", "totalRevenue": "2090500000", "costOfRevenue": "1537100000", "costofGoodsAndServicesSold": "1537100000", "operatingIncome": "172100000", "sellingGeneralAndAdministrative": "319600000", "researchAndDevelopment": "None", "operatingExpenses": "319600000", "investmentIncomeNet": "None", "netInterestIncome": "-31900000", "interestIncome": "None", "interestExpense": "31900000", "nonInterestIncome": "None", "otherNonOperatingIncome": "6600000", "depreciation": "None", "depreciationAndAmortization": "74000000", "incomeBeforeTax": "140200000", "incomeTaxExpense": "39800000", "interestAndDebtExpense": "None", "netIncomeFromContinuingOperations": "100400000", "comprehensiveIncomeNetOfTax": "None", "ebit": "172100000", "ebitda": "246100000", "netIncome": "100400000"}, {"fiscalDateEnding": "2023-03-31", "reportedCurrency": "USD", "grossProfit": "542300000", "totalRevenue": "2065000000", "costOfRevenue": "1522700000", "costofGoodsAndServicesSold": "1522700000", "operatingIncome": "194700000", "sellingGeneralAndAdministrative": "334400000", "researchAndDevelopment": "None", "operatingExpenses": "334400000", "investmentIncomeNet": "None", "netInterestIncome": "-26400000", "interestIncome": "None", "interestExpense": "26400000", "nonInterestIncome": "None", "otherNonOperatingIncome": "4600000", "depreciation": "None", "depreciationAndAmortization": "72300000", "incomeBeforeTax": "168300000", "incomeTaxExpense": "47100000", "interestAndDebtExpense": "None", "netIncomeFromContinuingOperations": "121200000", "comprehensiveIncomeNetOfTax": "None", "ebit": "194700000", "ebitda": "267000000", "netIncome": "121200000"}, {"fiscalDateEnding": "2022-12-31", "reportedCurrency": "USD", "grossProfit": "500200000", "totalRevenue": "2025900000", "costOfRevenue": "1525700000", "costofGoodsAndServicesSold": "1525700000", "operatingIncome": "191700000", "sellingGeneralAndAdministrative": "312300000", "researchAndDevelopment": "136100000", "operatingExpenses": "312300000", "investmentIncomeNet": "None", "netInterestIncome": "-22500000", "interestIncome": "None", "interestExpense": "22500000", "nonInterestIncome": "None", "otherNonOperatingIncome": "5300000", "depreciation": "None", "depreciationAndAmortization": "73500000", "incomeBeforeTax": "169200000", "incomeTaxExpense": "46300000", "interestAndDebtExpense": "None", "netIncomeFromContinuingOperations": "122900000", "comprehensiveIncomeNetOfTax": "None", "ebit": "191700000", "ebitda": "265200000", "netIncome": "122900000"}, {"fiscalDateEnding": "2022-09-30", "reportedCurrency": "USD", "grossProfit": "619200000", "totalRevenue": "2317100000", "costOfRevenue": "1697900000", "costofGoodsAndServicesSold": "1697900000", "operatingIncome": "293700000", "sellingGeneralAndAdministrative": "330800000", "researchAndDevelopment": "None", "operatingExpenses": "330800000", "investmentIncomeNet": "None", "netInterestIncome": "-21200000", "interestIncome": "None", "interestExpense": "21200000", "nonInterestIncome": "None", "otherNonOperatingIncome": "1400000", "depreciation": "None", "depreciationAndAmortization": "72000000", "incomeBeforeTax": "272500000", "incomeTaxExpense": "51000000", "interestAndDebtExpense": "None", "netIncomeFromContinuingOperations": "221500000", "comprehensiveIncomeNetOfTax": "None", "ebit": "293700000", "ebitda": "365700000", "netIncome": "221500000"}, {"fiscalDateEnding": "2022-06-30", "reportedCurrency": "USD", "grossProfit": "643500000", "totalRevenue": "2347000000", "costOfRevenue": "1703500000", "costofGoodsAndServicesSold": "1703500000", "operatingIncome": "308700000", "sellingGeneralAndAdministrative": "332700000", "researchAndDevelopment": "None", "operatingExpenses": "332700000", "investmentIncomeNet": "None", "netInterestIncome": "-20800000", "interestIncome": "None", "interestExpense": "20800000", "nonInterestIncome": "None", "otherNonOperatingIncome": "1300000", "depreciation": "None", "depreciationAndAmortization": "73200000", "incomeBeforeTax": "287900000", "incomeTaxExpense": "73400000", "interestAndDebtExpense": "None", "netIncomeFromContinuingOperations": "214500000", "comprehensiveIncomeNetOfTax": "None", "ebit": "308700000", "ebitda": "381900000", "netIncome": "214500000"}, {"fiscalDateEnding": "2022-03-31", "reportedCurrency": "USD", "grossProfit": "641300000", "totalRevenue": "2349300000", "costOfRevenue": "1708000000", "costofGoodsAndServicesSold": "1708000000", "operatingIncome": "289300000", "sellingGeneralAndAdministrative": "355000000", "researchAndDevelopment": "None", "operatingExpenses": "355000000", "investmentIncomeNet": "None", "netInterestIncome": "-19600000", "interestIncome": "None", "interestExpense": "19600000", "nonInterestIncome": "None", "otherNonOperatingIncome": "1400000", "depreciation": "None", "depreciationAndAmortization": "72000000", "incomeBeforeTax": "269700000", "incomeTaxExpense": "71500000", "interestAndDebtExpense": "None", "netIncomeFromContinuingOperations": "198200000", "comprehensiveIncomeNetOfTax": "None", "ebit": "289300000", "ebitda": "361300000", "netIncome": "198200000"}, {"fiscalDateEnding": "2021-12-31", "reportedCurrency": "USD", "grossProfit": "585100000", "totalRevenue": "2183200000", "costOfRevenue": "1598100000", "costofGoodsAndServicesSold": "1598100000", "operatingIncome": "263600000", "sellingGeneralAndAdministrative": "332300000", "researchAndDevelopment": "136600000", "operatingExpenses": "332300000", "investmentIncomeNet": "None", "netInterestIncome": "-20000000", "interestIncome": "None", "interestExpense": "20000000", "nonInterestIncome": "None", "otherNonOperatingIncome": "100000", "depreciation": "None", "depreciationAndAmortization": "72600000", "incomeBeforeTax": "244000000", "incomeTaxExpense": "60900000", "interestAndDebtExpense": "None", "netIncomeFromContinuingOperations": "182700000", "comprehensiveIncomeNetOfTax": "None", "ebit": "264000000", "ebitda": "336600000", "netIncome": "182700000"}, {"fiscalDateEnding": "2021-09-30", "reportedCurrency": "USD", "grossProfit": "554400000", "totalRevenue": "2071800000", "costOfRevenue": "1517400000", "costofGoodsAndServicesSold": "1517400000", "operatingIncome": "257500000", "sellingGeneralAndAdministrative": "296000000", "researchAndDevelopment": "None", "operatingExpenses": "296900000", "investmentIncomeNet": "None", "netInterestIncome": "-18000000", "interestIncome": "None", "interestExpense": "18000000", "nonInterestIncome": "None", "otherNonOperatingIncome": "-200000", "depreciation": "None", "depreciationAndAmortization": "61900000", "incomeBeforeTax": "224400000", "incomeTaxExpense": "59200000", "interestAndDebtExpense": "None", "netIncomeFromContinuingOperations": "164100000", "comprehensiveIncomeNetOfTax": "None", "ebit": "242400000", "ebitda": "304300000", "netIncome": "164100000"}, {"fiscalDateEnding": "2021-06-30", "reportedCurrency": "USD", "grossProfit": "576300000", "totalRevenue": "2102000000", "costOfRevenue": "1525700000", "costofGoodsAndServicesSold": "1525700000", "operatingIncome": "269300000", "sellingGeneralAndAdministrative": "307000000", "researchAndDevelopment": "None", "operatingExpenses": "307000000", "investmentIncomeNet": "None", "netInterestIncome": "-16000000", "interestIncome": "None", "interestExpense": "16000000", "nonInterestIncome": "None", "otherNonOperatingIncome": "300000", "depreciation": "None", "depreciationAndAmortization": "55200000", "incomeBeforeTax": "255300000", "incomeTaxExpense": "70400000", "interestAndDebtExpense": "None", "netIncomeFromContinuingOperations": "183800000", "comprehensiveIncomeNetOfTax": "None", "ebit": "271300000", "ebitda": "326500000", "netIncome": "183800000"}, {"fiscalDateEnding": "2021-03-31", "reportedCurrency": "USD", "grossProfit": "597000000", "totalRevenue": "2051300000", "costOfRevenue": "1454300000", "costofGoodsAndServicesSold": "1454300000", "operatingIncome": "284700000", "sellingGeneralAndAdministrative": "312000000", "researchAndDevelopment": "None", "operatingExpenses": "312300000", "investmentIncomeNet": "None", "netInterestIncome": "-16200000", "interestIncome": "None", "interestExpense": "16200000", "nonInterestIncome": "None", "otherNonOperatingIncome": "None", "depreciation": "None", "depreciationAndAmortization": "54400000", "incomeBeforeTax": "268900000", "incomeTaxExpense": "58100000", "interestAndDebtExpense": "None", "netIncomeFromContinuingOperations": "210800000", "comprehensiveIncomeNetOfTax": "None", "ebit": "284700000", "ebitda": "339100000", "netIncome": "209500000"}, {"fiscalDateEnding": "2020-12-31", "reportedCurrency": "USD", "grossProfit": "571100000", "totalRevenue": "1990900000", "costOfRevenue": "1419800000", "costofGoodsAndServicesSold": "1419800000", "operatingIncome": "269300000", "sellingGeneralAndAdministrative": "1060000000", "researchAndDevelopment": "112800000", "operatingExpenses": "301800000", "investmentIncomeNet": "None", "netInterestIncome": "-15600000", "interestIncome": "None", "interestExpense": "15600000", "nonInterestIncome": "None", "otherNonOperatingIncome": "-3000000", "depreciation": "None", "depreciationAndAmortization": "55500000", "incomeBeforeTax": "255300000", "incomeTaxExpense": "62900000", "interestAndDebtExpense": "None", "netIncomeFromContinuingOperations": "192400000", "comprehensiveIncomeNetOfTax": "None", "ebit": "270900000", "ebitda": "326400000", "netIncome": "191500000"}, {"fiscalDateEnding": "2020-09-30", "reportedCurrency": "USD", "grossProfit": "484200000", "totalRevenue": "1729100000", "costOfRevenue": "1244900000", "costofGoodsAndServicesSold": "1244900000", "operatingIncome": "225900000", "sellingGeneralAndAdministrative": "258000000", "researchAndDevelopment": "None", "operatingExpenses": "258300000", "investmentIncomeNet": "None", "netInterestIncome": "-15600000", "interestIncome": "None", "interestExpense": "15600000", "nonInterestIncome": "None", "otherNonOperatingIncome": "-1100000", "depreciation": "None", "depreciationAndAmortization": "52000000", "incomeBeforeTax": "197800000", "incomeTaxExpense": "46300000", "interestAndDebtExpense": "None", "netIncomeFromContinuingOperations": "151500000", "comprehensiveIncomeNetOfTax": "None", "ebit": "225900000", "ebitda": "277900000", "netIncome": "150500000"}, {"fiscalDateEnding": "2020-06-30", "reportedCurrency": "USD", "grossProfit": "382900000", "totalRevenue": "1528500000", "costOfRevenue": "1145600000", "costofGoodsAndServicesSold": "1145600000", "operatingIncome": "163500000", "sellingGeneralAndAdministrative": "219400000", "researchAndDevelopment": "None", "operatingExpenses": "219400000", "investmentIncomeNet": "None", "netInterestIncome": "-20000000", "interestIncome": "None", "interestExpense": "20000000", "nonInterestIncome": "None", "otherNonOperatingIncome": "-1600000", "depreciation": "None", "depreciationAndAmortization": "50300000", "incomeBeforeTax": "103300000", "incomeTaxExpense": "22200000", "interestAndDebtExpense": "None", "netIncomeFromContinuingOperations": "81100000", "comprehensiveIncomeNetOfTax": "None", "ebit": "123300000", "ebitda": "173600000", "netIncome": "79700000"}, {"fiscalDateEnding": "2020-03-31", "reportedCurrency": "USD", "grossProfit": "485100000", "totalRevenue": "1723000000", "costOfRevenue": "1237900000", "costofGoodsAndServicesSold": "1237900000", "operatingIncome": "185300000", "sellingGeneralAndAdministrative": "281000000", "researchAndDevelopment": "None", "operatingExpenses": "281000000", "investmentIncomeNet": "None", "netInterestIncome": "-18800000", "interestIncome": "None", "interestExpense": "18800000", "nonInterestIncome": "None", "otherNonOperatingIncome": "100000", "depreciation": "None", "depreciationAndAmortization": "47500000", "incomeBeforeTax": "180900000", "incomeTaxExpense": "46300000", "interestAndDebtExpense": "None", "netIncomeFromContinuingOperations": "134600000", "comprehensiveIncomeNetOfTax": "None", "ebit": "204100000", "ebitda": "251600000", "netIncome": "134200000"}, {"fiscalDateEnding": "2019-12-31", "reportedCurrency": "USD", "grossProfit": "484700000", "totalRevenue": "1772900000", "costOfRevenue": "1288200000", "costofGoodsAndServicesSold": "1288200000", "operatingIncome": "211600000", "sellingGeneralAndAdministrative": "250000000", "researchAndDevelopment": "92600000", "operatingExpenses": "273100000", "investmentIncomeNet": "None", "netInterestIncome": "-17800000", "interestIncome": "None", "interestExpense": "17800000", "nonInterestIncome": "None", "otherNonOperatingIncome": "2400000", "depreciation": "None", "depreciationAndAmortization": "45600000", "incomeBeforeTax": "165300000", "incomeTaxExpense": "2200000", "interestAndDebtExpense": "None", "netIncomeFromContinuingOperations": "163100000", "comprehensiveIncomeNetOfTax": "None", "ebit": "183100000", "ebitda": "228700000", "netIncome": "162500000"}, {"fiscalDateEnding": "2019-09-30", "reportedCurrency": "USD", "grossProfit": "471700000", "totalRevenue": "1761400000", "costOfRevenue": "1289700000", "costofGoodsAndServicesSold": "1289700000", "operatingIncome": "206400000", "sellingGeneralAndAdministrative": "243500000", "researchAndDevelopment": "21700000", "operatingExpenses": "265300000", "investmentIncomeNet": "None", "netInterestIncome": "-19000000", "interestIncome": "None", "interestExpense": "19000000", "nonInterestIncome": "None", "otherNonOperatingIncome": "-1500000", "depreciation": "None", "depreciationAndAmortization": "44000000", "incomeBeforeTax": "179900000", "incomeTaxExpense": "34600000", "interestAndDebtExpense": "None", "netIncomeFromContinuingOperations": "145300000", "comprehensiveIncomeNetOfTax": "None", "ebit": "206400000", "ebitda": "250400000", "netIncome": "144600000"}, {"fiscalDateEnding": "2019-06-30", "reportedCurrency": "USD", "grossProfit": "482300000", "totalRevenue": "1795700000", "costOfRevenue": "1313400000", "costofGoodsAndServicesSold": "1313400000", "operatingIncome": "197100000", "sellingGeneralAndAdministrative": "241500000", "researchAndDevelopment": "24800000", "operatingExpenses": "265700000", "investmentIncomeNet": "None", "netInterestIncome": "-19500000", "interestIncome": "None", "interestExpense": "19500000", "nonInterestIncome": "None", "otherNonOperatingIncome": "-1300000", "depreciation": "None", "depreciationAndAmortization": "44900000", "incomeBeforeTax": "188700000", "incomeTaxExpense": "44900000", "interestAndDebtExpense": "None", "netIncomeFromContinuingOperations": "143800000", "comprehensiveIncomeNetOfTax": "None", "ebit": "208200000", "ebitda": "253100000", "netIncome": "143400000"}, {"fiscalDateEnding": "2019-03-31", "reportedCurrency": "USD", "grossProfit": "465400000", "totalRevenue": "1740100000", "costOfRevenue": "1274700000", "costofGoodsAndServicesSold": "1274700000", "operatingIncome": "189100000", "sellingGeneralAndAdministrative": "251700000", "researchAndDevelopment": "24700000", "operatingExpenses": "276300000", "investmentIncomeNet": "None", "netInterestIncome": "-19500000", "interestIncome": "None", "interestExpense": "19500000", "nonInterestIncome": "None", "otherNonOperatingIncome": "-447400000", "depreciation": "None", "depreciationAndAmortization": "44500000", "incomeBeforeTax": "-284400000", "incomeTaxExpense": "-138400000", "interestAndDebtExpense": "None", "netIncomeFromContinuingOperations": "-146000000", "comprehensiveIncomeNetOfTax": "None", "ebit": "-264900000", "ebitda": "-220400000", "netIncome": "-146900000"}, {"fiscalDateEnding": "2018-12-31", "reportedCurrency": "USD", "grossProfit": "471500000", "totalRevenue": "1768700000", "costOfRevenue": "1297200000", "costofGoodsAndServicesSold": "1297200000", "operatingIncome": "197000000", "sellingGeneralAndAdministrative": "264400000", "researchAndDevelopment": "23700000", "operatingExpenses": "274500000", "investmentIncomeNet": "None", "netInterestIncome": "None", "interestIncome": "None", "interestExpense": "16300000", "nonInterestIncome": "None", "otherNonOperatingIncome": "-90100000", "depreciation": "None", "depreciationAndAmortization": "45000000", "incomeBeforeTax": "87800000", "incomeTaxExpense": "-9500000", "interestAndDebtExpense": "None", "netIncomeFromContinuingOperations": "97300000", "comprehensiveIncomeNetOfTax": "None", "ebit": "104100000", "ebitda": "149100000", "netIncome": "97100000"}, {"fiscalDateEnding": "2018-09-30", "reportedCurrency": "USD", "grossProfit": "459200000", "totalRevenue": "1759700000", "costOfRevenue": "1300500000", "costofGoodsAndServicesSold": "1300500000", "operatingIncome": "188700000", "sellingGeneralAndAdministrative": "243300000", "researchAndDevelopment": "24500000", "operatingExpenses": "270500000", "investmentIncomeNet": "None", "netInterestIncome": "None", "interestIncome": "None", "interestExpense": "14700000", "nonInterestIncome": "None", "otherNonOperatingIncome": "-9800000", "depreciation": "None", "depreciationAndAmortization": "46700000", "incomeBeforeTax": "168000000", "incomeTaxExpense": "17700000", "interestAndDebtExpense": "None", "netIncomeFromContinuingOperations": "150300000", "comprehensiveIncomeNetOfTax": "None", "ebit": "182700000", "ebitda": "229400000", "netIncome": "149500000"}, {"fiscalDateEnding": "2018-06-30", "reportedCurrency": "USD", "grossProfit": "501400000", "totalRevenue": "1854200000", "costOfRevenue": "1352800000", "costofGoodsAndServicesSold": "1352800000", "operatingIncome": "199600000", "sellingGeneralAndAdministrative": "287500000", "researchAndDevelopment": "25200000", "operatingExpenses": "287500000", "investmentIncomeNet": "None", "netInterestIncome": "None", "interestIncome": "None", "interestExpense": "14300000", "nonInterestIncome": "None", "otherNonOperatingIncome": "-3000000", "depreciation": "None", "depreciationAndAmortization": "44800000", "incomeBeforeTax": "139900000", "incomeTaxExpense": "43900000", "interestAndDebtExpense": "None", "netIncomeFromContinuingOperations": "96000000", "comprehensiveIncomeNetOfTax": "None", "ebit": "154200000", "ebitda": "199000000", "netIncome": "95600000"}, {"fiscalDateEnding": "2018-03-31", "reportedCurrency": "USD", "grossProfit": "483400000", "totalRevenue": "1776400000", "costOfRevenue": "1293000000", "costofGoodsAndServicesSold": "1293000000", "operatingIncome": "188400000", "sellingGeneralAndAdministrative": "295000000", "researchAndDevelopment": "24800000", "operatingExpenses": "295000000", "investmentIncomeNet": "None", "netInterestIncome": "None", "interestIncome": "None", "interestExpense": "13200000", "nonInterestIncome": "None", "otherNonOperatingIncome": "-3900000", "depreciation": "None", "depreciationAndAmortization": "44500000", "incomeBeforeTax": "159100000", "incomeTaxExpense": "33300000", "interestAndDebtExpense": "None", "netIncomeFromContinuingOperations": "125800000", "comprehensiveIncomeNetOfTax": "None", "ebit": "172300000", "ebitda": "216800000", "netIncome": "125200000"}, {"fiscalDateEnding": "2017-12-31", "reportedCurrency": "USD", "grossProfit": "465600000", "totalRevenue": "1735300000", "costOfRevenue": "1269700000", "costofGoodsAndServicesSold": "1269700000", "operatingIncome": "179600000", "sellingGeneralAndAdministrative": "286000000", "researchAndDevelopment": "23400000", "operatingExpenses": "286000000", "investmentIncomeNet": "None", "netInterestIncome": "None", "interestIncome": "None", "interestExpense": "13300000", "nonInterestIncome": "None", "otherNonOperatingIncome": "None", "depreciation": "None", "depreciationAndAmortization": "43900000", "incomeBeforeTax": "157300000", "incomeTaxExpense": "216900000", "interestAndDebtExpense": "None", "netIncomeFromContinuingOperations": "-59600000", "comprehensiveIncomeNetOfTax": "None", "ebit": "170600000", "ebitda": "214500000", "netIncome": "-59600000"}, {"fiscalDateEnding": "2017-09-30", "reportedCurrency": "USD", "grossProfit": "451600000", "totalRevenue": "1679500000", "costOfRevenue": "1227900000", "costofGoodsAndServicesSold": "1227900000", "operatingIncome": "174400000", "sellingGeneralAndAdministrative": "277200000", "researchAndDevelopment": "23600000", "operatingExpenses": "277200000", "investmentIncomeNet": "None", "netInterestIncome": "None", "interestIncome": "None", "interestExpense": "16800000", "nonInterestIncome": "None", "otherNonOperatingIncome": "None", "depreciation": "None", "depreciationAndAmortization": "44000000", "incomeBeforeTax": "146800000", "incomeTaxExpense": "38500000", "interestAndDebtExpense": "None", "netIncomeFromContinuingOperations": "108300000", "comprehensiveIncomeNetOfTax": "None", "ebit": "163600000", "ebitda": "207600000", "netIncome": "108300000"}, {"fiscalDateEnding": "2017-06-30", "reportedCurrency": "USD", "grossProfit": "452600000", "totalRevenue": "1626900000", "costOfRevenue": "1174300000", "costofGoodsAndServicesSold": "1174300000", "operatingIncome": "175900000", "sellingGeneralAndAdministrative": "276700000", "researchAndDevelopment": "23500000", "operatingExpenses": "276700000", "investmentIncomeNet": "None", "netInterestIncome": "None", "interestIncome": "None", "interestExpense": "16200000", "nonInterestIncome": "None", "otherNonOperatingIncome": "None", "depreciation": "None", "depreciationAndAmortization": "46200000", "incomeBeforeTax": "149500000", "incomeTaxExpense": "28600000", "interestAndDebtExpense": "None", "netIncomeFromContinuingOperations": "120900000", "comprehensiveIncomeNetOfTax": "None", "ebit": "165700000", "ebitda": "211900000", "netIncome": "120900000"}, {"fiscalDateEnding": "2017-03-31", "reportedCurrency": "USD", "grossProfit": "442400000", "totalRevenue": "1572100000", "costOfRevenue": "1129700000", "costofGoodsAndServicesSold": "1129700000", "operatingIncome": "159100000", "sellingGeneralAndAdministrative": "259200000", "researchAndDevelopment": "22900000", "operatingExpenses": "283300000", "investmentIncomeNet": "None", "netInterestIncome": "None", "interestIncome": "None", "interestExpense": "16700000", "nonInterestIncome": "None", "otherNonOperatingIncome": "None", "depreciation": "None", "depreciationAndAmortization": "44600000", "incomeBeforeTax": "135900000", "incomeTaxExpense": "23700000", "interestAndDebtExpense": "None", "netIncomeFromContinuingOperations": "112200000", "comprehensiveIncomeNetOfTax": "None", "ebit": "162600000", "ebitda": "207200000", "netIncome": "112200000"}, {"fiscalDateEnding": "2016-12-31", "reportedCurrency": "USD", "grossProfit": "425400000", "totalRevenue": "1550800000", "costOfRevenue": "1125400000", "costofGoodsAndServicesSold": "1125400000", "operatingIncome": "145600000", "sellingGeneralAndAdministrative": "279800000", "researchAndDevelopment": "22300000", "operatingExpenses": "279800000", "investmentIncomeNet": "None", "netInterestIncome": "None", "interestIncome": "None", "interestExpense": "14500000", "nonInterestIncome": "None", "otherNonOperatingIncome": "None", "depreciation": "None", "depreciationAndAmortization": "44600000", "incomeBeforeTax": "126300000", "incomeTaxExpense": "64300000", "interestAndDebtExpense": "None", "netIncomeFromContinuingOperations": "-5800000", "comprehensiveIncomeNetOfTax": "None", "ebit": "140800000", "ebitda": "185400000", "netIncome": "62000000"}, {"fiscalDateEnding": "2016-09-30", "reportedCurrency": "USD", "grossProfit": "417600000", "totalRevenue": "1508700000", "costOfRevenue": "1091100000", "costofGoodsAndServicesSold": "1091100000", "operatingIncome": "147300000", "sellingGeneralAndAdministrative": "245100000", "researchAndDevelopment": "22400000", "operatingExpenses": "270300000", "investmentIncomeNet": "None", "netInterestIncome": "None", "interestIncome": "None", "interestExpense": "14700000", "nonInterestIncome": "None", "otherNonOperatingIncome": "None", "depreciation": "None", "depreciationAndAmortization": "46100000", "incomeBeforeTax": "128000000", "incomeTaxExpense": "38900000", "interestAndDebtExpense": "None", "netIncomeFromContinuingOperations": "89100000", "comprehensiveIncomeNetOfTax": "None", "ebit": "150100000", "ebitda": "196200000", "netIncome": "89100000"}, {"fiscalDateEnding": "2016-06-30", "reportedCurrency": "USD", "grossProfit": "434100000", "totalRevenue": "1541500000", "costOfRevenue": "1107400000", "costofGoodsAndServicesSold": "1107400000", "operatingIncome": "164900000", "sellingGeneralAndAdministrative": "269200000", "researchAndDevelopment": "22700000", "operatingExpenses": "269200000", "investmentIncomeNet": "None", "netInterestIncome": "None", "interestIncome": "None", "interestExpense": "15400000", "nonInterestIncome": "None", "otherNonOperatingIncome": "None", "depreciation": "None", "depreciationAndAmortization": "45100000", "incomeBeforeTax": "99300000", "incomeTaxExpense": "19300000", "interestAndDebtExpense": "None", "netIncomeFromContinuingOperations": "80000000", "comprehensiveIncomeNetOfTax": "None", "ebit": "158000000", "ebitda": "203100000", "netIncome": "80000000"}, {"fiscalDateEnding": "2016-03-31", "reportedCurrency": "USD", "grossProfit": "422600000", "totalRevenue": "1485500000", "costOfRevenue": "1062900000", "costofGoodsAndServicesSold": "1062900000", "operatingIncome": "144400000", "sellingGeneralAndAdministrative": "251400000", "researchAndDevelopment": "22300000", "operatingExpenses": "278200000", "investmentIncomeNet": "None", "netInterestIncome": "None", "interestIncome": "None", "interestExpense": "15300000", "nonInterestIncome": "None", "otherNonOperatingIncome": "None", "depreciation": "None", "depreciationAndAmortization": "44300000", "incomeBeforeTax": "123500000", "incomeTaxExpense": "33900000", "interestAndDebtExpense": "None", "netIncomeFromContinuingOperations": "157400000", "comprehensiveIncomeNetOfTax": "None", "ebit": "148900000", "ebitda": "193200000", "netIncome": "89600000"}, {"fiscalDateEnding": "2015-12-31", "reportedCurrency": "USD", "grossProfit": "392300000", "totalRevenue": "1454800000", "costOfRevenue": "1062500000", "costofGoodsAndServicesSold": "1062500000", "operatingIncome": "126000000", "sellingGeneralAndAdministrative": "266300000", "researchAndDevelopment": "21300000", "operatingExpenses": "266300000", "investmentIncomeNet": "None", "netInterestIncome": "None", "interestIncome": "None", "interestExpense": "15200000", "nonInterestIncome": "None", "otherNonOperatingIncome": "None", "depreciation": "None", "depreciationAndAmortization": "45500000", "incomeBeforeTax": "91500000", "incomeTaxExpense": "35000000", "interestAndDebtExpense": "None", "netIncomeFromContinuingOperations": "127800000", "comprehensiveIncomeNetOfTax": "None", "ebit": "106700000", "ebitda": "152200000", "netIncome": "57000000"}, {"fiscalDateEnding": "2015-09-30", "reportedCurrency": "USD", "grossProfit": "405900000", "totalRevenue": "1468100000", "costOfRevenue": "1062200000", "costofGoodsAndServicesSold": "1062200000", "operatingIncome": "137800000", "sellingGeneralAndAdministrative": "226000000", "researchAndDevelopment": "22200000", "operatingExpenses": "268100000", "investmentIncomeNet": "None", "netInterestIncome": "None", "interestIncome": "None", "interestExpense": "14700000", "nonInterestIncome": "None", "otherNonOperatingIncome": "None", "depreciation": "None", "depreciationAndAmortization": "46100000", "incomeBeforeTax": "116100000", "incomeTaxExpense": "34800000", "interestAndDebtExpense": "None", "netIncomeFromContinuingOperations": "150900000", "comprehensiveIncomeNetOfTax": "None", "ebit": "157700000", "ebitda": "203800000", "netIncome": "81700000"}, {"fiscalDateEnding": "2015-06-30", "reportedCurrency": "USD", "grossProfit": "417600000", "totalRevenue": "1516000000", "costOfRevenue": "1098400000", "costofGoodsAndServicesSold": "1098400000", "operatingIncome": "143800000", "sellingGeneralAndAdministrative": "273800000", "researchAndDevelopment": "22800000", "operatingExpenses": "273800000", "investmentIncomeNet": "None", "netInterestIncome": "None", "interestIncome": "None", "interestExpense": "15300000", "nonInterestIncome": "None", "otherNonOperatingIncome": "None", "depreciation": "None", "depreciationAndAmortization": "47400000", "incomeBeforeTax": "100800000", "incomeTaxExpense": "36500000", "interestAndDebtExpense": "None", "netIncomeFromContinuingOperations": "137300000", "comprehensiveIncomeNetOfTax": "None", "ebit": "152000000", "ebitda": "199400000", "netIncome": "63700000"}, {"fiscalDateEnding": "2015-03-31", "reportedCurrency": "USD", "grossProfit": "430000000", "totalRevenue": "1528000000", "costOfRevenue": "1098000000", "costofGoodsAndServicesSold": "1098000000", "operatingIncome": "129100000", "sellingGeneralAndAdministrative": "286500000", "researchAndDevelopment": "25600000", "operatingExpenses": "300900000", "investmentIncomeNet": "None", "netInterestIncome": "None", "interestIncome": "None", "interestExpense": "15300000", "nonInterestIncome": "None", "otherNonOperatingIncome": "None", "depreciation": "None", "depreciationAndAmortization": "49300000", "incomeBeforeTax": "99500000", "incomeTaxExpense": "27900000", "interestAndDebtExpense": "None", "netIncomeFromContinuingOperations": "127400000", "comprehensiveIncomeNetOfTax": "None", "ebit": "117900000", "ebitda": "167200000", "netIncome": "71900000"}, {"fiscalDateEnding": "2014-12-31", "reportedCurrency": "USD", "grossProfit": "415100000", "totalRevenue": "1604800000", "costOfRevenue": "1189700000", "costofGoodsAndServicesSold": "1189700000", "operatingIncome": "129800000", "sellingGeneralAndAdministrative": "285300000", "researchAndDevelopment": "25500000", "operatingExpenses": "285300000", "investmentIncomeNet": "None", "netInterestIncome": "None", "interestIncome": "None", "interestExpense": "16900000", "nonInterestIncome": "None", "otherNonOperatingIncome": "None", "depreciation": "None", "depreciationAndAmortization": "53100000", "incomeBeforeTax": "98300000", "incomeTaxExpense": "28200000", "interestAndDebtExpense": "None", "netIncomeFromContinuingOperations": "126500000", "comprehensiveIncomeNetOfTax": "None", "ebit": "115200000", "ebitda": "168300000", "netIncome": "70900000"}, {"fiscalDateEnding": "2014-09-30", "reportedCurrency": "USD", "grossProfit": "400700000", "totalRevenue": "1559600000", "costOfRevenue": "1158900000", "costofGoodsAndServicesSold": "1158900000", "operatingIncome": "124400000", "sellingGeneralAndAdministrative": "276300000", "researchAndDevelopment": "25100000", "operatingExpenses": "276300000", "investmentIncomeNet": "None", "netInterestIncome": "None", "interestIncome": "None", "interestExpense": "15400000", "nonInterestIncome": "None", "otherNonOperatingIncome": "None", "depreciation": "None", "depreciationAndAmortization": "49100000", "incomeBeforeTax": "101200000", "incomeTaxExpense": "36200000", "interestAndDebtExpense": "None", "netIncomeFromContinuingOperations": "137400000", "comprehensiveIncomeNetOfTax": "None", "ebit": "148000000", "ebitda": "197100000", "netIncome": "60200000"}, {"fiscalDateEnding": "2014-06-30", "reportedCurrency": "USD", "grossProfit": "428200000", "totalRevenue": "1615800000", "costOfRevenue": "1187600000", "costofGoodsAndServicesSold": "1187600000", "operatingIncome": "131200000", "sellingGeneralAndAdministrative": "297000000", "researchAndDevelopment": "26900000", "operatingExpenses": "297000000", "investmentIncomeNet": "None", "netInterestIncome": "None", "interestIncome": "None", "interestExpense": "15600000", "nonInterestIncome": "None", "otherNonOperatingIncome": "None", "depreciation": "None", "depreciationAndAmortization": "49400000", "incomeBeforeTax": "77100000", "incomeTaxExpense": "32700000", "interestAndDebtExpense": "None", "netIncomeFromContinuingOperations": "109800000", "comprehensiveIncomeNetOfTax": "None", "ebit": "92700000", "ebitda": "142100000", "netIncome": "42500000"}, {"fiscalDateEnding": "2014-03-31", "reportedCurrency": "USD", "grossProfit": "407200000", "totalRevenue": "1550100000", "costOfRevenue": "1142900000", "costofGoodsAndServicesSold": "1142900000", "operatingIncome": "110500000", "sellingGeneralAndAdministrative": "270800000", "researchAndDevelopment": "24900000", "operatingExpenses": "296700000", "investmentIncomeNet": "None", "netInterestIncome": "None", "interestIncome": "None", "interestExpense": "15400000", "nonInterestIncome": "None", "otherNonOperatingIncome": "None", "depreciation": "None", "depreciationAndAmortization": "50000000", "incomeBeforeTax": "87800000", "incomeTaxExpense": "16200000", "interestAndDebtExpense": "None", "netIncomeFromContinuingOperations": "104000000", "comprehensiveIncomeNetOfTax": "None", "ebit": "109500000", "ebitda": "159500000", "netIncome": "71200000"}, {"fiscalDateEnding": "2013-12-31", "reportedCurrency": "USD", "grossProfit": "416300000", "totalRevenue": "1583900000", "costOfRevenue": "1167600000", "costofGoodsAndServicesSold": "1167600000", "operatingIncome": "117400000", "sellingGeneralAndAdministrative": "285700000", "researchAndDevelopment": "25000000", "operatingExpenses": "298900000", "investmentIncomeNet": "None", "netInterestIncome": "None", "interestIncome": "None", "interestExpense": "16000000", "nonInterestIncome": "None", "otherNonOperatingIncome": "None", "depreciation": "None", "depreciationAndAmortization": "48900000", "incomeBeforeTax": "97700000", "incomeTaxExpense": "53000000", "interestAndDebtExpense": "None", "netIncomeFromContinuingOperations": "44700000", "comprehensiveIncomeNetOfTax": "None", "ebit": "113700000", "ebitda": "162600000", "netIncome": "42700000"}, {"fiscalDateEnding": "2013-09-30", "reportedCurrency": "USD", "grossProfit": "402200000", "totalRevenue": "1504900000", "costOfRevenue": "1102700000", "costofGoodsAndServicesSold": "1102700000", "operatingIncome": "116500000", "sellingGeneralAndAdministrative": "285700000", "researchAndDevelopment": "22400000", "operatingExpenses": "285700000", "investmentIncomeNet": "None", "netInterestIncome": "None", "interestIncome": "None", "interestExpense": "16000000", "nonInterestIncome": "None", "otherNonOperatingIncome": "None", "depreciation": "None", "depreciationAndAmortization": "52400000", "incomeBeforeTax": "74800000", "incomeTaxExpense": "12800000", "interestAndDebtExpense": "None", "netIncomeFromContinuingOperations": "62000000", "comprehensiveIncomeNetOfTax": "None", "ebit": "106700000", "ebitda": "159100000", "netIncome": "37000000"}, {"fiscalDateEnding": "2013-06-30", "reportedCurrency": "USD", "grossProfit": "417500000", "totalRevenue": "1552300000", "costOfRevenue": "1134800000", "costofGoodsAndServicesSold": "1134800000", "operatingIncome": "124000000", "sellingGeneralAndAdministrative": "293500000", "researchAndDevelopment": "25100000", "operatingExpenses": "293500000", "investmentIncomeNet": "None", "netInterestIncome": "None", "interestIncome": "None", "interestExpense": "14800000", "nonInterestIncome": "None", "otherNonOperatingIncome": "None", "depreciation": "None", "depreciationAndAmortization": "51800000", "incomeBeforeTax": "109500000", "incomeTaxExpense": "38700000", "interestAndDebtExpense": "None", "netIncomeFromContinuingOperations": "70800000", "comprehensiveIncomeNetOfTax": "None", "ebit": "124300000", "ebitda": "176100000", "netIncome": "68800000"}, {"fiscalDateEnding": "2013-03-31", "reportedCurrency": "USD", "grossProfit": "401700000", "totalRevenue": "1498900000", "costOfRevenue": "1097200000", "costofGoodsAndServicesSold": "1097200000", "operatingIncome": "100800000", "sellingGeneralAndAdministrative": "284300000", "researchAndDevelopment": "23500000", "operatingExpenses": "300900000", "investmentIncomeNet": "None", "netInterestIncome": "None", "interestIncome": "None", "interestExpense": "12200000", "nonInterestIncome": "None", "otherNonOperatingIncome": "None", "depreciation": "None", "depreciationAndAmortization": "51500000", "incomeBeforeTax": "81100000", "incomeTaxExpense": "14300000", "interestAndDebtExpense": "None", "netIncomeFromContinuingOperations": "66800000", "comprehensiveIncomeNetOfTax": "None", "ebit": "93300000", "ebitda": "144800000", "netIncome": "57800000"}, {"fiscalDateEnding": "2012-12-31", "reportedCurrency": "USD", "grossProfit": "397700000", "totalRevenue": "1532200000", "costOfRevenue": "1134500000", "costofGoodsAndServicesSold": "1134500000", "operatingIncome": "83500000", "sellingGeneralAndAdministrative": "287400000", "researchAndDevelopment": "24100000", "operatingExpenses": "296300000", "investmentIncomeNet": "None", "netInterestIncome": "None", "interestIncome": "None", "interestExpense": "17900000", "nonInterestIncome": "None", "otherNonOperatingIncome": "None", "depreciation": "None", "depreciationAndAmortization": "56500000", "incomeBeforeTax": "55200000", "incomeTaxExpense": "21800000", "interestAndDebtExpense": "None", "netIncomeFromContinuingOperations": "33400000", "comprehensiveIncomeNetOfTax": "None", "ebit": "73100000", "ebitda": "129600000", "netIncome": "49000000"}, {"fiscalDateEnding": "2012-09-30", "reportedCurrency": "USD", "grossProfit": "392000000", "totalRevenue": "1487800000", "costOfRevenue": "1095800000", "costofGoodsAndServicesSold": "1095800000", "operatingIncome": "98100000", "sellingGeneralAndAdministrative": "286600000", "researchAndDevelopment": "23700000", "operatingExpenses": "293900000", "investmentIncomeNet": "None", "netInterestIncome": "None", "interestIncome": "None", "interestExpense": "18000000", "nonInterestIncome": "None", "otherNonOperatingIncome": "None", "depreciation": "None", "depreciationAndAmortization": "53500000", "incomeBeforeTax": "58200000", "incomeTaxExpense": "20100000", "interestAndDebtExpense": "None", "netIncomeFromContinuingOperations": "38100000", "comprehensiveIncomeNetOfTax": "None", "ebit": "72500000", "ebitda": "126000000", "netIncome": "58300000"}, {"fiscalDateEnding": "2012-06-30", "reportedCurrency": "USD", "grossProfit": "399800000", "totalRevenue": "1532300000", "costOfRevenue": "1132500000", "costofGoodsAndServicesSold": "1132500000", "operatingIncome": "107100000", "sellingGeneralAndAdministrative": "292700000", "researchAndDevelopment": "26300000", "operatingExpenses": "292700000", "investmentIncomeNet": "None", "netInterestIncome": "None", "interestIncome": "None", "interestExpense": "18600000", "nonInterestIncome": "None", "otherNonOperatingIncome": "None", "depreciation": "None", "depreciationAndAmortization": "51200000", "incomeBeforeTax": "77000000", "incomeTaxExpense": "25700000", "interestAndDebtExpense": "None", "netIncomeFromContinuingOperations": "51300000", "comprehensiveIncomeNetOfTax": "None", "ebit": "92200000", "ebitda": "143400000", "netIncome": "64200000"}, {"fiscalDateEnding": "2012-03-31", "reportedCurrency": "USD", "grossProfit": "387600000", "totalRevenue": "1483300000", "costOfRevenue": "1095700000", "costofGoodsAndServicesSold": "1095700000", "operatingIncome": "91100000", "sellingGeneralAndAdministrative": "296500000", "researchAndDevelopment": "24500000", "operatingExpenses": "296500000", "investmentIncomeNet": "None", "netInterestIncome": "None", "interestIncome": "None", "interestExpense": "18300000", "nonInterestIncome": "None", "otherNonOperatingIncome": "None", "depreciation": "None", "depreciationAndAmortization": "59400000", "incomeBeforeTax": "65100000", "incomeTaxExpense": "18800000", "interestAndDebtExpense": "None", "netIncomeFromContinuingOperations": "46300000", "comprehensiveIncomeNetOfTax": "None", "ebit": "80600000", "ebitda": "140000000", "netIncome": "43900000"}, {"fiscalDateEnding": "2011-12-31", "reportedCurrency": "USD", "grossProfit": "358600000", "totalRevenue": "1454600000", "costOfRevenue": "1096000000", "costofGoodsAndServicesSold": "1096000000", "operatingIncome": "10400000", "sellingGeneralAndAdministrative": "150000000", "researchAndDevelopment": "25100000", "operatingExpenses": "287700000", "investmentIncomeNet": "None", "netInterestIncome": "None", "interestIncome": "None", "interestExpense": "17900000", "nonInterestIncome": "None", "otherNonOperatingIncome": "None", "depreciation": "None", "depreciationAndAmortization": "61800000", "incomeBeforeTax": "37100000", "incomeTaxExpense": "8100000", "interestAndDebtExpense": "None", "netIncomeFromContinuingOperations": "-58700000", "comprehensiveIncomeNetOfTax": "None", "ebit": "1300000", "ebitda": "63100000", "netIncome": "22200000"}, {"fiscalDateEnding": "2011-09-30", "reportedCurrency": "USD", "grossProfit": "435700000", "totalRevenue": "1699600000", "costOfRevenue": "1263900000", "costofGoodsAndServicesSold": "1263900000", "operatingIncome": "109300000", "sellingGeneralAndAdministrative": "260700000", "researchAndDevelopment": "24300000", "operatingExpenses": "326400000", "investmentIncomeNet": "None", "netInterestIncome": "None", "interestIncome": "None", "interestExpense": "17900000", "nonInterestIncome": "None", "otherNonOperatingIncome": "None", "depreciation": "None", "depreciationAndAmortization": "61400000", "incomeBeforeTax": "70900000", "incomeTaxExpense": "21100000", "interestAndDebtExpense": "None", "netIncomeFromContinuingOperations": "49800000", "comprehensiveIncomeNetOfTax": "None", "ebit": "109300000", "ebitda": "170700000", "netIncome": "49800000"}, {"fiscalDateEnding": "2011-06-30", "reportedCurrency": "USD", "grossProfit": "470900000", "totalRevenue": "1725700000", "costOfRevenue": "1254800000", "costofGoodsAndServicesSold": "1254800000", "operatingIncome": "140900000", "sellingGeneralAndAdministrative": "260600000", "researchAndDevelopment": "22700000", "operatingExpenses": "330000000", "investmentIncomeNet": "None", "netInterestIncome": "None", "interestIncome": "None", "interestExpense": "17700000", "nonInterestIncome": "None", "otherNonOperatingIncome": "None", "depreciation": "None", "depreciationAndAmortization": "63000000", "incomeBeforeTax": "110800000", "incomeTaxExpense": "37500000", "interestAndDebtExpense": "None", "netIncomeFromContinuingOperations": "73300000", "comprehensiveIncomeNetOfTax": "None", "ebit": "104800000", "ebitda": "167800000", "netIncome": "73300000"}, {"fiscalDateEnding": "2011-03-31", "reportedCurrency": "USD", "grossProfit": "454400000", "totalRevenue": "1659300000", "costOfRevenue": "1204900000", "costofGoodsAndServicesSold": "1204900000", "operatingIncome": "89900000", "sellingGeneralAndAdministrative": "292600000", "researchAndDevelopment": "22300000", "operatingExpenses": "364500000", "investmentIncomeNet": "None", "netInterestIncome": "None", "interestIncome": "None", "interestExpense": "17900000", "nonInterestIncome": "None", "otherNonOperatingIncome": "None", "depreciation": "None", "depreciationAndAmortization": "60300000", "incomeBeforeTax": "67400000", "incomeTaxExpense": "22600000", "interestAndDebtExpense": "None", "netIncomeFromContinuingOperations": "90000000", "comprehensiveIncomeNetOfTax": "None", "ebit": "80300000", "ebitda": "140600000", "netIncome": "44800000"}, {"fiscalDateEnding": "2010-12-31", "reportedCurrency": "USD", "grossProfit": "441800000", "totalRevenue": "1637100000", "costOfRevenue": "1195300000", "costofGoodsAndServicesSold": "1195300000", "operatingIncome": "96800000", "sellingGeneralAndAdministrative": "290800000", "researchAndDevelopment": "69700000", "operatingExpenses": "345000000", "investmentIncomeNet": "None", "netInterestIncome": "None", "interestIncome": "None", "interestExpense": "18900000", "nonInterestIncome": "None", "otherNonOperatingIncome": "None", "depreciation": "None", "depreciationAndAmortization": "59700000", "incomeBeforeTax": "71600000", "incomeTaxExpense": "-42600000", "interestAndDebtExpense": "None", "netIncomeFromContinuingOperations": "-58700000", "comprehensiveIncomeNetOfTax": "None", "ebit": "90500000", "ebitda": "150200000", "netIncome": "114200000"}, {"fiscalDateEnding": "2010-09-30", "reportedCurrency": "USD", "grossProfit": "453000000", "totalRevenue": "1640800000", "costOfRevenue": "1187800000", "costofGoodsAndServicesSold": "1187800000", "operatingIncome": "106600000", "sellingGeneralAndAdministrative": "255400000", "researchAndDevelopment": "23400000", "operatingExpenses": "356900000", "investmentIncomeNet": "None", "netInterestIncome": "None", "interestIncome": "None", "interestExpense": "19100000", "nonInterestIncome": "None", "otherNonOperatingIncome": "None", "depreciation": "None", "depreciationAndAmortization": "66300000", "incomeBeforeTax": "77000000", "incomeTaxExpense": "12800000", "interestAndDebtExpense": "None", "netIncomeFromContinuingOperations": "64200000", "comprehensiveIncomeNetOfTax": "None", "ebit": "96100000", "ebitda": "162400000", "netIncome": "64200000"}, {"fiscalDateEnding": "2010-06-30", "reportedCurrency": "USD", "grossProfit": "490400000", "totalRevenue": "1680100000", "costOfRevenue": "1189700000", "costofGoodsAndServicesSold": "1189700000", "operatingIncome": "151500000", "sellingGeneralAndAdministrative": "315400000", "researchAndDevelopment": "23500000", "operatingExpenses": "343500000", "investmentIncomeNet": "None", "netInterestIncome": "None", "interestIncome": "None", "interestExpense": "21100000", "nonInterestIncome": "None", "otherNonOperatingIncome": "None", "depreciation": "None", "depreciationAndAmortization": "59800000", "incomeBeforeTax": "125800000", "incomeTaxExpense": "42000000", "interestAndDebtExpense": "None", "netIncomeFromContinuingOperations": "83800000", "comprehensiveIncomeNetOfTax": "None", "ebit": "146900000", "ebitda": "206700000", "netIncome": "83800000"}, {"fiscalDateEnding": "2010-03-31", "reportedCurrency": "USD", "grossProfit": "440800000", "totalRevenue": "1554700000", "costOfRevenue": "1113900000", "costofGoodsAndServicesSold": "1113900000", "operatingIncome": "100700000", "sellingGeneralAndAdministrative": "317300000", "researchAndDevelopment": "22800000", "operatingExpenses": "346400000", "investmentIncomeNet": "None", "netInterestIncome": "None", "interestIncome": "None", "interestExpense": "17500000", "nonInterestIncome": "None", "otherNonOperatingIncome": "None", "depreciation": "None", "depreciationAndAmortization": "61800000", "incomeBeforeTax": "76900000", "incomeTaxExpense": "22200000", "interestAndDebtExpense": "None", "netIncomeFromContinuingOperations": "None", "comprehensiveIncomeNetOfTax": "None", "ebit": "94400000", "ebitda": "156200000", "netIncome": "54700000"}, {"fiscalDateEnding": "2009-12-31", "reportedCurrency": "USD", "grossProfit": "415100000", "totalRevenue": "1521800000", "costOfRevenue": "1106700000", "costofGoodsAndServicesSold": "1106700000", "operatingIncome": "73700000", "sellingGeneralAndAdministrative": "341400000", "researchAndDevelopment": "23600000", "operatingExpenses": "341400000", "investmentIncomeNet": "None", "netInterestIncome": "None", "interestIncome": "None", "interestExpense": "18300000", "nonInterestIncome": "None", "otherNonOperatingIncome": "None", "depreciation": "None", "depreciationAndAmortization": "73300000", "incomeBeforeTax": "26500000", "incomeTaxExpense": "-23400000", "interestAndDebtExpense": "None", "netIncomeFromContinuingOperations": "0", "comprehensiveIncomeNetOfTax": "None", "ebit": "44800000", "ebitda": "118100000", "netIncome": "49900000"}, {"fiscalDateEnding": "2009-09-30", "reportedCurrency": "USD", "grossProfit": "436000000", "totalRevenue": "1549300000", "costOfRevenue": "1113300000", "costofGoodsAndServicesSold": "1113300000", "operatingIncome": "112900000", "sellingGeneralAndAdministrative": "323100000", "researchAndDevelopment": "22300000", "operatingExpenses": "358600000", "investmentIncomeNet": "None", "netInterestIncome": "None", "interestIncome": "None", "interestExpense": "19100000", "nonInterestIncome": "None", "otherNonOperatingIncome": "None", "depreciation": "None", "depreciationAndAmortization": "63000000", "incomeBeforeTax": "58300000", "incomeTaxExpense": "-4200000", "interestAndDebtExpense": "None", "netIncomeFromContinuingOperations": "0", "comprehensiveIncomeNetOfTax": "None", "ebit": "77400000", "ebitda": "140400000", "netIncome": "62500000"}, {"fiscalDateEnding": "2009-06-30", "reportedCurrency": "USD", "grossProfit": "390300000", "totalRevenue": "1455400000", "costOfRevenue": "1065100000", "costofGoodsAndServicesSold": "1065100000", "operatingIncome": "90200000", "sellingGeneralAndAdministrative": "300100000", "researchAndDevelopment": "21600000", "operatingExpenses": "300100000", "investmentIncomeNet": "None", "netInterestIncome": "None", "interestIncome": "None", "interestExpense": "20400000", "nonInterestIncome": "None", "otherNonOperatingIncome": "None", "depreciation": "None", "depreciationAndAmortization": "61400000", "incomeBeforeTax": "40200000", "incomeTaxExpense": "400000", "interestAndDebtExpense": "None", "netIncomeFromContinuingOperations": "0", "comprehensiveIncomeNetOfTax": "None", "ebit": "60600000", "ebitda": "122000000", "netIncome": "39800000"}, {"fiscalDateEnding": "2009-03-31", "reportedCurrency": "USD", "grossProfit": "345100000", "totalRevenue": "1426200000", "costOfRevenue": "1081100000", "costofGoodsAndServicesSold": "1081100000", "operatingIncome": "40900000", "sellingGeneralAndAdministrative": "304200000", "researchAndDevelopment": "23200000", "operatingExpenses": "304200000", "investmentIncomeNet": "None", "netInterestIncome": "None", "interestIncome": "None", "interestExpense": "27500000", "nonInterestIncome": "None", "otherNonOperatingIncome": "None", "depreciation": "None", "depreciationAndAmortization": "71200000", "incomeBeforeTax": "-915900000", "incomeTaxExpense": "-17000000", "interestAndDebtExpense": "None", "netIncomeFromContinuingOperations": "0", "comprehensiveIncomeNetOfTax": "None", "ebit": "-30300000", "ebitda": "40900000", "netIncome": "-898900000"}, {"fiscalDateEnding": "2008-12-31", "reportedCurrency": "USD", "grossProfit": "378400000", "totalRevenue": "1511500000", "costOfRevenue": "1133100000", "costofGoodsAndServicesSold": "1133100000", "operatingIncome": "68600000", "sellingGeneralAndAdministrative": "309800000", "researchAndDevelopment": "21800000", "operatingExpenses": "309800000", "investmentIncomeNet": "None", "netInterestIncome": "None", "interestIncome": "None", "interestExpense": "28000000", "nonInterestIncome": "None", "otherNonOperatingIncome": "None", "depreciation": "None", "depreciationAndAmortization": "72300000", "incomeBeforeTax": "28200000", "incomeTaxExpense": "-14400000", "interestAndDebtExpense": "None", "netIncomeFromContinuingOperations": "0", "comprehensiveIncomeNetOfTax": "None", "ebit": "68600000", "ebitda": "140900000", "netIncome": "42600000"}, {"fiscalDateEnding": "2008-09-30", "reportedCurrency": "USD", "grossProfit": "434300000", "totalRevenue": "1724800000", "costOfRevenue": "1290500000", "costofGoodsAndServicesSold": "1290500000", "operatingIncome": "108800000", "sellingGeneralAndAdministrative": "325500000", "researchAndDevelopment": "23800000", "operatingExpenses": "325500000", "investmentIncomeNet": "None", "netInterestIncome": "None", "interestIncome": "None", "interestExpense": "29000000", "nonInterestIncome": "None", "otherNonOperatingIncome": "None", "depreciation": "None", "depreciationAndAmortization": "70900000", "incomeBeforeTax": "67300000", "incomeTaxExpense": "4600000", "interestAndDebtExpense": "None", "netIncomeFromContinuingOperations": "0", "comprehensiveIncomeNetOfTax": "None", "ebit": "37900000", "ebitda": "108800000", "netIncome": "62700000"}, {"fiscalDateEnding": "2008-06-30", "reportedCurrency": "USD", "grossProfit": "490300000", "totalRevenue": "1828900000", "costOfRevenue": "1338600000", "costofGoodsAndServicesSold": "1338600000", "operatingIncome": "149300000", "sellingGeneralAndAdministrative": "341000000", "researchAndDevelopment": "23900000", "operatingExpenses": "341000000", "investmentIncomeNet": "None", "netInterestIncome": "None", "interestIncome": "None", "interestExpense": "29300000", "nonInterestIncome": "None", "otherNonOperatingIncome": "None", "depreciation": "None", "depreciationAndAmortization": "67300000", "incomeBeforeTax": "114200000", "incomeTaxExpense": "21800000", "interestAndDebtExpense": "None", "netIncomeFromContinuingOperations": "0", "comprehensiveIncomeNetOfTax": "None", "ebit": "155100000", "ebitda": "222400000", "netIncome": "92400000"}, {"fiscalDateEnding": "2008-03-31", "reportedCurrency": "USD", "grossProfit": "424000000", "totalRevenue": "1645200000", "costOfRevenue": "1221200000", "costofGoodsAndServicesSold": "1221200000", "operatingIncome": "96000000", "sellingGeneralAndAdministrative": "328000000", "researchAndDevelopment": "24500000", "operatingExpenses": "328000000", "investmentIncomeNet": "None", "netInterestIncome": "None", "interestIncome": "None", "interestExpense": "29500000", "nonInterestIncome": "None", "otherNonOperatingIncome": "None", "depreciation": "None", "depreciationAndAmortization": "67900000", "incomeBeforeTax": "60900000", "incomeTaxExpense": "-7500000", "interestAndDebtExpense": "None", "netIncomeFromContinuingOperations": "0", "comprehensiveIncomeNetOfTax": "None", "ebit": "28100000", "ebitda": "96000000", "netIncome": "68400000"}, {"fiscalDateEnding": "2007-12-31", "reportedCurrency": "USD", "grossProfit": "482600000", "totalRevenue": "1714000000", "costOfRevenue": "1231400000", "costofGoodsAndServicesSold": "1231400000", "operatingIncome": "149600000", "sellingGeneralAndAdministrative": "333000000", "researchAndDevelopment": "24500000", "operatingExpenses": "333000000", "investmentIncomeNet": "None", "netInterestIncome": "None", "interestIncome": "None", "interestExpense": "35000000", "nonInterestIncome": "None", "otherNonOperatingIncome": "None", "depreciation": "None", "depreciationAndAmortization": "70200000", "incomeBeforeTax": "99100000", "incomeTaxExpense": "19000000", "interestAndDebtExpense": "None", "netIncomeFromContinuingOperations": "0", "comprehensiveIncomeNetOfTax": "None", "ebit": "149600000", "ebitda": "219800000", "netIncome": "80100000"}, {"fiscalDateEnding": "2007-09-30", "reportedCurrency": "USD", "grossProfit": "465600000", "totalRevenue": "1680400000", "costOfRevenue": "1214800000", "costofGoodsAndServicesSold": "1214800000", "operatingIncome": "135200000", "sellingGeneralAndAdministrative": "330400000", "researchAndDevelopment": "25200000", "operatingExpenses": "330400000", "investmentIncomeNet": "None", "netInterestIncome": "None", "interestIncome": "None", "interestExpense": "35700000", "nonInterestIncome": "None", "otherNonOperatingIncome": "None", "depreciation": "None", "depreciationAndAmortization": "63600000", "incomeBeforeTax": "65900000", "incomeTaxExpense": "7500000", "interestAndDebtExpense": "None", "netIncomeFromContinuingOperations": "0", "comprehensiveIncomeNetOfTax": "None", "ebit": "135200000", "ebitda": "198800000", "netIncome": "58400000"}, {"fiscalDateEnding": "2007-06-30", "reportedCurrency": "USD", "grossProfit": "409800000", "totalRevenue": "1523500000", "costOfRevenue": "1113700000", "costofGoodsAndServicesSold": "1113700000", "operatingIncome": "139000000", "sellingGeneralAndAdministrative": "270800000", "researchAndDevelopment": "23600000", "operatingExpenses": "270800000", "investmentIncomeNet": "None", "netInterestIncome": "None", "interestIncome": "None", "interestExpense": "20100000", "nonInterestIncome": "None", "otherNonOperatingIncome": "None", "depreciation": "None", "depreciationAndAmortization": "52300000", "incomeBeforeTax": "111400000", "incomeTaxExpense": "25600000", "interestAndDebtExpense": "None", "netIncomeFromContinuingOperations": "0", "comprehensiveIncomeNetOfTax": "None", "ebit": "139000000", "ebitda": "191300000", "netIncome": "85800000"}, {"fiscalDateEnding": "2007-03-31", "reportedCurrency": "USD", "grossProfit": "364400000", "totalRevenue": "1389900000", "costOfRevenue": "1025500000", "costofGoodsAndServicesSold": "1025500000", "operatingIncome": "116100000", "sellingGeneralAndAdministrative": "248300000", "researchAndDevelopment": "22200000", "operatingExpenses": "248300000", "investmentIncomeNet": "None", "netInterestIncome": "None", "interestIncome": "None", "interestExpense": "15100000", "nonInterestIncome": "None", "otherNonOperatingIncome": "None", "depreciation": "None", "depreciationAndAmortization": "48500000", "incomeBeforeTax": "98900000", "incomeTaxExpense": "19700000", "interestAndDebtExpense": "None", "netIncomeFromContinuingOperations": "0", "comprehensiveIncomeNetOfTax": "None", "ebit": "116100000", "ebitda": "164600000", "netIncome": "79200000"}, {"fiscalDateEnding": "2006-12-31", "reportedCurrency": "USD", "grossProfit": "389500000", "totalRevenue": "1411400000", "costOfRevenue": "1021900000", "costofGoodsAndServicesSold": "1021900000", "operatingIncome": "127100000", "sellingGeneralAndAdministrative": "262400000", "researchAndDevelopment": "22800000", "operatingExpenses": "262400000", "investmentIncomeNet": "None", "netInterestIncome": "None", "interestIncome": "None", "interestExpense": "13000000", "nonInterestIncome": "None", "otherNonOperatingIncome": "None", "depreciation": "None", "depreciationAndAmortization": "49400000", "incomeBeforeTax": "108700000", "incomeTaxExpense": "6800000", "interestAndDebtExpense": "None", "netIncomeFromContinuingOperations": "0", "comprehensiveIncomeNetOfTax": "None", "ebit": "127100000", "ebitda": "176500000", "netIncome": "101500000"}, {"fiscalDateEnding": "2006-09-30", "reportedCurrency": "USD", "grossProfit": "390700000", "totalRevenue": "1417600000", "costOfRevenue": "1026900000", "costofGoodsAndServicesSold": "1026900000", "operatingIncome": "138100000", "sellingGeneralAndAdministrative": "252600000", "researchAndDevelopment": "21500000", "operatingExpenses": "252600000", "investmentIncomeNet": "None", "netInterestIncome": "None", "interestIncome": "None", "interestExpense": "14100000", "nonInterestIncome": "None", "otherNonOperatingIncome": "None", "depreciation": "None", "depreciationAndAmortization": "49300000", "incomeBeforeTax": "104500000", "incomeTaxExpense": "19200000", "interestAndDebtExpense": "None", "netIncomeFromContinuingOperations": "0", "comprehensiveIncomeNetOfTax": "None", "ebit": "138100000", "ebitda": "187400000", "netIncome": "85000000"}, {"fiscalDateEnding": "2006-06-30", "reportedCurrency": "USD", "grossProfit": "393000000", "totalRevenue": "1409700000", "costOfRevenue": "1016700000", "costofGoodsAndServicesSold": "1016700000", "operatingIncome": "141700000", "sellingGeneralAndAdministrative": "251300000", "researchAndDevelopment": "21900000", "operatingExpenses": "251300000", "investmentIncomeNet": "None", "netInterestIncome": "None", "interestIncome": "None", "interestExpense": "14000000", "nonInterestIncome": "None", "otherNonOperatingIncome": "None", "depreciation": "None", "depreciationAndAmortization": "49500000", "incomeBeforeTax": "124100000", "incomeTaxExpense": "27700000", "interestAndDebtExpense": "None", "netIncomeFromContinuingOperations": "0", "comprehensiveIncomeNetOfTax": "None", "ebit": "141700000", "ebitda": "191200000", "netIncome": "112000000"}, {"fiscalDateEnding": "2006-03-31", "reportedCurrency": "USD", "grossProfit": "355200000", "totalRevenue": "1337200000", "costOfRevenue": "982000000", "costofGoodsAndServicesSold": "982000000", "operatingIncome": "110400000", "sellingGeneralAndAdministrative": "244800000", "researchAndDevelopment": "21700000", "operatingExpenses": "244800000", "investmentIncomeNet": "None", "netInterestIncome": "None", "interestIncome": "None", "interestExpense": "14500000", "nonInterestIncome": "None", "otherNonOperatingIncome": "None", "depreciation": "None", "depreciationAndAmortization": "49700000", "incomeBeforeTax": "88300000", "incomeTaxExpense": "19400000", "interestAndDebtExpense": "None", "netIncomeFromContinuingOperations": "0", "comprehensiveIncomeNetOfTax": "None", "ebit": "110400000", "ebitda": "160100000", "netIncome": "68700000"}, {"fiscalDateEnding": "2005-12-31", "reportedCurrency": "USD", "grossProfit": "411300000", "totalRevenue": "1346100000", "costOfRevenue": "934800000", "costofGoodsAndServicesSold": "934800000", "operatingIncome": "129900000", "sellingGeneralAndAdministrative": "281400000", "researchAndDevelopment": "21800000", "operatingExpenses": "281400000", "investmentIncomeNet": "None", "netInterestIncome": "None", "interestIncome": "None", "interestExpense": "13000000", "nonInterestIncome": "None", "otherNonOperatingIncome": "None", "depreciation": "None", "depreciationAndAmortization": "52000000", "incomeBeforeTax": "60100000", "incomeTaxExpense": "1600000", "interestAndDebtExpense": "None", "netIncomeFromContinuingOperations": "0", "comprehensiveIncomeNetOfTax": "None", "ebit": "129900000", "ebitda": "181900000", "netIncome": "-6900000"}, {"fiscalDateEnding": "2005-09-30", "reportedCurrency": "USD", "grossProfit": "396000000", "totalRevenue": "1362500000", "costOfRevenue": "966500000", "costofGoodsAndServicesSold": "966500000", "operatingIncome": "129100000", "sellingGeneralAndAdministrative": "228800000", "researchAndDevelopment": "20100000", "operatingExpenses": "266900000", "investmentIncomeNet": "None", "netInterestIncome": "None", "interestIncome": "None", "interestExpense": "14700000", "nonInterestIncome": "None", "otherNonOperatingIncome": "None", "depreciation": "None", "depreciationAndAmortization": "49300000", "incomeBeforeTax": "113100000", "incomeTaxExpense": "26900000", "interestAndDebtExpense": "None", "netIncomeFromContinuingOperations": "0", "comprehensiveIncomeNetOfTax": "None", "ebit": "128800000", "ebitda": "178100000", "netIncome": "86200000"}, {"fiscalDateEnding": "2005-06-30", "reportedCurrency": "USD", "grossProfit": "426000000", "totalRevenue": "1418600000", "costOfRevenue": "992600000", "costofGoodsAndServicesSold": "992600000", "operatingIncome": "133500000", "sellingGeneralAndAdministrative": "254500000", "researchAndDevelopment": "20400000", "operatingExpenses": "292500000", "investmentIncomeNet": "None", "netInterestIncome": "None", "interestIncome": "None", "interestExpense": "15800000", "nonInterestIncome": "None", "otherNonOperatingIncome": "None", "depreciation": "None", "depreciationAndAmortization": "50400000", "incomeBeforeTax": "115600000", "incomeTaxExpense": "26200000", "interestAndDebtExpense": "None", "netIncomeFromContinuingOperations": "0", "comprehensiveIncomeNetOfTax": "None", "ebit": "133600000", "ebitda": "184000000", "netIncome": "89400000"}, {"fiscalDateEnding": "2005-03-31", "reportedCurrency": "USD", "grossProfit": "387800000", "totalRevenue": "1346300000", "costOfRevenue": "958500000", "costofGoodsAndServicesSold": "958500000", "operatingIncome": "95800000", "sellingGeneralAndAdministrative": "254400000", "researchAndDevelopment": "23100000", "operatingExpenses": "292000000", "investmentIncomeNet": "None", "netInterestIncome": "None", "interestIncome": "None", "interestExpense": "14500000", "nonInterestIncome": "None", "otherNonOperatingIncome": "None", "depreciation": "None", "depreciationAndAmortization": "49800000", "incomeBeforeTax": "78000000", "incomeTaxExpense": "20300000", "interestAndDebtExpense": "None", "netIncomeFromContinuingOperations": "0", "comprehensiveIncomeNetOfTax": "None", "ebit": "97500000", "ebitda": "147300000", "netIncome": "57700000"}, {"fiscalDateEnding": "2004-12-31", "reportedCurrency": "USD", "grossProfit": "433000000", "totalRevenue": "1434000000", "costOfRevenue": "1001000000", "costofGoodsAndServicesSold": "1001000000", "operatingIncome": "125900000", "sellingGeneralAndAdministrative": "306300000", "researchAndDevelopment": "21500000", "operatingExpenses": "307100000", "investmentIncomeNet": "None", "netInterestIncome": "None", "interestIncome": "None", "interestExpense": "16000000", "nonInterestIncome": "None", "otherNonOperatingIncome": "None", "depreciation": "None", "depreciationAndAmortization": "49100000", "incomeBeforeTax": "109700000", "incomeTaxExpense": "26100000", "interestAndDebtExpense": "None", "netIncomeFromContinuingOperations": "0", "comprehensiveIncomeNetOfTax": "None", "ebit": "125900000", "ebitda": "175000000", "netIncome": "83600000"}]}