{"Symbol": "NEM", "AssetType": "Common Stock", "Name": "Newmont Goldcorp Corp", "Description": "Newmont Corporation, based in Greenwood Village, Colorado, United States, is one of the largest gold mining companies in the world.", "CIK": "1164727", "Exchange": "NYSE", "Currency": "USD", "Country": "USA", "Sector": "ENERGY & TRANSPORTATION", "Industry": "GOLD AND SILVER ORES", "Address": "6363 SOUTH FIDDLERS GREEN CIRCLE, GREENWOOD VILLAGE, CO, US", "OfficialSite": "https://www.newmont.com", "FiscalYearEnd": "December", "LatestQuarter": "2024-12-31", "MarketCapitalization": "61480763000", "EBITDA": "8858000000", "PERatio": "19.07", "PEGRatio": "3.936", "BookValue": "26.56", "DividendPerShare": "1", "DividendYield": "0.0181", "EPS": "2.86", "RevenuePerShareTTM": "16.3", "ProfitMargin": "0.179", "OperatingMarginTTM": "0.409", "ReturnOnAssetsTTM": "0.0661", "ReturnOnEquityTTM": "0.112", "RevenueTTM": "18681999000", "GrossProfitTTM": "9391000000", "DilutedEPSTTM": "2.86", "QuarterlyEarningsGrowthYOY": "3.039", "QuarterlyRevenueGrowthYOY": "0.428", "AnalystTargetPrice": "61.03", "AnalystRatingStrongBuy": "3", "AnalystRatingBuy": "8", "AnalystRatingHold": "8", "AnalystRatingSell": "0", "AnalystRatingStrongSell": "0", "TrailingPE": "19.07", "ForwardPE": "13.14", "PriceToSalesRatioTTM": "3.291", "PriceToBookRatio": "2.079", "EVToRevenue": "3.617", "EVToEBITDA": "8.98", "Beta": "0.559", "52WeekHigh": "58.03", "52WeekLow": "36.64", "50DayMovingAverage": "47.08", "200DayMovingAverage": "46.78", "SharesOutstanding": "1127260000", "DividendDate": "2025-03-27", "ExDividendDate": "2025-03-04"}