{"Meta Data": {"1. Information": "Daily Time Series with Splits and Dividend Events", "2. Symbol": "HST", "3. Last Refreshed": "2025-04-22", "4. Output Size": "Compact", "5. Time Zone": "US/Eastern"}, "Time Series (Daily)": {"2025-04-22": {"1. open": "13.65", "2. high": "13.85", "3. low": "13.565", "4. close": "13.82", "5. adjusted close": "13.82", "6. volume": "9348213", "7. dividend amount": "0.0000", "8. split coefficient": "1.0"}, "2025-04-21": {"1. open": "13.5", "2. high": "13.555", "3. low": "13.315", "4. close": "13.51", "5. adjusted close": "13.51", "6. volume": "5324326", "7. dividend amount": "0.0000", "8. split coefficient": "1.0"}, "2025-04-17": {"1. open": "13.51", "2. high": "13.82", "3. low": "13.49", "4. close": "13.66", "5. adjusted close": "13.66", "6. volume": "5533923", "7. dividend amount": "0.0000", "8. split coefficient": "1.0"}, "2025-04-16": {"1. open": "13.5", "2. high": "13.68", "3. low": "13.285", "4. close": "13.41", "5. adjusted close": "13.41", "6. volume": "7901640", "7. dividend amount": "0.0000", "8. split coefficient": "1.0"}, "2025-04-15": {"1. open": "13.74", "2. high": "13.915", "3. low": "13.56", "4. close": "13.59", "5. adjusted close": "13.59", "6. volume": "8300442", "7. dividend amount": "0.0000", "8. split coefficient": "1.0"}, "2025-04-14": {"1. open": "13.86", "2. high": "14.08", "3. low": "13.47", "4. close": "13.78", "5. adjusted close": "13.78", "6. volume": "11371331", "7. dividend amount": "0.0000", "8. split coefficient": "1.0"}, "2025-04-11": {"1. open": "13.38", "2. high": "13.845", "3. low": "13.16", "4. close": "13.71", "5. adjusted close": "13.71", "6. volume": "12301462", "7. dividend amount": "0.0000", "8. split coefficient": "1.0"}, "2025-04-10": {"1. open": "13.9", "2. high": "14.095", "3. low": "13.05", "4. close": "13.45", "5. adjusted close": "13.45", "6. volume": "14079344", "7. dividend amount": "0.0000", "8. split coefficient": "1.0"}, "2025-04-09": {"1. open": "12.46", "2. high": "14.47", "3. low": "12.325", "4. close": "14.22", "5. adjusted close": "14.22", "6. volume": "20128247", "7. dividend amount": "0.0000", "8. split coefficient": "1.0"}, "2025-04-08": {"1. open": "13.28", "2. high": "13.4", "3. low": "12.5101", "4. close": "12.7", "5. adjusted close": "12.7", "6. volume": "14744893", "7. dividend amount": "0.0000", "8. split coefficient": "1.0"}, "2025-04-07": {"1. open": "12.75", "2. high": "13.46", "3. low": "12.22", "4. close": "12.92", "5. adjusted close": "12.92", "6. volume": "30155587", "7. dividend amount": "0.0000", "8. split coefficient": "1.0"}, "2025-04-04": {"1. open": "12.87", "2. high": "13.31", "3. low": "12.27", "4. close": "13.14", "5. adjusted close": "13.14", "6. volume": "25456116", "7. dividend amount": "0.0000", "8. split coefficient": "1.0"}, "2025-04-03": {"1. open": "14.02", "2. high": "14.105", "3. low": "13.26", "4. close": "13.3", "5. adjusted close": "13.3", "6. volume": "15062530", "7. dividend amount": "0.0000", "8. split coefficient": "1.0"}, "2025-04-02": {"1. open": "14.295", "2. high": "14.7", "3. low": "14.235", "4. close": "14.65", "5. adjusted close": "14.65", "6. volume": "11747354", "7. dividend amount": "0.0000", "8. split coefficient": "1.0"}, "2025-04-01": {"1. open": "14.23", "2. high": "14.525", "3. low": "14.02", "4. close": "14.44", "5. adjusted close": "14.44", "6. volume": "9006340", "7. dividend amount": "0.0000", "8. split coefficient": "1.0"}, "2025-03-31": {"1. open": "13.955", "2. high": "14.29", "3. low": "13.83", "4. close": "14.21", "5. adjusted close": "14.21", "6. volume": "9220921", "7. dividend amount": "0.2000", "8. split coefficient": "1.0"}, "2025-03-28": {"1. open": "14.47", "2. high": "14.5599", "3. low": "14.145", "4. close": "14.27", "5. adjusted close": "14.0719430950729", "6. volume": "8374635", "7. dividend amount": "0.0000", "8. split coefficient": "1.0"}, "2025-03-27": {"1. open": "14.72", "2. high": "14.8", "3. low": "14.43", "4. close": "14.53", "5. adjusted close": "14.3283344899375", "6. volume": "10618562", "7. dividend amount": "0.0000", "8. split coefficient": "1.0"}, "2025-03-26": {"1. open": "14.83", "2. high": "14.93", "3. low": "14.64", "4. close": "14.81", "5. adjusted close": "14.6044482997918", "6. volume": "8612608", "7. dividend amount": "0.0000", "8. split coefficient": "1.0"}, "2025-03-25": {"1. open": "15.07", "2. high": "15.14", "3. low": "14.7", "4. close": "14.8", "5. adjusted close": "14.594587092297", "6. volume": "5701521", "7. dividend amount": "0.0000", "8. split coefficient": "1.0"}, "2025-03-24": {"1. open": "14.92", "2. high": "15.065", "3. low": "14.77", "4. close": "15.02", "5. adjusted close": "14.8115336571825", "6. volume": "6922199", "7. dividend amount": "0.0000", "8. split coefficient": "1.0"}, "2025-03-21": {"1. open": "14.8", "2. high": "14.8", "3. low": "14.25", "4. close": "14.69", "5. adjusted close": "14.4861138098543", "6. volume": "19640498", "7. dividend amount": "0.0000", "8. split coefficient": "1.0"}, "2025-03-20": {"1. open": "15.02", "2. high": "15.16", "3. low": "14.86", "4. close": "14.96", "5. adjusted close": "14.7523664122137", "6. volume": "10562018", "7. dividend amount": "0.0000", "8. split coefficient": "1.0"}, "2025-03-19": {"1. open": "15.06", "2. high": "15.305", "3. low": "15.04", "4. close": "15.12", "5. adjusted close": "14.9101457321305", "6. volume": "12360400", "7. dividend amount": "0.0000", "8. split coefficient": "1.0"}, "2025-03-18": {"1. open": "15.26", "2. high": "15.27", "3. low": "15.01", "4. close": "15.07", "5. adjusted close": "14.8608396946565", "6. volume": "5699335", "7. dividend amount": "0.0000", "8. split coefficient": "1.0"}, "2025-03-17": {"1. open": "14.9", "2. high": "15.36", "3. low": "14.9", "4. close": "15.3", "5. adjusted close": "15.0876474670368", "6. volume": "6877697", "7. dividend amount": "0.0000", "8. split coefficient": "1.0"}, "2025-03-14": {"1. open": "14.74", "2. high": "14.98", "3. low": "14.68", "4. close": "14.91", "5. adjusted close": "14.7030603747398", "6. volume": "11947864", "7. dividend amount": "0.0000", "8. split coefficient": "1.0"}, "2025-03-13": {"1. open": "15.08", "2. high": "15.245", "3. low": "14.465", "4. close": "14.52", "5. adjusted close": "14.3184732824427", "6. volume": "10892084", "7. dividend amount": "0.0000", "8. split coefficient": "1.0"}, "2025-03-12": {"1. open": "15.415", "2. high": "15.45", "3. low": "15.0", "4. close": "15.11", "5. adjusted close": "14.9002845246357", "6. volume": "9687278", "7. dividend amount": "0.0000", "8. split coefficient": "1.0"}, "2025-03-11": {"1. open": "15.89", "2. high": "15.99", "3. low": "15.255", "4. close": "15.34", "5. adjusted close": "15.127092297016", "6. volume": "11097726", "7. dividend amount": "0.0000", "8. split coefficient": "1.0"}, "2025-03-10": {"1. open": "16.19", "2. high": "16.3", "3. low": "15.78", "4. close": "15.9", "5. adjusted close": "15.6793199167245", "6. volume": "10882639", "7. dividend amount": "0.0000", "8. split coefficient": "1.0"}, "2025-03-07": {"1. open": "15.83", "2. high": "16.35", "3. low": "15.77", "4. close": "16.33", "5. adjusted close": "16.1033518390007", "6. volume": "9836123", "7. dividend amount": "0.0000", "8. split coefficient": "1.0"}, "2025-03-06": {"1. open": "15.97", "2. high": "16.08", "3. low": "15.75", "4. close": "15.8", "5. adjusted close": "15.5807078417765", "6. volume": "11659204", "7. dividend amount": "0.0000", "8. split coefficient": "1.0"}, "2025-03-05": {"1. open": "15.78", "2. high": "16.18", "3. low": "15.78", "4. close": "16.08", "5. adjusted close": "15.8568216516308", "6. volume": "8864593", "7. dividend amount": "0.0000", "8. split coefficient": "1.0"}, "2025-03-04": {"1. open": "16.05", "2. high": "16.06", "3. low": "15.65", "4. close": "15.85", "5. adjusted close": "15.6300138792505", "6. volume": "9622505", "7. dividend amount": "0.0000", "8. split coefficient": "1.0"}, "2025-03-03": {"1. open": "16.25", "2. high": "16.54", "3. low": "16.13", "4. close": "16.14", "5. adjusted close": "15.9159888965996", "6. volume": "11331866", "7. dividend amount": "0.0000", "8. split coefficient": "1.0"}, "2025-02-28": {"1. open": "16.1", "2. high": "16.2008", "3. low": "15.925", "4. close": "16.13", "5. adjusted close": "15.9061276891048", "6. volume": "11062816", "7. dividend amount": "0.0000", "8. split coefficient": "1.0"}, "2025-02-27": {"1. open": "16.08", "2. high": "16.33", "3. low": "15.98", "4. close": "16.0", "5. adjusted close": "15.7779319916724", "6. volume": "9171095", "7. dividend amount": "0.0000", "8. split coefficient": "1.0"}, "2025-02-26": {"1. open": "16.05", "2. high": "16.21", "3. low": "15.86", "4. close": "16.01", "5. adjusted close": "15.7877931991672", "6. volume": "7467099", "7. dividend amount": "0.0000", "8. split coefficient": "1.0"}, "2025-02-25": {"1. open": "16.32", "2. high": "16.32", "3. low": "15.86", "4. close": "16.02", "5. adjusted close": "15.797654406662", "6. volume": "11435245", "7. dividend amount": "0.0000", "8. split coefficient": "1.0"}, "2025-02-24": {"1. open": "16.47", "2. high": "16.49", "3. low": "16.09", "4. close": "16.25", "5. adjusted close": "16.0244621790423", "6. volume": "6277315", "7. dividend amount": "0.0000", "8. split coefficient": "1.0"}, "2025-02-21": {"1. open": "16.8", "2. high": "16.81", "3. low": "16.16", "4. close": "16.34", "5. adjusted close": "16.1132130464955", "6. volume": "17225821", "7. dividend amount": "0.0000", "8. split coefficient": "1.0"}, "2025-02-20": {"1. open": "16.7", "2. high": "16.925", "3. low": "16.33", "4. close": "16.76", "5. adjusted close": "16.5273837612769", "6. volume": "14540325", "7. dividend amount": "0.0000", "8. split coefficient": "1.0"}, "2025-02-19": {"1. open": "16.92", "2. high": "17.155", "3. low": "16.81", "4. close": "17.08", "5. adjusted close": "16.8429424011103", "6. volume": "10142584", "7. dividend amount": "0.0000", "8. split coefficient": "1.0"}, "2025-02-18": {"1. open": "16.4", "2. high": "17.095", "3. low": "16.39", "4. close": "17.05", "5. adjusted close": "16.813358778626", "6. volume": "12502765", "7. dividend amount": "0.0000", "8. split coefficient": "1.0"}, "2025-02-14": {"1. open": "16.5", "2. high": "16.635", "3. low": "16.31", "4. close": "16.39", "5. adjusted close": "16.1625190839695", "6. volume": "4884966", "7. dividend amount": "0.0000", "8. split coefficient": "1.0"}, "2025-02-13": {"1. open": "16.35", "2. high": "16.46", "3. low": "16.26", "4. close": "16.42", "5. adjusted close": "16.1921027064539", "6. volume": "3968217", "7. dividend amount": "0.0000", "8. split coefficient": "1.0"}, "2025-02-12": {"1. open": "16.26", "2. high": "16.4", "3. low": "16.2", "4. close": "16.31", "5. adjusted close": "16.0836294240111", "6. volume": "4368605", "7. dividend amount": "0.0000", "8. split coefficient": "1.0"}, "2025-02-11": {"1. open": "16.4", "2. high": "16.55", "3. low": "16.275", "4. close": "16.49", "5. adjusted close": "16.2611311589174", "6. volume": "4612894", "7. dividend amount": "0.0000", "8. split coefficient": "1.0"}, "2025-02-10": {"1. open": "16.75", "2. high": "16.89", "3. low": "16.53", "4. close": "16.55", "5. adjusted close": "16.3202984038862", "6. volume": "12576581", "7. dividend amount": "0.0000", "8. split coefficient": "1.0"}, "2025-02-07": {"1. open": "16.75", "2. high": "16.87", "3. low": "16.55", "4. close": "16.76", "5. adjusted close": "16.5273837612769", "6. volume": "8154325", "7. dividend amount": "0.0000", "8. split coefficient": "1.0"}, "2025-02-06": {"1. open": "16.47", "2. high": "16.7", "3. low": "16.46", "4. close": "16.69", "5. adjusted close": "16.4583553088133", "6. volume": "8755985", "7. dividend amount": "0.0000", "8. split coefficient": "1.0"}, "2025-02-05": {"1. open": "16.47", "2. high": "16.475", "3. low": "16.185", "4. close": "16.37", "5. adjusted close": "16.1427966689799", "6. volume": "6948686", "7. dividend amount": "0.0000", "8. split coefficient": "1.0"}, "2025-02-04": {"1. open": "16.46", "2. high": "16.52", "3. low": "16.26", "4. close": "16.39", "5. adjusted close": "16.1625190839695", "6. volume": "4919959", "7. dividend amount": "0.0000", "8. split coefficient": "1.0"}, "2025-02-03": {"1. open": "16.5", "2. high": "16.64", "3. low": "15.98", "4. close": "16.49", "5. adjusted close": "16.2611311589174", "6. volume": "11518728", "7. dividend amount": "0.0000", "8. split coefficient": "1.0"}, "2025-01-31": {"1. open": "16.7", "2. high": "16.91", "3. low": "16.59", "4. close": "16.71", "5. adjusted close": "16.4780777238029", "6. volume": "11269088", "7. dividend amount": "0.0000", "8. split coefficient": "1.0"}, "2025-01-30": {"1. open": "16.84", "2. high": "16.89", "3. low": "16.51", "4. close": "16.64", "5. adjusted close": "16.4090492713393", "6. volume": "9613310", "7. dividend amount": "0.0000", "8. split coefficient": "1.0"}, "2025-01-29": {"1. open": "17.05", "2. high": "17.12", "3. low": "16.505", "4. close": "16.59", "5. adjusted close": "16.3597432338654", "6. volume": "11728800", "7. dividend amount": "0.0000", "8. split coefficient": "1.0"}, "2025-01-28": {"1. open": "17.21", "2. high": "17.445", "3. low": "17.01", "4. close": "17.05", "5. adjusted close": "16.813358778626", "6. volume": "8823237", "7. dividend amount": "0.0000", "8. split coefficient": "1.0"}, "2025-01-27": {"1. open": "16.97", "2. high": "17.245", "3. low": "16.79", "4. close": "17.18", "5. adjusted close": "16.9415544760583", "6. volume": "14916385", "7. dividend amount": "0.0000", "8. split coefficient": "1.0"}, "2025-01-24": {"1. open": "17.4", "2. high": "17.485", "3. low": "16.8", "4. close": "16.94", "5. adjusted close": "16.7048854961832", "6. volume": "10224111", "7. dividend amount": "0.0000", "8. split coefficient": "1.0"}, "2025-01-23": {"1. open": "17.31", "2. high": "17.52", "3. low": "17.125", "4. close": "17.43", "5. adjusted close": "17.1880846634282", "6. volume": "6195807", "7. dividend amount": "0.0000", "8. split coefficient": "1.0"}, "2025-01-22": {"1. open": "17.14", "2. high": "17.37", "3. low": "17.01", "4. close": "17.29", "5. adjusted close": "17.050027758501", "6. volume": "9609568", "7. dividend amount": "0.0000", "8. split coefficient": "1.0"}, "2025-01-21": {"1. open": "17.11", "2. high": "17.31", "3. low": "17.11", "4. close": "17.21", "5. adjusted close": "16.9711380985427", "6. volume": "4326890", "7. dividend amount": "0.0000", "8. split coefficient": "1.0"}, "2025-01-17": {"1. open": "17.205", "2. high": "17.2888", "3. low": "17.03", "4. close": "17.06", "5. adjusted close": "16.8232199861207", "6. volume": "5648055", "7. dividend amount": "0.0000", "8. split coefficient": "1.0"}, "2025-01-16": {"1. open": "17.36", "2. high": "17.44", "3. low": "17.055", "4. close": "17.07", "5. adjusted close": "16.8330811936155", "6. volume": "4135816", "7. dividend amount": "0.0000", "8. split coefficient": "1.0"}, "2025-01-15": {"1. open": "17.45", "2. high": "17.73", "3. low": "17.265", "4. close": "17.32", "5. adjusted close": "17.0796113809854", "6. volume": "5303572", "7. dividend amount": "0.0000", "8. split coefficient": "1.0"}, "2025-01-14": {"1. open": "17.34", "2. high": "17.38", "3. low": "17.19", "4. close": "17.28", "5. adjusted close": "17.0401665510062", "6. volume": "4425582", "7. dividend amount": "0.0000", "8. split coefficient": "1.0"}, "2025-01-13": {"1. open": "16.96", "2. high": "17.2", "3. low": "16.86", "4. close": "17.16", "5. adjusted close": "16.9218320610687", "6. volume": "5721099", "7. dividend amount": "0.0000", "8. split coefficient": "1.0"}, "2025-01-10": {"1. open": "16.63", "2. high": "17.11", "3. low": "16.55", "4. close": "17.08", "5. adjusted close": "16.8429424011103", "6. volume": "6579173", "7. dividend amount": "0.0000", "8. split coefficient": "1.0"}, "2025-01-08": {"1. open": "17.12", "2. high": "17.12", "3. low": "16.77", "4. close": "16.96", "5. adjusted close": "16.7246079111728", "6. volume": "5663573", "7. dividend amount": "0.0000", "8. split coefficient": "1.0"}, "2025-01-07": {"1. open": "17.43", "2. high": "17.48", "3. low": "17.0", "4. close": "17.05", "5. adjusted close": "16.813358778626", "6. volume": "5538041", "7. dividend amount": "0.0000", "8. split coefficient": "1.0"}, "2025-01-06": {"1. open": "17.54", "2. high": "17.65", "3. low": "17.27", "4. close": "17.28", "5. adjusted close": "17.0401665510062", "6. volume": "6391650", "7. dividend amount": "0.0000", "8. split coefficient": "1.0"}, "2025-01-03": {"1. open": "17.21", "2. high": "17.475", "3. low": "17.05", "4. close": "17.45", "5. adjusted close": "17.2078070784178", "6. volume": "7547936", "7. dividend amount": "0.0000", "8. split coefficient": "1.0"}, "2025-01-02": {"1. open": "17.57", "2. high": "17.58", "3. low": "17.155", "4. close": "17.2", "5. adjusted close": "16.9612768910479", "6. volume": "5125165", "7. dividend amount": "0.0000", "8. split coefficient": "1.0"}, "2024-12-31": {"1. open": "17.55", "2. high": "17.65", "3. low": "17.39", "4. close": "17.52", "5. adjusted close": "17.2768355308813", "6. volume": "5422161", "7. dividend amount": "0.3000", "8. split coefficient": "1.0"}, "2024-12-30": {"1. open": "17.88", "2. high": "17.91", "3. low": "17.53", "4. close": "17.78", "5. adjusted close": "17.2380547552789", "6. volume": "5850408", "7. dividend amount": "0.0000", "8. split coefficient": "1.0"}, "2024-12-27": {"1. open": "18.14", "2. high": "18.235", "3. low": "17.83", "4. close": "17.975", "5. adjusted close": "17.4271110363407", "6. volume": "7022274", "7. dividend amount": "0.0000", "8. split coefficient": "1.0"}, "2024-12-26": {"1. open": "18.19", "2. high": "18.34", "3. low": "18.09", "4. close": "18.28", "5. adjusted close": "17.7228144503092", "6. volume": "3034455", "7. dividend amount": "0.0000", "8. split coefficient": "1.0"}, "2024-12-24": {"1. open": "18.09", "2. high": "18.275", "3. low": "18.005", "4. close": "18.22", "5. adjusted close": "17.6646432869056", "6. volume": "1710037", "7. dividend amount": "0.0000", "8. split coefficient": "1.0"}, "2024-12-23": {"1. open": "18.18", "2. high": "18.21", "3. low": "17.91", "4. close": "18.07", "5. adjusted close": "17.5192153783965", "6. volume": "4285953", "7. dividend amount": "0.0000", "8. split coefficient": "1.0"}, "2024-12-20": {"1. open": "17.43", "2. high": "18.355", "3. low": "17.38", "4. close": "18.2", "5. adjusted close": "17.6452528991044", "6. volume": "19799315", "7. dividend amount": "0.0000", "8. split coefficient": "1.0"}, "2024-12-19": {"1. open": "17.6", "2. high": "17.85", "3. low": "17.55", "4. close": "17.63", "5. adjusted close": "17.0926268467698", "6. volume": "7594946", "7. dividend amount": "0.0000", "8. split coefficient": "1.0"}, "2024-12-18": {"1. open": "18.74", "2. high": "18.82", "3. low": "17.53", "4. close": "17.55", "5. adjusted close": "17.015065295565", "6. volume": "10588687", "7. dividend amount": "0.0000", "8. split coefficient": "1.0"}, "2024-12-17": {"1. open": "18.51", "2. high": "18.86", "3. low": "18.45", "4. close": "18.72", "5. adjusted close": "18.1494029819359", "6. volume": "7336262", "7. dividend amount": "0.0000", "8. split coefficient": "1.0"}, "2024-12-16": {"1. open": "18.59", "2. high": "19.03", "3. low": "18.51", "4. close": "18.66", "5. adjusted close": "18.0912318185323", "6. volume": "8159757", "7. dividend amount": "0.0000", "8. split coefficient": "1.0"}, "2024-12-13": {"1. open": "18.82", "2. high": "18.92", "3. low": "18.51", "4. close": "18.58", "5. adjusted close": "18.0136702673274", "6. volume": "4514382", "7. dividend amount": "0.0000", "8. split coefficient": "1.0"}, "2024-12-12": {"1. open": "18.91", "2. high": "19.03", "3. low": "18.775", "4. close": "18.82", "5. adjusted close": "18.246354920942", "6. volume": "5529287", "7. dividend amount": "0.0000", "8. split coefficient": "1.0"}, "2024-12-11": {"1. open": "19.23", "2. high": "19.365", "3. low": "18.865", "4. close": "18.93", "5. adjusted close": "18.3530020538487", "6. volume": "6230959", "7. dividend amount": "0.0000", "8. split coefficient": "1.0"}, "2024-12-10": {"1. open": "19.01", "2. high": "19.21", "3. low": "18.785", "4. close": "19.07", "5. adjusted close": "18.4887347684572", "6. volume": "6518871", "7. dividend amount": "0.0000", "8. split coefficient": "1.0"}, "2024-12-09": {"1. open": "18.91", "2. high": "19.15", "3. low": "18.83", "4. close": "18.94", "5. adjusted close": "18.3626972477493", "6. volume": "6789110", "7. dividend amount": "0.0000", "8. split coefficient": "1.0"}, "2024-12-06": {"1. open": "18.92", "2. high": "19.03", "3. low": "18.635", "4. close": "18.8", "5. adjusted close": "18.2269645331408", "6. volume": "5650018", "7. dividend amount": "0.0000", "8. split coefficient": "1.0"}, "2024-12-05": {"1. open": "18.53", "2. high": "18.97", "3. low": "18.375", "4. close": "18.8", "5. adjusted close": "18.2269645331408", "6. volume": "9272383", "7. dividend amount": "0.0000", "8. split coefficient": "1.0"}, "2024-12-04": {"1. open": "18.52", "2. high": "18.59", "3. low": "18.385", "4. close": "18.53", "5. adjusted close": "17.9651942978244", "6. volume": "5113847", "7. dividend amount": "0.0000", "8. split coefficient": "1.0"}, "2024-12-03": {"1. open": "18.57", "2. high": "19.08", "3. low": "18.49", "4. close": "18.52", "5. adjusted close": "17.9554991039238", "6. volume": "10704176", "7. dividend amount": "0.0000", "8. split coefficient": "1.0"}, "2024-12-02": {"1. open": "18.46", "2. high": "18.59", "3. low": "18.27", "4. close": "18.39", "5. adjusted close": "17.8294615832159", "6. volume": "5542604", "7. dividend amount": "0.0000", "8. split coefficient": "1.0"}, "2024-11-29": {"1. open": "18.58", "2. high": "18.65", "3. low": "18.42", "4. close": "18.42", "5. adjusted close": "17.8585471649177", "6. volume": "4412556", "7. dividend amount": "0.0000", "8. split coefficient": "1.0"}, "2024-11-27": {"1. open": "18.31", "2. high": "18.615", "3. low": "18.31", "4. close": "18.43", "5. adjusted close": "17.8682423588183", "6. volume": "6952055", "7. dividend amount": "0.0000", "8. split coefficient": "1.0"}, "2024-11-26": {"1. open": "18.32", "2. high": "18.47", "3. low": "18.245", "4. close": "18.31", "5. adjusted close": "17.7519000320111", "6. volume": "8026869", "7. dividend amount": "0.0000", "8. split coefficient": "1.0"}, "2024-11-25": {"1. open": "18.33", "2. high": "18.566616", "3. low": "18.29", "4. close": "18.42", "5. adjusted close": "17.8585471649177", "6. volume": "13101610", "7. dividend amount": "0.0000", "8. split coefficient": "1.0"}}}