{"Symbol": "EIX", "AssetType": "Common Stock", "Name": "Edison International", "Description": "Edison International is a public utility holding company based in Rosemead, California. Its subsidiaries include Southern California Edison, and unregulated non-utility business assets Edison Energy.", "CIK": "827052", "Exchange": "NYSE", "Currency": "USD", "Country": "USA", "Sector": "ENERGY & TRANSPORTATION", "Industry": "ELECTRIC SERVICES", "Address": "2244 WALNUT GROVE AVE,, P O BOX 800, ROSEMEAD, CA, US", "OfficialSite": "https://www.edison.com", "FiscalYearEnd": "December", "LatestQuarter": "2024-12-31", "MarketCapitalization": "22892325000", "EBITDA": "6395000000", "PERatio": "17.47", "PEGRatio": "0.612", "BookValue": "36.18", "DividendPerShare": "3.168", "DividendYield": "0.0593", "EPS": "3.31", "RevenuePerShareTTM": "45.59", "ProfitMargin": "0.073", "OperatingMarginTTM": "0.224", "ReturnOnAssetsTTM": "0.0289", "ReturnOnEquityTTM": "0.072", "RevenueTTM": "17599001000", "GrossProfitTTM": "9150000000", "DilutedEPSTTM": "3.31", "QuarterlyEarningsGrowthYOY": "-0.107", "QuarterlyRevenueGrowthYOY": "0.075", "AnalystTargetPrice": "69.54", "AnalystRatingStrongBuy": "2", "AnalystRatingBuy": "11", "AnalystRatingHold": "4", "AnalystRatingSell": "1", "AnalystRatingStrongSell": "0", "TrailingPE": "17.47", "ForwardPE": "9.23", "PriceToSalesRatioTTM": "1.301", "PriceToBookRatio": "1.544", "EVToRevenue": "3.449", "EVToEBITDA": "9.53", "Beta": "0.743", "52WeekHigh": "86.38", "52WeekLow": "48.32", "50DayMovingAverage": "55.29", "200DayMovingAverage": "73.21", "SharesOutstanding": "385024000", "DividendDate": "2025-04-30", "ExDividendDate": "2025-04-07"}