{"Meta Data": {"1. Information": "Daily Time Series with Splits and Dividend Events", "2. Symbol": "SPG", "3. Last Refreshed": "2025-04-22", "4. Output Size": "Compact", "5. Time Zone": "US/Eastern"}, "Time Series (Daily)": {"2025-04-22": {"1. open": "149.34", "2. high": "152.18", "3. low": "148.0", "4. close": "150.71", "5. adjusted close": "150.71", "6. volume": "1496012", "7. dividend amount": "0.0000", "8. split coefficient": "1.0"}, "2025-04-21": {"1. open": "148.3", "2. high": "148.73", "3. low": "145.84", "4. close": "147.2", "5. adjusted close": "147.2", "6. volume": "1700981", "7. dividend amount": "0.0000", "8. split coefficient": "1.0"}, "2025-04-17": {"1. open": "149.09", "2. high": "152.07", "3. low": "148.83", "4. close": "150.4", "5. adjusted close": "150.4", "6. volume": "1267537", "7. dividend amount": "0.0000", "8. split coefficient": "1.0"}, "2025-04-16": {"1. open": "149.25", "2. high": "151.2299", "3. low": "146.84", "4. close": "148.05", "5. adjusted close": "148.05", "6. volume": "1435886", "7. dividend amount": "0.0000", "8. split coefficient": "1.0"}, "2025-04-15": {"1. open": "149.6", "2. high": "151.74", "3. low": "148.8501", "4. close": "149.37", "5. adjusted close": "149.37", "6. volume": "1203569", "7. dividend amount": "0.0000", "8. split coefficient": "1.0"}, "2025-04-14": {"1. open": "150.98", "2. high": "151.8937", "3. low": "148.69", "4. close": "149.87", "5. adjusted close": "149.87", "6. volume": "1406927", "7. dividend amount": "0.0000", "8. split coefficient": "1.0"}, "2025-04-11": {"1. open": "146.77", "2. high": "149.0199", "3. low": "142.3", "4. close": "148.2", "5. adjusted close": "148.2", "6. volume": "1712970", "7. dividend amount": "0.0000", "8. split coefficient": "1.0"}, "2025-04-10": {"1. open": "150.0", "2. high": "152.0", "3. low": "143.1", "4. close": "147.69", "5. adjusted close": "147.69", "6. volume": "2325872", "7. dividend amount": "0.0000", "8. split coefficient": "1.0"}, "2025-04-09": {"1. open": "139.21", "2. high": "154.24", "3. low": "136.34", "4. close": "153.18", "5. adjusted close": "153.18", "6. volume": "4323369", "7. dividend amount": "0.0000", "8. split coefficient": "1.0"}, "2025-04-08": {"1. open": "148.51", "2. high": "150.0", "3. low": "138.53", "4. close": "140.37", "5. adjusted close": "140.37", "6. volume": "2703643", "7. dividend amount": "0.0000", "8. split coefficient": "1.0"}, "2025-04-07": {"1. open": "140.0", "2. high": "150.53", "3. low": "138.1101", "4. close": "143.34", "5. adjusted close": "143.34", "6. volume": "3557352", "7. dividend amount": "0.0000", "8. split coefficient": "1.0"}, "2025-04-04": {"1. open": "147.88", "2. high": "150.71", "3. low": "142.75", "4. close": "146.05", "5. adjusted close": "146.05", "6. volume": "3680411", "7. dividend amount": "0.0000", "8. split coefficient": "1.0"}, "2025-04-03": {"1. open": "163.74", "2. high": "165.0", "3. low": "151.8806", "4. close": "153.18", "5. adjusted close": "153.18", "6. volume": "3769989", "7. dividend amount": "0.0000", "8. split coefficient": "1.0"}, "2025-04-02": {"1. open": "165.82", "2. high": "170.86", "3. low": "165.565", "4. close": "170.41", "5. adjusted close": "170.41", "6. volume": "1417855", "7. dividend amount": "0.0000", "8. split coefficient": "1.0"}, "2025-04-01": {"1. open": "166.64", "2. high": "167.5", "3. low": "163.68", "4. close": "166.47", "5. adjusted close": "166.47", "6. volume": "1483375", "7. dividend amount": "0.0000", "8. split coefficient": "1.0"}, "2025-03-31": {"1. open": "163.67", "2. high": "166.78", "3. low": "163.58", "4. close": "166.08", "5. adjusted close": "166.08", "6. volume": "2409252", "7. dividend amount": "0.0000", "8. split coefficient": "1.0"}, "2025-03-28": {"1. open": "166.89", "2. high": "167.365", "3. low": "163.11", "4. close": "164.28", "5. adjusted close": "164.28", "6. volume": "1309342", "7. dividend amount": "0.0000", "8. split coefficient": "1.0"}, "2025-03-27": {"1. open": "168.46", "2. high": "169.56", "3. low": "165.46", "4. close": "165.85", "5. adjusted close": "165.85", "6. volume": "1665836", "7. dividend amount": "0.0000", "8. split coefficient": "1.0"}, "2025-03-26": {"1. open": "166.19", "2. high": "168.55", "3. low": "166.19", "4. close": "168.45", "5. adjusted close": "168.45", "6. volume": "1630077", "7. dividend amount": "0.0000", "8. split coefficient": "1.0"}, "2025-03-25": {"1. open": "166.29", "2. high": "168.7", "3. low": "164.25", "4. close": "165.76", "5. adjusted close": "165.76", "6. volume": "1661786", "7. dividend amount": "0.0000", "8. split coefficient": "1.0"}, "2025-03-24": {"1. open": "162.5", "2. high": "166.43", "3. low": "161.69", "4. close": "166.12", "5. adjusted close": "166.12", "6. volume": "1300578", "7. dividend amount": "0.0000", "8. split coefficient": "1.0"}, "2025-03-21": {"1. open": "163.3", "2. high": "163.91", "3. low": "159.91", "4. close": "162.1", "5. adjusted close": "162.1", "6. volume": "3094383", "7. dividend amount": "0.0000", "8. split coefficient": "1.0"}, "2025-03-20": {"1. open": "164.63", "2. high": "165.5", "3. low": "162.2", "4. close": "164.45", "5. adjusted close": "164.45", "6. volume": "1445800", "7. dividend amount": "0.0000", "8. split coefficient": "1.0"}, "2025-03-19": {"1. open": "164.8", "2. high": "166.01", "3. low": "162.86", "4. close": "164.8", "5. adjusted close": "164.8", "6. volume": "1674477", "7. dividend amount": "0.0000", "8. split coefficient": "1.0"}, "2025-03-18": {"1. open": "166.56", "2. high": "168.09", "3. low": "164.56", "4. close": "164.8", "5. adjusted close": "164.8", "6. volume": "1340241", "7. dividend amount": "0.0000", "8. split coefficient": "1.0"}, "2025-03-17": {"1. open": "162.25", "2. high": "167.795", "3. low": "161.6", "4. close": "166.86", "5. adjusted close": "166.86", "6. volume": "2279398", "7. dividend amount": "0.0000", "8. split coefficient": "1.0"}, "2025-03-14": {"1. open": "160.9", "2. high": "161.22", "3. low": "158.71", "4. close": "161.21", "5. adjusted close": "161.21", "6. volume": "1887480", "7. dividend amount": "0.0000", "8. split coefficient": "1.0"}, "2025-03-13": {"1. open": "165.99", "2. high": "167.54", "3. low": "158.22", "4. close": "159.48", "5. adjusted close": "159.48", "6. volume": "1832926", "7. dividend amount": "0.0000", "8. split coefficient": "1.0"}, "2025-03-12": {"1. open": "164.46", "2. high": "167.39", "3. low": "164.0", "4. close": "165.83", "5. adjusted close": "165.83", "6. volume": "2002973", "7. dividend amount": "0.0000", "8. split coefficient": "1.0"}, "2025-03-11": {"1. open": "165.6", "2. high": "165.97", "3. low": "160.2915", "4. close": "163.48", "5. adjusted close": "163.48", "6. volume": "2565480", "7. dividend amount": "0.0000", "8. split coefficient": "1.0"}, "2025-03-10": {"1. open": "168.25", "2. high": "169.45", "3. low": "164.07", "4. close": "165.29", "5. adjusted close": "165.29", "6. volume": "2136809", "7. dividend amount": "2.1000", "8. split coefficient": "1.0"}, "2025-03-07": {"1. open": "174.32", "2. high": "175.59", "3. low": "169.65", "4. close": "171.1", "5. adjusted close": "168.953456000956", "6. volume": "1898700", "7. dividend amount": "0.0000", "8. split coefficient": "1.0"}, "2025-03-06": {"1. open": "181.17", "2. high": "181.625", "3. low": "174.3227", "4. close": "174.54", "5. adjusted close": "172.350299301034", "6. volume": "1949792", "7. dividend amount": "0.0000", "8. split coefficient": "1.0"}, "2025-03-05": {"1. open": "182.07", "2. high": "184.36", "3. low": "180.82", "4. close": "183.38", "5. adjusted close": "181.079396618675", "6. volume": "1773049", "7. dividend amount": "0.0000", "8. split coefficient": "1.0"}, "2025-03-04": {"1. open": "187.53", "2. high": "187.854", "3. low": "182.73", "4. close": "183.58", "5. adjusted close": "181.276887508214", "6. volume": "2894835", "7. dividend amount": "0.0000", "8. split coefficient": "1.0"}, "2025-03-03": {"1. open": "187.29", "2. high": "190.135", "3. low": "186.05", "4. close": "187.78", "5. adjusted close": "185.424196188542", "6. volume": "2047205", "7. dividend amount": "0.0000", "8. split coefficient": "1.0"}, "2025-02-28": {"1. open": "183.68", "2. high": "186.24", "3. low": "182.31", "4. close": "186.09", "5. adjusted close": "183.755398171934", "6. volume": "2573159", "7. dividend amount": "0.0000", "8. split coefficient": "1.0"}, "2025-02-27": {"1. open": "185.04", "2. high": "186.1", "3. low": "182.52", "4. close": "182.58", "5. adjusted close": "180.289433060517", "6. volume": "954173", "7. dividend amount": "0.0000", "8. split coefficient": "1.0"}, "2025-02-26": {"1. open": "184.68", "2. high": "186.1", "3. low": "183.19", "4. close": "184.24", "5. adjusted close": "181.928607443694", "6. volume": "1078373", "7. dividend amount": "0.0000", "8. split coefficient": "1.0"}, "2025-02-25": {"1. open": "184.8", "2. high": "186.2499", "3. low": "183.06", "4. close": "183.8", "5. adjusted close": "181.494127486708", "6. volume": "1356751", "7. dividend amount": "0.0000", "8. split coefficient": "1.0"}, "2025-02-24": {"1. open": "184.42", "2. high": "186.1767", "3. low": "183.87", "4. close": "184.65", "5. adjusted close": "182.33346376725", "6. volume": "1657135", "7. dividend amount": "0.0000", "8. split coefficient": "1.0"}, "2025-02-21": {"1. open": "187.21", "2. high": "187.5", "3. low": "181.7832", "4. close": "183.8", "5. adjusted close": "181.494127486708", "6. volume": "1367682", "7. dividend amount": "0.0000", "8. split coefficient": "1.0"}, "2025-02-20": {"1. open": "185.43", "2. high": "187.49", "3. low": "185.43", "4. close": "186.71", "5. adjusted close": "184.367619929506", "6. volume": "940649", "7. dividend amount": "0.0000", "8. split coefficient": "1.0"}, "2025-02-19": {"1. open": "185.5", "2. high": "186.58", "3. low": "184.2801", "4. close": "185.93", "5. adjusted close": "183.597405460302", "6. volume": "783243", "7. dividend amount": "0.0000", "8. split coefficient": "1.0"}, "2025-02-18": {"1. open": "185.4", "2. high": "187.0", "3. low": "184.9301", "4. close": "186.04", "5. adjusted close": "183.706025449549", "6. volume": "1135260", "7. dividend amount": "0.0000", "8. split coefficient": "1.0"}, "2025-02-14": {"1. open": "186.86", "2. high": "188.135", "3. low": "184.99", "4. close": "185.05", "5. adjusted close": "182.728445546329", "6. volume": "998013", "7. dividend amount": "0.0000", "8. split coefficient": "1.0"}, "2025-02-13": {"1. open": "184.57", "2. high": "187.1", "3. low": "183.67", "4. close": "186.22", "5. adjusted close": "183.883767250134", "6. volume": "1355235", "7. dividend amount": "0.0000", "8. split coefficient": "1.0"}, "2025-02-12": {"1. open": "180.95", "2. high": "184.425", "3. low": "180.95", "4. close": "183.88", "5. adjusted close": "181.573123842523", "6. volume": "1395311", "7. dividend amount": "0.0000", "8. split coefficient": "1.0"}, "2025-02-11": {"1. open": "180.34", "2. high": "184.55", "3. low": "179.77", "4. close": "184.38", "5. adjusted close": "182.066851066372", "6. volume": "2155980", "7. dividend amount": "0.0000", "8. split coefficient": "1.0"}, "2025-02-10": {"1. open": "180.77", "2. high": "180.9299", "3. low": "178.7475", "4. close": "180.56", "5. adjusted close": "178.294775076169", "6. volume": "1492055", "7. dividend amount": "0.0000", "8. split coefficient": "1.0"}, "2025-02-07": {"1. open": "180.51", "2. high": "180.9", "3. low": "179.2901", "4. close": "179.94", "5. adjusted close": "177.682553318597", "6. volume": "1082122", "7. dividend amount": "0.0000", "8. split coefficient": "1.0"}, "2025-02-06": {"1. open": "181.35", "2. high": "181.46", "3. low": "177.79", "4. close": "180.17", "5. adjusted close": "177.909667841568", "6. volume": "1383112", "7. dividend amount": "0.0000", "8. split coefficient": "1.0"}, "2025-02-05": {"1. open": "178.56", "2. high": "180.5486", "3. low": "175.97", "4. close": "179.11", "5. adjusted close": "176.862966127009", "6. volume": "1998288", "7. dividend amount": "0.0000", "8. split coefficient": "1.0"}, "2025-02-04": {"1. open": "171.38", "2. high": "173.66", "3. low": "171.38", "4. close": "173.35", "5. adjusted close": "171.175228508274", "6. volume": "1041215", "7. dividend amount": "0.0000", "8. split coefficient": "1.0"}, "2025-02-03": {"1. open": "172.11", "2. high": "174.084", "3. low": "170.59", "4. close": "173.41", "5. adjusted close": "171.234475775136", "6. volume": "1306223", "7. dividend amount": "0.0000", "8. split coefficient": "1.0"}, "2025-01-31": {"1. open": "175.87", "2. high": "177.11", "3. low": "173.13", "4. close": "173.86", "5. adjusted close": "171.6788302766", "6. volume": "1504342", "7. dividend amount": "0.0000", "8. split coefficient": "1.0"}, "2025-01-30": {"1. open": "175.12", "2. high": "177.25", "3. low": "174.48", "4. close": "175.79", "5. adjusted close": "173.584617360655", "6. volume": "1093663", "7. dividend amount": "0.0000", "8. split coefficient": "1.0"}, "2025-01-29": {"1. open": "176.0", "2. high": "177.155", "3. low": "172.75", "4. close": "173.63", "5. adjusted close": "171.451715753629", "6. volume": "689236", "7. dividend amount": "0.0000", "8. split coefficient": "1.0"}, "2025-01-28": {"1. open": "175.9", "2. high": "177.41", "3. low": "175.35", "4. close": "175.62", "5. adjusted close": "173.416750104546", "6. volume": "786775", "7. dividend amount": "0.0000", "8. split coefficient": "1.0"}, "2025-01-27": {"1. open": "174.62", "2. high": "176.91", "3. low": "174.29", "4. close": "176.7", "5. adjusted close": "174.483200908059", "6. volume": "1186070", "7. dividend amount": "0.0000", "8. split coefficient": "1.0"}, "2025-01-24": {"1. open": "174.34", "2. high": "176.45", "3. low": "173.96", "4. close": "174.25", "5. adjusted close": "172.063937511201", "6. volume": "1051091", "7. dividend amount": "0.0000", "8. split coefficient": "1.0"}, "2025-01-23": {"1. open": "173.31", "2. high": "175.0", "3. low": "172.2401", "4. close": "174.86", "5. adjusted close": "172.666284724297", "6. volume": "902133", "7. dividend amount": "0.0000", "8. split coefficient": "1.0"}, "2025-01-22": {"1. open": "175.47", "2. high": "175.47", "3. low": "172.595", "4. close": "172.9", "5. adjusted close": "170.73087400681", "6. volume": "1517164", "7. dividend amount": "0.0000", "8. split coefficient": "1.0"}, "2025-01-21": {"1. open": "174.0", "2. high": "176.55", "3. low": "174.0", "4. close": "175.96", "5. adjusted close": "173.752484616763", "6. volume": "1078301", "7. dividend amount": "0.0000", "8. split coefficient": "1.0"}, "2025-01-17": {"1. open": "173.49", "2. high": "175.72", "3. low": "172.54", "4. close": "174.14", "5. adjusted close": "171.955317521955", "6. volume": "1302567", "7. dividend amount": "0.0000", "8. split coefficient": "1.0"}, "2025-01-16": {"1. open": "172.02", "2. high": "173.16", "3. low": "170.74", "4. close": "172.71", "5. adjusted close": "170.543257661748", "6. volume": "1195777", "7. dividend amount": "0.0000", "8. split coefficient": "1.0"}, "2025-01-15": {"1. open": "176.61", "2. high": "176.94", "3. low": "170.87", "4. close": "171.75", "5. adjusted close": "169.595301391959", "6. volume": "1204660", "7. dividend amount": "0.0000", "8. split coefficient": "1.0"}, "2025-01-14": {"1. open": "173.64", "2. high": "174.71", "3. low": "172.7", "4. close": "173.57", "5. adjusted close": "171.392468486767", "6. volume": "1068133", "7. dividend amount": "0.0000", "8. split coefficient": "1.0"}, "2025-01-13": {"1. open": "170.64", "2. high": "173.08", "3. low": "169.84", "4. close": "172.8", "5. adjusted close": "170.632128562041", "6. volume": "1257002", "7. dividend amount": "0.0000", "8. split coefficient": "1.0"}, "2025-01-10": {"1. open": "172.36", "2. high": "174.84", "3. low": "170.1", "4. close": "170.96", "5. adjusted close": "168.815212378278", "6. volume": "2010292", "7. dividend amount": "0.0000", "8. split coefficient": "1.0"}, "2025-01-08": {"1. open": "173.82", "2. high": "174.99", "3. low": "172.77", "4. close": "174.69", "5. adjusted close": "172.498417468188", "6. volume": "1319697", "7. dividend amount": "0.0000", "8. split coefficient": "1.0"}, "2025-01-07": {"1. open": "174.81", "2. high": "176.7", "3. low": "173.16", "4. close": "174.17", "5. adjusted close": "171.984941155386", "6. volume": "2317881", "7. dividend amount": "0.0000", "8. split coefficient": "1.0"}, "2025-01-06": {"1. open": "175.16", "2. high": "175.9", "3. low": "173.93", "4. close": "174.41", "5. adjusted close": "172.221930222833", "6. volume": "2050862", "7. dividend amount": "0.0000", "8. split coefficient": "1.0"}, "2025-01-03": {"1. open": "174.05", "2. high": "176.25", "3. low": "173.623", "4. close": "176.07", "5. adjusted close": "173.86110460601", "6. volume": "897277", "7. dividend amount": "0.0000", "8. split coefficient": "1.0"}, "2025-01-02": {"1. open": "172.5", "2. high": "174.235", "3. low": "171.5766", "4. close": "173.53", "5. adjusted close": "171.35297030886", "6. volume": "1154680", "7. dividend amount": "0.0000", "8. split coefficient": "1.0"}, "2024-12-31": {"1. open": "172.27", "2. high": "172.57", "3. low": "170.495", "4. close": "172.21", "5. adjusted close": "170.0495304379", "6. volume": "1376090", "7. dividend amount": "0.0000", "8. split coefficient": "1.0"}, "2024-12-30": {"1. open": "170.07", "2. high": "171.52", "3. low": "168.51", "4. close": "170.87", "5. adjusted close": "168.726341477986", "6. volume": "852132", "7. dividend amount": "0.0000", "8. split coefficient": "1.0"}, "2024-12-27": {"1. open": "172.35", "2. high": "174.2861", "3. low": "171.32", "4. close": "172.01", "5. adjusted close": "169.85203954836", "6. volume": "734394", "7. dividend amount": "0.0000", "8. split coefficient": "1.0"}, "2024-12-26": {"1. open": "172.63", "2. high": "174.4", "3. low": "172.11", "4. close": "173.8", "5. adjusted close": "171.619583009738", "6. volume": "469932", "7. dividend amount": "0.0000", "8. split coefficient": "1.0"}, "2024-12-24": {"1. open": "170.89", "2. high": "173.45", "3. low": "170.5094", "4. close": "173.35", "5. adjusted close": "171.175228508274", "6. volume": "441749", "7. dividend amount": "0.0000", "8. split coefficient": "1.0"}, "2024-12-23": {"1. open": "171.0", "2. high": "171.75", "3. low": "169.56", "4. close": "171.38", "5. adjusted close": "169.229943246311", "6. volume": "1388493", "7. dividend amount": "0.0000", "8. split coefficient": "1.0"}, "2024-12-20": {"1. open": "171.06", "2. high": "174.14", "3. low": "170.33", "4. close": "171.61", "5. adjusted close": "169.457057769281", "6. volume": "4887005", "7. dividend amount": "0.0000", "8. split coefficient": "1.0"}, "2024-12-19": {"1. open": "172.59", "2. high": "174.24", "3. low": "169.01", "4. close": "169.26", "5. adjusted close": "167.136539817193", "6. volume": "2057991", "7. dividend amount": "0.0000", "8. split coefficient": "1.0"}, "2024-12-18": {"1. open": "179.49", "2. high": "181.26", "3. low": "171.4", "4. close": "171.51", "5. adjusted close": "169.358312324512", "6. volume": "1852341", "7. dividend amount": "0.0000", "8. split coefficient": "1.0"}, "2024-12-17": {"1. open": "180.37", "2. high": "182.62", "3. low": "179.73", "4. close": "179.96", "5. adjusted close": "177.702302407551", "6. volume": "1681069", "7. dividend amount": "0.0000", "8. split coefficient": "1.0"}, "2024-12-16": {"1. open": "179.35", "2. high": "182.78", "3. low": "178.82", "4. close": "181.93", "5. adjusted close": "179.647587669514", "6. volume": "1499683", "7. dividend amount": "0.0000", "8. split coefficient": "1.0"}, "2024-12-13": {"1. open": "177.67", "2. high": "179.82", "3. low": "176.22", "4. close": "179.6", "5. adjusted close": "177.34681880638", "6. volume": "1462367", "7. dividend amount": "0.0000", "8. split coefficient": "1.0"}, "2024-12-12": {"1. open": "176.63", "2. high": "179.85", "3. low": "176.5295", "4. close": "177.2", "5. adjusted close": "174.976928131908", "6. volume": "1509116", "7. dividend amount": "0.0000", "8. split coefficient": "1.0"}, "2024-12-11": {"1. open": "179.23", "2. high": "179.86", "3. low": "176.04", "4. close": "176.63", "5. adjusted close": "174.41407909672", "6. volume": "1776968", "7. dividend amount": "0.0000", "8. split coefficient": "1.0"}, "2024-12-10": {"1. open": "181.38", "2. high": "181.38", "3. low": "178.17", "4. close": "179.23", "5. adjusted close": "176.981460660732", "6. volume": "1925468", "7. dividend amount": "0.0000", "8. split coefficient": "1.0"}, "2024-12-09": {"1. open": "181.65", "2. high": "182.84", "3. low": "180.285", "4. close": "182.11", "5. adjusted close": "179.8253294701", "6. volume": "1638486", "7. dividend amount": "2.1000", "8. split coefficient": "1.0"}, "2024-12-06": {"1. open": "183.0", "2. high": "183.98", "3. low": "182.12", "4. close": "183.84", "5. adjusted close": "179.464136419213", "6. volume": "1419419", "7. dividend amount": "0.0000", "8. split coefficient": "1.0"}, "2024-12-05": {"1. open": "180.64", "2. high": "182.8008", "3. low": "180.37", "4. close": "181.88", "5. adjusted close": "177.550789446945", "6. volume": "1209301", "7. dividend amount": "0.0000", "8. split coefficient": "1.0"}, "2024-12-04": {"1. open": "181.3", "2. high": "181.61", "3. low": "179.29", "4. close": "181.51", "5. adjusted close": "177.189596396058", "6. volume": "1128452", "7. dividend amount": "0.0000", "8. split coefficient": "1.0"}, "2024-12-03": {"1. open": "182.72", "2. high": "182.8305", "3. low": "179.415", "4. close": "180.63", "5. adjusted close": "176.330542653407", "6. volume": "1651401", "7. dividend amount": "0.0000", "8. split coefficient": "1.0"}, "2024-12-02": {"1. open": "183.16", "2. high": "183.17", "3. low": "180.75", "4. close": "181.37", "5. adjusted close": "177.052928755182", "6. volume": "1687845", "7. dividend amount": "0.0000", "8. split coefficient": "1.0"}, "2024-11-29": {"1. open": "184.72", "2. high": "186.0", "3. low": "183.6", "4. close": "183.6", "5. adjusted close": "179.229849034853", "6. volume": "1291373", "7. dividend amount": "0.0000", "8. split coefficient": "1.0"}, "2024-11-27": {"1. open": "183.26", "2. high": "186.0", "3. low": "183.2", "4. close": "183.75", "5. adjusted close": "179.376278650078", "6. volume": "902971", "7. dividend amount": "0.0000", "8. split coefficient": "1.0"}, "2024-11-26": {"1. open": "180.59", "2. high": "183.94", "3. low": "179.985", "4. close": "183.46", "5. adjusted close": "179.093181393977", "6. volume": "1358515", "7. dividend amount": "0.0000", "8. split coefficient": "1.0"}, "2024-11-25": {"1. open": "182.14", "2. high": "182.9", "3. low": "180.07", "4. close": "180.11", "5. adjusted close": "175.822919987295", "6. volume": "4565047", "7. dividend amount": "0.0000", "8. split coefficient": "1.0"}}}