{"Symbol": "CMS", "AssetType": "Common Stock", "Name": "CMS Energy Corporation", "Description": "CMS Energy (NYSE: CMS), based in Jackson, Michigan, is an energy company that is focused principally on utility operations in Michigan.", "CIK": "811156", "Exchange": "NYSE", "Currency": "USD", "Country": "USA", "Sector": "ENERGY & TRANSPORTATION", "Industry": "ELECTRIC & OTHER SERVICES COMBINED", "Address": "ONE ENERGY PLAZA, JACKSON, MI, US", "OfficialSite": "https://www.cmsenergy.com", "FiscalYearEnd": "December", "LatestQuarter": "2024-12-31", "MarketCapitalization": "22044774000", "EBITDA": "2702000000", "PERatio": "22.13", "PEGRatio": "2.982", "BookValue": "26.8", "DividendPerShare": "2.06", "DividendYield": "0.0294", "EPS": "3.33", "RevenuePerShareTTM": "25.25", "ProfitMargin": "0.134", "OperatingMarginTTM": "0.235", "ReturnOnAssetsTTM": "0.0298", "ReturnOnEquityTTM": "0.112", "RevenueTTM": "7515000000", "GrossProfitTTM": "3209000000", "DilutedEPSTTM": "3.33", "QuarterlyEarningsGrowthYOY": "-0.161", "QuarterlyRevenueGrowthYOY": "0.02", "AnalystTargetPrice": "74.1", "AnalystRatingStrongBuy": "4", "AnalystRatingBuy": "6", "AnalystRatingHold": "8", "AnalystRatingSell": "0", "AnalystRatingStrongSell": "1", "TrailingPE": "22.13", "ForwardPE": "20.49", "PriceToSalesRatioTTM": "2.933", "PriceToBookRatio": "2.753", "EVToRevenue": "5.15", "EVToEBITDA": "12.61", "Beta": "0.341", "52WeekHigh": "76.45", "52WeekLow": "57.16", "50DayMovingAverage": "72.36", "200DayMovingAverage": "68.54", "SharesOutstanding": "299115000", "DividendDate": "2025-05-30", "ExDividendDate": "2025-05-09"}