{"Symbol": "SNPS", "AssetType": "Common Stock", "Name": "Synopsys Inc", "Description": "Synopsys is an American electronic design automation company that focuses on silicon design and verification, silicon intellectual property and software security and quality. Products include logic synthesis, behavioral synthesis, place and route, static timing analysis, formal verification, hardware description language (SystemC, SystemVerilog/Verilog, VHDL) simulators, and transistor-level circuit simulation.", "CIK": "883241", "Exchange": "NASDAQ", "Currency": "USD", "Country": "USA", "Sector": "TECHNOLOGY", "Industry": "SERVICES-PREPACKAGED SOFTWARE", "Address": "690 E MIDDLEFIELD RD, MOUNTAIN VIEW, CA, US", "OfficialSite": "https://www.synopsys.com", "FiscalYearEnd": "October", "LatestQuarter": "2025-01-31", "MarketCapitalization": "65661149000", "EBITDA": "1445152000", "PERatio": "49.63", "PEGRatio": "6.46", "BookValue": "60.18", "DividendPerShare": "None", "DividendYield": "None", "EPS": "8.33", "RevenuePerShareTTM": "39.51", "ProfitMargin": "0.347", "OperatingMarginTTM": "0.173", "ReturnOnAssetsTTM": "0.0665", "ReturnOnEquityTTM": "0.16", "RevenueTTM": "6071762000", "GrossProfitTTM": "4939128000", "DilutedEPSTTM": "8.33", "QuarterlyEarningsGrowthYOY": "-0.347", "QuarterlyRevenueGrowthYOY": "-0.037", "AnalystTargetPrice": "598.25", "AnalystRatingStrongBuy": "5", "AnalystRatingBuy": "15", "AnalystRatingHold": "1", "AnalystRatingSell": "0", "AnalystRatingStrongSell": "0", "TrailingPE": "49.63", "ForwardPE": "27.17", "PriceToSalesRatioTTM": "10.81", "PriceToBookRatio": "6.69", "EVToRevenue": "9.73", "EVToEBITDA": "35.32", "Beta": "1.226", "52WeekHigh": "624.8", "52WeekLow": "365.74", "50DayMovingAverage": "451.2", "200DayMovingAverage": "507.55", "SharesOutstanding": "154620000", "DividendDate": "None", "ExDividendDate": "None"}