{"Symbol": "TRMB", "AssetType": "Common Stock", "Name": "Trimble Inc", "Description": "Trimble Inc. is a Sunnyvale, California-based hardware, software and services technology company. Trimble services global industries in Agriculture, Building & Construction, Geospatial, Natural Resources and Utilities, Governments, Transportation and others. Trimble also does hardware development of Global Navigation Satellite System (GNSS) receivers, scanners, laser rangefinders, unmanned aerial vehicles (UAVs), inertial navigation systems and software processing tools.", "CIK": "864749", "Exchange": "NASDAQ", "Currency": "USD", "Country": "USA", "Sector": "LIFE SCIENCES", "Industry": "MEASURING & CONTROLLING DEVICES, NEC", "Address": "935 STEWART DRIVE, SUNNYVALE, CA, US", "OfficialSite": "https://www.trimble.com", "FiscalYearEnd": "December", "LatestQuarter": "2024-12-31", "MarketCapitalization": "14312459000", "EBITDA": "712200000", "PERatio": "9.53", "PEGRatio": "2.057", "BookValue": "23.36", "DividendPerShare": "None", "DividendYield": "None", "EPS": "6.09", "RevenuePerShareTTM": "15.0", "ProfitMargin": "0.408", "OperatingMarginTTM": "0.179", "ReturnOnAssetsTTM": "0.0316", "ReturnOnEquityTTM": "0.294", "RevenueTTM": "3683300000", "GrossProfitTTM": "2493200000", "DilutedEPSTTM": "6.09", "QuarterlyEarningsGrowthYOY": "0.439", "QuarterlyRevenueGrowthYOY": "0.055", "AnalystTargetPrice": "82.15", "AnalystRatingStrongBuy": "5", "AnalystRatingBuy": "6", "AnalystRatingHold": "1", "AnalystRatingSell": "0", "AnalystRatingStrongSell": "0", "TrailingPE": "9.53", "ForwardPE": "20.58", "PriceToSalesRatioTTM": "3.886", "PriceToBookRatio": "2.482", "EVToRevenue": "4.082", "EVToEBITDA": "6.46", "Beta": "1.576", "52WeekHigh": "77.78", "52WeekLow": "48.65", "50DayMovingAverage": "67.06", "200DayMovingAverage": "64.8", "SharesOutstanding": "245792000", "DividendDate": "None", "ExDividendDate": "None"}