{"Symbol": "REG", "AssetType": "Common Stock", "Name": "Regency Centers Corporation", "Description": "Regency Centers Corporation is a real estate investment trust based in Jacksonville, Florida and is one of the largest operators of shopping centers with grocery stores as anchor tenants.", "CIK": "910606", "Exchange": "NASDAQ", "Currency": "USD", "Country": "USA", "Sector": "REAL ESTATE & CONSTRUCTION", "Industry": "REAL ESTATE INVESTMENT TRUSTS", "Address": "ONE INDEPENDENT DRIVE, SUITE 114, JACKSONVILLE, FL, US", "OfficialSite": "https://www.regencycenters.com", "FiscalYearEnd": "December", "LatestQuarter": "2024-12-31", "MarketCapitalization": "13371462000", "EBITDA": "939751000", "PERatio": "34.27", "PEGRatio": "2.925", "BookValue": "35.93", "DividendPerShare": "2.715", "DividendYield": "0.0398", "EPS": "2.11", "RevenuePerShareTTM": "8.22", "ProfitMargin": "0.266", "OperatingMarginTTM": "0.395", "ReturnOnAssetsTTM": "0.0286", "ReturnOnEquityTTM": "0.0582", "RevenueTTM": "1503291000", "GrossProfitTTM": "1070239000", "DilutedEPSTTM": "2.11", "QuarterlyEarningsGrowthYOY": "-0.038", "QuarterlyRevenueGrowthYOY": "0.036", "AnalystTargetPrice": "79.58", "AnalystRatingStrongBuy": "5", "AnalystRatingBuy": "10", "AnalystRatingHold": "5", "AnalystRatingSell": "0", "AnalystRatingStrongSell": "0", "TrailingPE": "34.27", "ForwardPE": "32.15", "PriceToSalesRatioTTM": "8.89", "PriceToBookRatio": "1.977", "EVToRevenue": "12.4", "EVToEBITDA": "18.15", "Beta": "1.04", "52WeekHigh": "77.43", "52WeekLow": "55.85", "50DayMovingAverage": "72.65", "200DayMovingAverage": "71.69", "SharesOutstanding": "181526000", "DividendDate": "2025-04-02", "ExDividendDate": "2025-03-12"}