{"symbol": "PAYC", "annualReports": [{"fiscalDateEnding": "2024-12-31", "reportedCurrency": "USD", "totalAssets": "5859900000", "totalCurrentAssets": "4304800000", "cashAndCashEquivalentsAtCarryingValue": "402000000", "cashAndShortTermInvestments": "402000000", "inventory": "1400000", "currentNetReceivables": "None", "totalNonCurrentAssets": "1555100000", "propertyPlantEquipment": "None", "accumulatedDepreciationAmortizationPPE": "None", "intangibleAssets": "46200000", "intangibleAssetsExcludingGoodwill": "46200000", "goodwill": "51900000", "investments": "None", "longTermInvestments": "None", "shortTermInvestments": "None", "otherCurrentAssets": "3862200000", "otherNonCurrentAssets": "None", "totalLiabilities": "4284000000", "totalCurrentLiabilities": "3906800000", "currentAccountsPayable": "None", "deferredRevenue": "None", "currentDebt": "None", "shortTermDebt": "20400000", "totalNonCurrentLiabilities": "377200000", "capitalLeaseObligations": "83400000", "longTermDebt": "None", "currentLongTermDebt": "None", "longTermDebtNoncurrent": "None", "shortLongTermDebtTotal": "83400000", "otherCurrentLiabilities": "3862500000", "otherNonCurrentLiabilities": "49900000", "totalShareholderEquity": "1575900000", "treasuryStock": "None", "retainedEarnings": "1887500000", "commonStock": "600000", "commonStockSharesOutstanding": "56300000"}, {"fiscalDateEnding": "2023-12-31", "reportedCurrency": "USD", "totalAssets": "4197539000", "totalCurrentAssets": "2813426000", "cashAndCashEquivalentsAtCarryingValue": "294025000", "cashAndShortTermInvestments": "294025000", "inventory": "1383000", "currentNetReceivables": "None", "totalNonCurrentAssets": "1384113000", "propertyPlantEquipment": "None", "accumulatedDepreciationAmortizationPPE": "None", "intangibleAssets": "50112000", "intangibleAssetsExcludingGoodwill": "50112000", "goodwill": "51889000", "investments": "None", "longTermInvestments": "None", "shortTermInvestments": "None", "otherCurrentAssets": "2483185000", "otherNonCurrentAssets": "None", "totalLiabilities": "2894503000", "totalCurrentLiabilities": "2534643000", "currentAccountsPayable": "None", "deferredRevenue": "None", "currentDebt": "None", "shortTermDebt": "169880000", "totalNonCurrentLiabilities": "359860000", "capitalLeaseObligations": "75900000", "longTermDebt": "None", "currentLongTermDebt": "None", "longTermDebtNoncurrent": "None", "shortLongTermDebtTotal": "75949000", "otherCurrentLiabilities": "2497956000", "otherNonCurrentLiabilities": "108453000", "totalShareholderEquity": "1303036000", "treasuryStock": "None", "retainedEarnings": "1469981000", "commonStock": "627000", "commonStockSharesOutstanding": "57974000"}, {"fiscalDateEnding": "2022-12-31", "reportedCurrency": "USD", "totalAssets": "3902513000", "totalCurrentAssets": "2764172000", "cashAndCashEquivalentsAtCarryingValue": "400730000", "cashAndShortTermInvestments": "400730000", "inventory": "1607000", "currentNetReceivables": "None", "totalNonCurrentAssets": "1138341000", "propertyPlantEquipment": "402448000", "accumulatedDepreciationAmortizationPPE": "None", "intangibleAssets": "54017000", "intangibleAssetsExcludingGoodwill": "54017000", "goodwill": "51889000", "investments": "None", "longTermInvestments": "None", "shortTermInvestments": "None", "otherCurrentAssets": "2338992000", "otherNonCurrentAssets": "None", "totalLiabilities": "2719906000", "totalCurrentLiabilities": "2377037000", "currentAccountsPayable": "None", "deferredRevenue": "None", "currentDebt": "None", "shortTermDebt": "14986000", "totalNonCurrentLiabilities": "342869000", "capitalLeaseObligations": "None", "longTermDebt": "29000000", "currentLongTermDebt": "None", "longTermDebtNoncurrent": "None", "shortLongTermDebtTotal": "43986000", "otherCurrentLiabilities": "2326172000", "otherNonCurrentLiabilities": "75245000", "totalShareholderEquity": "1182607000", "treasuryStock": "-587905000", "retainedEarnings": "1196968000", "commonStock": "625000", "commonStockSharesOutstanding": "58175000"}, {"fiscalDateEnding": "2021-12-31", "reportedCurrency": "USD", "totalAssets": "3215145000", "totalCurrentAssets": "2252038000", "cashAndCashEquivalentsAtCarryingValue": "277978000", "cashAndShortTermInvestments": "277978000", "inventory": "1131000", "currentNetReceivables": "None", "totalNonCurrentAssets": "963107000", "propertyPlantEquipment": "348953000", "accumulatedDepreciationAmortizationPPE": "None", "intangibleAssets": "58028000", "intangibleAssetsExcludingGoodwill": "58028000", "goodwill": "51889000", "investments": "None", "longTermInvestments": "None", "shortTermInvestments": "None", "otherCurrentAssets": "1947026000", "otherNonCurrentAssets": "None", "totalLiabilities": "2321431000", "totalCurrentLiabilities": "1990410000", "currentAccountsPayable": "None", "deferredRevenue": "None", "currentDebt": "None", "shortTermDebt": "12628000", "totalNonCurrentLiabilities": "331021000", "capitalLeaseObligations": "None", "longTermDebt": "27380000", "currentLongTermDebt": "1775000", "longTermDebtNoncurrent": "None", "shortLongTermDebtTotal": "29155000", "otherCurrentLiabilities": "1966586000", "otherNonCurrentLiabilities": "72988000", "totalShareholderEquity": "893714000", "treasuryStock": "-488082000", "retainedEarnings": "915579000", "commonStock": "623000", "commonStockSharesOutstanding": "58191000"}, {"fiscalDateEnding": "2020-12-31", "reportedCurrency": "USD", "totalAssets": "2607912000", "totalCurrentAssets": "1864605000", "cashAndCashEquivalentsAtCarryingValue": "151710000", "cashAndShortTermInvestments": "151710000", "inventory": "1151000", "currentNetReceivables": "None", "totalNonCurrentAssets": "743307000", "propertyPlantEquipment": "285218000", "accumulatedDepreciationAmortizationPPE": "None", "intangibleAssets": "319000", "intangibleAssetsExcludingGoodwill": "319000", "goodwill": "51889000", "investments": "None", "longTermInvestments": "None", "shortTermInvestments": "None", "otherCurrentAssets": "1692167000", "otherNonCurrentAssets": "None", "totalLiabilities": "1952269000", "totalCurrentLiabilities": "1718030000", "currentAccountsPayable": "None", "deferredRevenue": "None", "currentDebt": "None", "shortTermDebt": "12681000", "totalNonCurrentLiabilities": "234239000", "capitalLeaseObligations": "None", "longTermDebt": "29119000", "currentLongTermDebt": "1775000", "longTermDebtNoncurrent": "None", "shortLongTermDebtTotal": "30894000", "otherCurrentLiabilities": "1695901000", "otherNonCurrentLiabilities": "19263000", "totalShareholderEquity": "655643000", "treasuryStock": "-422502000", "retainedEarnings": "719619000", "commonStock": "618000", "commonStockSharesOutstanding": "58285000"}, {"fiscalDateEnding": "2019-12-31", "reportedCurrency": "USD", "totalAssets": "2486917000", "totalCurrentAssets": "1871100000", "cashAndCashEquivalentsAtCarryingValue": "133667000", "cashAndShortTermInvestments": "133667000", "inventory": "1158000", "currentNetReceivables": "None", "totalNonCurrentAssets": "615817000", "propertyPlantEquipment": "238458000", "accumulatedDepreciationAmortizationPPE": "None", "intangibleAssets": "532000", "intangibleAssetsExcludingGoodwill": "532000", "goodwill": "51889000", "investments": "None", "longTermInvestments": "None", "shortTermInvestments": "None", "otherCurrentAssets": "1722957000", "otherNonCurrentAssets": "None", "totalLiabilities": "1960289000", "totalCurrentLiabilities": "1753522000", "currentAccountsPayable": "None", "deferredRevenue": "None", "currentDebt": "None", "shortTermDebt": "1775000", "totalNonCurrentLiabilities": "206767000", "capitalLeaseObligations": "None", "longTermDebt": "30858000", "currentLongTermDebt": "1775000", "longTermDebtNoncurrent": "None", "shortLongTermDebtTotal": "32633000", "otherCurrentLiabilities": "1735591000", "otherNonCurrentLiabilities": "19553000", "totalShareholderEquity": "526628000", "treasuryStock": "-307652000", "retainedEarnings": "576166000", "commonStock": "613000", "commonStockSharesOutstanding": "58395000"}, {"fiscalDateEnding": "2018-12-31", "reportedCurrency": "USD", "totalAssets": "1521926000", "totalCurrentAssets": "1064622000", "cashAndCashEquivalentsAtCarryingValue": "45718000", "cashAndShortTermInvestments": "45718000", "inventory": "797000", "currentNetReceivables": "None", "totalNonCurrentAssets": "457304000", "propertyPlantEquipment": "176962000", "accumulatedDepreciationAmortizationPPE": "None", "intangibleAssets": "745000", "intangibleAssetsExcludingGoodwill": "745000", "goodwill": "51889000", "investments": "None", "longTermInvestments": "None", "shortTermInvestments": "None", "otherCurrentAssets": "1010731000", "otherNonCurrentAssets": "None", "totalLiabilities": "1187173000", "totalCurrentLiabilities": "1028682000", "currentAccountsPayable": "None", "deferredRevenue": "None", "currentDebt": "None", "shortTermDebt": "1775000", "totalNonCurrentLiabilities": "158491000", "capitalLeaseObligations": "None", "longTermDebt": "32614000", "currentLongTermDebt": "1775000", "longTermDebtNoncurrent": "None", "shortLongTermDebtTotal": "34389000", "otherCurrentLiabilities": "1011639000", "otherNonCurrentLiabilities": "None", "totalShareholderEquity": "334753000", "treasuryStock": "-265124000", "retainedEarnings": "395590000", "commonStock": "607000", "commonStockSharesOutstanding": "58582486"}, {"fiscalDateEnding": "2017-12-31", "reportedCurrency": "USD", "totalAssets": "1355164000", "totalCurrentAssets": "1149862000", "cashAndCashEquivalentsAtCarryingValue": "46077000", "cashAndShortTermInvestments": "46077000", "inventory": "979000", "currentNetReceivables": "None", "totalNonCurrentAssets": "205302000", "propertyPlantEquipment": "147705000", "accumulatedDepreciationAmortizationPPE": "None", "intangibleAssets": "958000", "intangibleAssetsExcludingGoodwill": "958000", "goodwill": "51889000", "investments": "None", "longTermInvestments": "None", "shortTermInvestments": "0", "otherCurrentAssets": "1094183000", "otherNonCurrentAssets": "None", "totalLiabilities": "1219762000", "totalCurrentLiabilities": "1140152000", "currentAccountsPayable": "None", "deferredRevenue": "None", "currentDebt": "None", "shortTermDebt": "888000", "totalNonCurrentLiabilities": "79610000", "capitalLeaseObligations": "None", "longTermDebt": "34414000", "currentLongTermDebt": "888000", "longTermDebtNoncurrent": "None", "shortLongTermDebtTotal": "35302000", "otherCurrentLiabilities": "1125792000", "otherNonCurrentLiabilities": "None", "totalShareholderEquity": "135402000", "treasuryStock": "-139688000", "retainedEarnings": "137255000", "commonStock": "601000", "commonStockSharesOutstanding": "58790019"}, {"fiscalDateEnding": "2016-12-31", "reportedCurrency": "USD", "totalAssets": "1078613000", "totalCurrentAssets": "925583000", "cashAndCashEquivalentsAtCarryingValue": "60158000", "cashAndShortTermInvestments": "60158000", "inventory": "675000", "currentNetReceivables": "None", "totalNonCurrentAssets": "153030000", "propertyPlantEquipment": "96848000", "accumulatedDepreciationAmortizationPPE": "None", "intangibleAssets": "1871000", "intangibleAssetsExcludingGoodwill": "1871000", "goodwill": "51889000", "investments": "None", "longTermInvestments": "None", "shortTermInvestments": "0", "otherCurrentAssets": "862719000", "otherNonCurrentAssets": "None", "totalLiabilities": "962086000", "totalCurrentLiabilities": "898894000", "currentAccountsPayable": "None", "deferredRevenue": "None", "currentDebt": "None", "shortTermDebt": "1113000", "totalNonCurrentLiabilities": "63192000", "capitalLeaseObligations": "None", "longTermDebt": "28711000", "currentLongTermDebt": "1113000", "longTermDebtNoncurrent": "None", "shortLongTermDebtTotal": "29824000", "otherCurrentLiabilities": "888814000", "otherNonCurrentLiabilities": "None", "totalShareholderEquity": "116527000", "treasuryStock": "-49958000", "retainedEarnings": "70448000", "commonStock": "585000", "commonStockSharesOutstanding": "58968099"}, {"fiscalDateEnding": "2015-12-31", "reportedCurrency": "USD", "totalAssets": "876773000", "totalCurrentAssets": "761138000", "cashAndCashEquivalentsAtCarryingValue": "50714000", "cashAndShortTermInvestments": "50714000", "inventory": "1093000", "currentNetReceivables": "None", "totalNonCurrentAssets": "115635000", "propertyPlantEquipment": "58858000", "accumulatedDepreciationAmortizationPPE": "None", "intangibleAssets": "3484000", "intangibleAssetsExcludingGoodwill": "3484000", "goodwill": "51889000", "investments": "None", "longTermInvestments": "None", "shortTermInvestments": "0", "otherCurrentAssets": "700234000", "otherNonCurrentAssets": "None", "totalLiabilities": "778459000", "totalCurrentLiabilities": "727534000", "currentAccountsPayable": "None", "deferredRevenue": "None", "currentDebt": "None", "shortTermDebt": "886000", "totalNonCurrentLiabilities": "50925000", "capitalLeaseObligations": "None", "longTermDebt": "24974000", "currentLongTermDebt": "886000", "longTermDebtNoncurrent": "None", "shortLongTermDebtTotal": "25860000", "otherCurrentLiabilities": "718023000", "otherNonCurrentLiabilities": "None", "totalShareholderEquity": "98314000", "treasuryStock": "-98314000", "retainedEarnings": "26608000", "commonStock": "571000", "commonStockSharesOutstanding": "57919700"}, {"fiscalDateEnding": "2014-12-31", "reportedCurrency": "USD", "totalAssets": "798942000", "totalCurrentAssets": "693393000", "cashAndCashEquivalentsAtCarryingValue": "25144000", "cashAndShortTermInvestments": "25144000", "inventory": "195000", "currentNetReceivables": "None", "totalNonCurrentAssets": "105549000", "propertyPlantEquipment": "47919000", "accumulatedDepreciationAmortizationPPE": "None", "intangibleAssets": "5096000", "intangibleAssetsExcludingGoodwill": "5096000", "goodwill": "51889000", "investments": "None", "longTermInvestments": "None", "shortTermInvestments": "371000", "otherCurrentAssets": "663815000", "otherNonCurrentAssets": "None", "totalLiabilities": "724804000", "totalCurrentLiabilities": "678772000", "currentAccountsPayable": "None", "deferredRevenue": "None", "currentDebt": "None", "shortTermDebt": "855000", "totalNonCurrentLiabilities": "46032000", "capitalLeaseObligations": "None", "longTermDebt": "26123000", "currentLongTermDebt": "855000", "longTermDebtNoncurrent": "None", "shortLongTermDebtTotal": "26978000", "otherCurrentLiabilities": "672340000", "otherNonCurrentLiabilities": "None", "totalShareholderEquity": "74138000", "treasuryStock": "-74138000", "retainedEarnings": "5663000", "commonStock": "538000", "commonStockSharesOutstanding": "51857309"}, {"fiscalDateEnding": "2013-12-31", "reportedCurrency": "USD", "totalAssets": "571990000", "totalCurrentAssets": "474260000", "cashAndCashEquivalentsAtCarryingValue": "13273000", "cashAndShortTermInvestments": "13273000", "inventory": "578000", "currentNetReceivables": "None", "totalNonCurrentAssets": "97730000", "propertyPlantEquipment": "38671000", "accumulatedDepreciationAmortizationPPE": "None", "intangibleAssets": "6709000", "intangibleAssetsExcludingGoodwill": "6709000", "goodwill": "51889000", "investments": "None", "longTermInvestments": "None", "shortTermInvestments": "369000", "otherCurrentAssets": "462103000", "otherNonCurrentAssets": "None", "totalLiabilities": "570238000", "totalCurrentLiabilities": "482983000", "currentAccountsPayable": "None", "deferredRevenue": "None", "currentDebt": "None", "shortTermDebt": "9545000", "totalNonCurrentLiabilities": "87255000", "capitalLeaseObligations": "None", "longTermDebt": "26227000", "currentLongTermDebt": "None", "longTermDebtNoncurrent": "None", "shortLongTermDebtTotal": "81965000", "otherCurrentLiabilities": "466836000", "otherNonCurrentLiabilities": "None", "totalShareholderEquity": "1752000", "treasuryStock": "None", "retainedEarnings": "-2315000", "commonStock": "17452000", "commonStockSharesOutstanding": "48371489"}, {"fiscalDateEnding": "2012-12-31", "reportedCurrency": "USD", "totalAssets": "425857000", "totalCurrentAssets": "340091000", "cashAndCashEquivalentsAtCarryingValue": "13435000", "cashAndShortTermInvestments": "13435000", "inventory": "714000", "currentNetReceivables": "None", "totalNonCurrentAssets": "85766000", "propertyPlantEquipment": "25139000", "accumulatedDepreciationAmortizationPPE": "None", "intangibleAssets": "8321000", "intangibleAssetsExcludingGoodwill": "8321000", "goodwill": "51889000", "investments": "None", "longTermInvestments": "None", "shortTermInvestments": "368000", "otherCurrentAssets": "325320000", "otherNonCurrentAssets": "None", "totalLiabilities": "371186000", "totalCurrentLiabilities": "335664000", "currentAccountsPayable": "None", "deferredRevenue": "None", "currentDebt": "None", "shortTermDebt": "2151000", "totalNonCurrentLiabilities": "35522000", "capitalLeaseObligations": "None", "longTermDebt": "26399000", "currentLongTermDebt": "None", "longTermDebtNoncurrent": "None", "shortLongTermDebtTotal": "28550000", "otherCurrentLiabilities": "330122000", "otherNonCurrentLiabilities": "None", "totalShareholderEquity": "54671000", "treasuryStock": "None", "retainedEarnings": "-8871000", "commonStock": "445000", "commonStockSharesOutstanding": "48371489"}, {"fiscalDateEnding": "2011-12-31", "reportedCurrency": "USD", "totalAssets": "None", "totalCurrentAssets": "None", "cashAndCashEquivalentsAtCarryingValue": "None", "cashAndShortTermInvestments": "None", "inventory": "None", "currentNetReceivables": "None", "totalNonCurrentAssets": "None", "propertyPlantEquipment": "None", "accumulatedDepreciationAmortizationPPE": "None", "intangibleAssets": "None", "intangibleAssetsExcludingGoodwill": "None", "goodwill": "None", "investments": "None", "longTermInvestments": "None", "shortTermInvestments": "None", "otherCurrentAssets": "None", "otherNonCurrentAssets": "None", "totalLiabilities": "None", "totalCurrentLiabilities": "None", "currentAccountsPayable": "None", "deferredRevenue": "None", "currentDebt": "None", "shortTermDebt": "None", "totalNonCurrentLiabilities": "None", "capitalLeaseObligations": "None", "longTermDebt": "None", "currentLongTermDebt": "None", "longTermDebtNoncurrent": "None", "shortLongTermDebtTotal": "None", "otherCurrentLiabilities": "None", "otherNonCurrentLiabilities": "None", "totalShareholderEquity": "None", "treasuryStock": "None", "retainedEarnings": "None", "commonStock": "None", "commonStockSharesOutstanding": "48371489"}, {"fiscalDateEnding": "2010-12-31", "reportedCurrency": "USD", "totalAssets": "None", "totalCurrentAssets": "None", "cashAndCashEquivalentsAtCarryingValue": "None", "cashAndShortTermInvestments": "None", "inventory": "None", "currentNetReceivables": "None", "totalNonCurrentAssets": "None", "propertyPlantEquipment": "None", "accumulatedDepreciationAmortizationPPE": "None", "intangibleAssets": "None", "intangibleAssetsExcludingGoodwill": "None", "goodwill": "None", "investments": "None", "longTermInvestments": "None", "shortTermInvestments": "None", "otherCurrentAssets": "None", "otherNonCurrentAssets": "None", "totalLiabilities": "None", "totalCurrentLiabilities": "None", "currentAccountsPayable": "None", "deferredRevenue": "None", "currentDebt": "None", "shortTermDebt": "None", "totalNonCurrentLiabilities": "None", "capitalLeaseObligations": "None", "longTermDebt": "None", "currentLongTermDebt": "None", "longTermDebtNoncurrent": "None", "shortLongTermDebtTotal": "None", "otherCurrentLiabilities": "None", "otherNonCurrentLiabilities": "None", "totalShareholderEquity": "None", "treasuryStock": "None", "retainedEarnings": "None", "commonStock": "None", "commonStockSharesOutstanding": "1000000"}], "quarterlyReports": [{"fiscalDateEnding": "2024-12-31", "reportedCurrency": "USD", "totalAssets": "5859900000", "totalCurrentAssets": "4304800000", "cashAndCashEquivalentsAtCarryingValue": "402000000", "cashAndShortTermInvestments": "402000000", "inventory": "1400000", "currentNetReceivables": "None", "totalNonCurrentAssets": "1555100000", "propertyPlantEquipment": "None", "accumulatedDepreciationAmortizationPPE": "None", "intangibleAssets": "46200000", "intangibleAssetsExcludingGoodwill": "46200000", "goodwill": "51900000", "investments": "None", "longTermInvestments": "None", "shortTermInvestments": "None", "otherCurrentAssets": "3862200000", "otherNonCurrentAssets": "None", "totalLiabilities": "4284000000", "totalCurrentLiabilities": "3906800000", "currentAccountsPayable": "None", "deferredRevenue": "None", "currentDebt": "None", "shortTermDebt": "20400000", "totalNonCurrentLiabilities": "377200000", "capitalLeaseObligations": "83400000", "longTermDebt": "None", "currentLongTermDebt": "None", "longTermDebtNoncurrent": "None", "shortLongTermDebtTotal": "83400000", "otherCurrentLiabilities": "7513500000", "otherNonCurrentLiabilities": "49900000", "totalShareholderEquity": "1575900000", "treasuryStock": "None", "retainedEarnings": "1887500000", "commonStock": "600000", "commonStockSharesOutstanding": "56200000"}, {"fiscalDateEnding": "2024-09-30", "reportedCurrency": "USD", "totalAssets": "3492530000", "totalCurrentAssets": "1977905000", "cashAndCashEquivalentsAtCarryingValue": "325757000", "cashAndShortTermInvestments": "325757000", "inventory": "1331000", "currentNetReceivables": "None", "totalNonCurrentAssets": "1514625000", "propertyPlantEquipment": "None", "accumulatedDepreciationAmortizationPPE": "None", "intangibleAssets": "47183000", "intangibleAssetsExcludingGoodwill": "47183000", "goodwill": "51889000", "investments": "None", "longTermInvestments": "None", "shortTermInvestments": "None", "otherCurrentAssets": "1619900000", "otherNonCurrentAssets": "None", "totalLiabilities": "2027878000", "totalCurrentLiabilities": "1659683000", "currentAccountsPayable": "None", "deferredRevenue": "None", "currentDebt": "None", "shortTermDebt": "40248000", "totalNonCurrentLiabilities": "368195000", "capitalLeaseObligations": "80784000", "longTermDebt": "None", "currentLongTermDebt": "None", "longTermDebtNoncurrent": "None", "shortLongTermDebtTotal": "80784000", "otherCurrentLiabilities": "1555506000", "otherNonCurrentLiabilities": "53936000", "totalShareholderEquity": "1464652000", "treasuryStock": "None", "retainedEarnings": "1795476000", "commonStock": "629000", "commonStockSharesOutstanding": "55964000"}, {"fiscalDateEnding": "2024-06-30", "reportedCurrency": "USD", "totalAssets": "4312744000", "totalCurrentAssets": "2717593000", "cashAndCashEquivalentsAtCarryingValue": "346456000", "cashAndShortTermInvestments": "346456000", "inventory": "1415000", "currentNetReceivables": "None", "totalNonCurrentAssets": "1595150999", "propertyPlantEquipment": "None", "accumulatedDepreciationAmortizationPPE": "None", "intangibleAssets": "48159000", "intangibleAssetsExcludingGoodwill": "48159000", "goodwill": "51889000", "investments": "None", "longTermInvestments": "None", "shortTermInvestments": "None", "otherCurrentAssets": "2478416000", "otherNonCurrentAssets": "None", "totalLiabilities": "2886213000", "totalCurrentLiabilities": "2526883000", "currentAccountsPayable": "None", "deferredRevenue": "None", "currentDebt": "None", "shortTermDebt": "10281000", "totalNonCurrentLiabilities": "359330000", "capitalLeaseObligations": "None", "longTermDebt": "None", "currentLongTermDebt": "None", "longTermDebtNoncurrent": "None", "shortLongTermDebtTotal": "None", "otherCurrentLiabilities": "2470173000", "otherNonCurrentLiabilities": "112189000", "totalShareholderEquity": "1426531000", "treasuryStock": "None", "retainedEarnings": "1743608000", "commonStock": "629000", "commonStockSharesOutstanding": "56771000"}, {"fiscalDateEnding": "2024-03-31", "reportedCurrency": "USD", "totalAssets": "4733264000", "totalCurrentAssets": "3171929000", "cashAndCashEquivalentsAtCarryingValue": "371325000", "cashAndShortTermInvestments": "371325000", "inventory": "1807000", "currentNetReceivables": "None", "totalNonCurrentAssets": "1561335000", "propertyPlantEquipment": "None", "accumulatedDepreciationAmortizationPPE": "None", "intangibleAssets": "49136000", "intangibleAssetsExcludingGoodwill": "49136000", "goodwill": "51889000", "investments": "None", "longTermInvestments": "None", "shortTermInvestments": "None", "otherCurrentAssets": "2903197000", "otherNonCurrentAssets": "None", "totalLiabilities": "3295201000", "totalCurrentLiabilities": "2942312000", "currentAccountsPayable": "None", "deferredRevenue": "None", "currentDebt": "None", "shortTermDebt": "17282000", "totalNonCurrentLiabilities": "352889000", "capitalLeaseObligations": "None", "longTermDebt": "None", "currentLongTermDebt": "None", "longTermDebtNoncurrent": "None", "shortLongTermDebtTotal": "None", "otherCurrentLiabilities": "2876457000", "otherNonCurrentLiabilities": "110000000", "totalShareholderEquity": "1438063000", "treasuryStock": "None", "retainedEarnings": "1697191000", "commonStock": "627000", "commonStockSharesOutstanding": "56552000"}, {"fiscalDateEnding": "2023-12-31", "reportedCurrency": "USD", "totalAssets": "4197539000", "totalCurrentAssets": "2813426000", "cashAndCashEquivalentsAtCarryingValue": "294025000", "cashAndShortTermInvestments": "294025000", "inventory": "1383000", "currentNetReceivables": "None", "totalNonCurrentAssets": "1384113000", "propertyPlantEquipment": "None", "accumulatedDepreciationAmortizationPPE": "None", "intangibleAssets": "50112000", "intangibleAssetsExcludingGoodwill": "50112000", "goodwill": "51889000", "investments": "None", "longTermInvestments": "None", "shortTermInvestments": "None", "otherCurrentAssets": "2483185000", "otherNonCurrentAssets": "None", "totalLiabilities": "2894503000", "totalCurrentLiabilities": "2534643000", "currentAccountsPayable": "None", "deferredRevenue": "None", "currentDebt": "None", "shortTermDebt": "169880000", "totalNonCurrentLiabilities": "359860000", "capitalLeaseObligations": "75900000", "longTermDebt": "None", "currentLongTermDebt": "None", "longTermDebtNoncurrent": "None", "shortLongTermDebtTotal": "75949000", "otherCurrentLiabilities": "2497956000", "otherNonCurrentLiabilities": "108453000", "totalShareholderEquity": "1303036000", "treasuryStock": "None", "retainedEarnings": "1469981000", "commonStock": "627000", "commonStockSharesOutstanding": "57229000"}, {"fiscalDateEnding": "2023-09-30", "reportedCurrency": "USD", "totalAssets": "3856101000", "totalCurrentAssets": "2562966000", "cashAndCashEquivalentsAtCarryingValue": "484028000", "cashAndShortTermInvestments": "484028000", "inventory": "836000", "currentNetReceivables": "None", "totalNonCurrentAssets": "1293135000", "propertyPlantEquipment": "468282000", "accumulatedDepreciationAmortizationPPE": "None", "intangibleAssets": "51088000", "intangibleAssetsExcludingGoodwill": "51088000", "goodwill": "51889000", "investments": "None", "longTermInvestments": "None", "shortTermInvestments": "None", "otherCurrentAssets": "2051784000", "otherNonCurrentAssets": "None", "totalLiabilities": "2434792000", "totalCurrentLiabilities": "2069910000", "currentAccountsPayable": "None", "deferredRevenue": "None", "currentDebt": "None", "shortTermDebt": "138648000", "totalNonCurrentLiabilities": "364882000", "capitalLeaseObligations": "None", "longTermDebt": "29000000", "currentLongTermDebt": "None", "longTermDebtNoncurrent": "None", "shortLongTermDebtTotal": "29000000", "otherCurrentLiabilities": "2040291000", "otherNonCurrentLiabilities": "84829000", "totalShareholderEquity": "1421309000", "treasuryStock": "None", "retainedEarnings": "1410659000", "commonStock": "627000", "commonStockSharesOutstanding": "57966000"}, {"fiscalDateEnding": "2023-06-30", "reportedCurrency": "USD", "totalAssets": "3951341000", "totalCurrentAssets": "2708194000", "cashAndCashEquivalentsAtCarryingValue": "536545000", "cashAndShortTermInvestments": "536545000", "inventory": "874000", "currentNetReceivables": "None", "totalNonCurrentAssets": "1243147000", "propertyPlantEquipment": "None", "accumulatedDepreciationAmortizationPPE": "None", "intangibleAssets": "52064000", "intangibleAssetsExcludingGoodwill": "52064000", "goodwill": "51889000", "investments": "None", "longTermInvestments": "None", "shortTermInvestments": "None", "otherCurrentAssets": "2152644000", "otherNonCurrentAssets": "None", "totalLiabilities": "2544656000", "totalCurrentLiabilities": "2186727000", "currentAccountsPayable": "None", "deferredRevenue": "None", "currentDebt": "None", "shortTermDebt": "150745000", "totalNonCurrentLiabilities": "357929000", "capitalLeaseObligations": "None", "longTermDebt": "29000000", "currentLongTermDebt": "None", "longTermDebtNoncurrent": "None", "shortLongTermDebtTotal": "29000000", "otherCurrentLiabilities": "2156899000", "otherNonCurrentLiabilities": "83083000", "totalShareholderEquity": "1406685000", "treasuryStock": "None", "retainedEarnings": "1358059000", "commonStock": "626000", "commonStockSharesOutstanding": "58033000"}, {"fiscalDateEnding": "2023-03-31", "reportedCurrency": "USD", "totalAssets": "4241622000", "totalCurrentAssets": "3054691000", "cashAndCashEquivalentsAtCarryingValue": "505590000", "cashAndShortTermInvestments": "505590000", "inventory": "887000", "currentNetReceivables": "None", "totalNonCurrentAssets": "1186931000", "propertyPlantEquipment": "421017000", "accumulatedDepreciationAmortizationPPE": "None", "intangibleAssets": "53040000", "intangibleAssetsExcludingGoodwill": "53040000", "goodwill": "51889000", "investments": "None", "longTermInvestments": "None", "shortTermInvestments": "None", "otherCurrentAssets": "2530412000", "otherNonCurrentAssets": "None", "totalLiabilities": "2907151000", "totalCurrentLiabilities": "2565098000", "currentAccountsPayable": "None", "deferredRevenue": "None", "currentDebt": "None", "shortTermDebt": "None", "totalNonCurrentLiabilities": "342053000", "capitalLeaseObligations": "None", "longTermDebt": "29000000", "currentLongTermDebt": "None", "longTermDebtNoncurrent": "None", "shortLongTermDebtTotal": "29000000", "otherCurrentLiabilities": "2515207000", "otherNonCurrentLiabilities": "73095000", "totalShareholderEquity": "1334471000", "treasuryStock": "-588531000", "retainedEarnings": "1316264000", "commonStock": "625000", "commonStockSharesOutstanding": "57991000"}, {"fiscalDateEnding": "2022-12-31", "reportedCurrency": "USD", "totalAssets": "3902513000", "totalCurrentAssets": "2764172000", "cashAndCashEquivalentsAtCarryingValue": "400730000", "cashAndShortTermInvestments": "400730000", "inventory": "1607000", "currentNetReceivables": "None", "totalNonCurrentAssets": "1138341000", "propertyPlantEquipment": "402448000", "accumulatedDepreciationAmortizationPPE": "None", "intangibleAssets": "54017000", "intangibleAssetsExcludingGoodwill": "54017000", "goodwill": "51889000", "investments": "None", "longTermInvestments": "None", "shortTermInvestments": "None", "otherCurrentAssets": "2338992000", "otherNonCurrentAssets": "None", "totalLiabilities": "2719906000", "totalCurrentLiabilities": "2377037000", "currentAccountsPayable": "None", "deferredRevenue": "None", "currentDebt": "None", "shortTermDebt": "14986000", "totalNonCurrentLiabilities": "342869000", "capitalLeaseObligations": "None", "longTermDebt": "29000000", "currentLongTermDebt": "None", "longTermDebtNoncurrent": "None", "shortLongTermDebtTotal": "43986000", "otherCurrentLiabilities": "2326172000", "otherNonCurrentLiabilities": "75245000", "totalShareholderEquity": "1182607000", "treasuryStock": "-587905000", "retainedEarnings": "1196968000", "commonStock": "625000", "commonStockSharesOutstanding": "58037000"}, {"fiscalDateEnding": "2022-09-30", "reportedCurrency": "USD", "totalAssets": "3314570000", "totalCurrentAssets": "2228362000", "cashAndCashEquivalentsAtCarryingValue": "317163000", "cashAndShortTermInvestments": "317163000", "inventory": "1471000", "currentNetReceivables": "None", "totalNonCurrentAssets": "1086208000", "propertyPlantEquipment": "383860000", "accumulatedDepreciationAmortizationPPE": "None", "intangibleAssets": "54993000", "intangibleAssetsExcludingGoodwill": "54993000", "goodwill": "51889000", "investments": "None", "longTermInvestments": "None", "shortTermInvestments": "None", "otherCurrentAssets": "1879664000", "otherNonCurrentAssets": "None", "totalLiabilities": "2238190000", "totalCurrentLiabilities": "1897755000", "currentAccountsPayable": "None", "deferredRevenue": "None", "currentDebt": "None", "shortTermDebt": "None", "totalNonCurrentLiabilities": "340435000", "capitalLeaseObligations": "None", "longTermDebt": "29000000", "currentLongTermDebt": "None", "longTermDebtNoncurrent": "None", "shortLongTermDebtTotal": "29000000", "otherCurrentLiabilities": "1867998000", "otherNonCurrentLiabilities": "77602000", "totalShareholderEquity": "1076380000", "treasuryStock": "-587751000", "retainedEarnings": "1117017000", "commonStock": "625000", "commonStockSharesOutstanding": "58033000"}, {"fiscalDateEnding": "2022-06-30", "reportedCurrency": "USD", "totalAssets": "4891703000", "totalCurrentAssets": "3847992000", "cashAndCashEquivalentsAtCarryingValue": "279039000", "cashAndShortTermInvestments": "279039000", "inventory": "1647000", "currentNetReceivables": "None", "totalNonCurrentAssets": "1043711000", "propertyPlantEquipment": "374940000", "accumulatedDepreciationAmortizationPPE": "None", "intangibleAssets": "55969000", "intangibleAssetsExcludingGoodwill": "55969000", "goodwill": "51889000", "investments": "None", "longTermInvestments": "None", "shortTermInvestments": "None", "otherCurrentAssets": "3547008000", "otherNonCurrentAssets": "None", "totalLiabilities": "3897564000", "totalCurrentLiabilities": "3568472000", "currentAccountsPayable": "None", "deferredRevenue": "None", "currentDebt": "None", "shortTermDebt": "None", "totalNonCurrentLiabilities": "329092000", "capitalLeaseObligations": "None", "longTermDebt": "29000000", "currentLongTermDebt": "None", "longTermDebtNoncurrent": "None", "shortLongTermDebtTotal": "29000000", "otherCurrentLiabilities": "3537077000", "otherNonCurrentLiabilities": "73850000", "totalShareholderEquity": "994139000", "treasuryStock": "-587527000", "retainedEarnings": "1064864000", "commonStock": "625000", "commonStockSharesOutstanding": "58067000"}, {"fiscalDateEnding": "2022-03-31", "reportedCurrency": "USD", "totalAssets": "5444574000", "totalCurrentAssets": "4434296000", "cashAndCashEquivalentsAtCarryingValue": "360594000", "cashAndShortTermInvestments": "360594000", "inventory": "732000", "currentNetReceivables": "None", "totalNonCurrentAssets": "1010278000", "propertyPlantEquipment": "362505000", "accumulatedDepreciationAmortizationPPE": "None", "intangibleAssets": "56999000", "intangibleAssetsExcludingGoodwill": "56999000", "goodwill": "51889000", "investments": "None", "longTermInvestments": "None", "shortTermInvestments": "None", "otherCurrentAssets": "4055025000", "otherNonCurrentAssets": "None", "totalLiabilities": "4435554000", "totalCurrentLiabilities": "4112531000", "currentAccountsPayable": "None", "deferredRevenue": "None", "currentDebt": "None", "shortTermDebt": "1775000", "totalNonCurrentLiabilities": "323023000", "capitalLeaseObligations": "None", "longTermDebt": "26945000", "currentLongTermDebt": "1775000", "longTermDebtNoncurrent": "None", "shortLongTermDebtTotal": "28720000", "otherCurrentLiabilities": "4058249000", "otherNonCurrentLiabilities": "73628000", "totalShareholderEquity": "1009020000", "treasuryStock": "-488300000", "retainedEarnings": "1007509000", "commonStock": "623000", "commonStockSharesOutstanding": "58219000"}, {"fiscalDateEnding": "2021-12-31", "reportedCurrency": "USD", "totalAssets": "3215145000", "totalCurrentAssets": "2252038000", "cashAndCashEquivalentsAtCarryingValue": "277978000", "cashAndShortTermInvestments": "277978000", "inventory": "1131000", "currentNetReceivables": "None", "totalNonCurrentAssets": "963107000", "propertyPlantEquipment": "348953000", "accumulatedDepreciationAmortizationPPE": "None", "intangibleAssets": "58028000", "intangibleAssetsExcludingGoodwill": "58028000", "goodwill": "51889000", "investments": "None", "longTermInvestments": "None", "shortTermInvestments": "None", "otherCurrentAssets": "1947026000", "otherNonCurrentAssets": "None", "totalLiabilities": "2321431000", "totalCurrentLiabilities": "1990410000", "currentAccountsPayable": "None", "deferredRevenue": "None", "currentDebt": "None", "shortTermDebt": "12628000", "totalNonCurrentLiabilities": "331021000", "capitalLeaseObligations": "None", "longTermDebt": "27380000", "currentLongTermDebt": "1775000", "longTermDebtNoncurrent": "None", "shortLongTermDebtTotal": "29155000", "otherCurrentLiabilities": "1966586000", "otherNonCurrentLiabilities": "72988000", "totalShareholderEquity": "893714000", "treasuryStock": "-488082000", "retainedEarnings": "915579000", "commonStock": "623000", "commonStockSharesOutstanding": "58238000"}, {"fiscalDateEnding": "2021-09-30", "reportedCurrency": "USD", "totalAssets": "4218038000", "totalCurrentAssets": "3313182000", "cashAndCashEquivalentsAtCarryingValue": "230926000", "cashAndShortTermInvestments": "230926000", "inventory": "866000", "currentNetReceivables": "None", "totalNonCurrentAssets": "904856000", "propertyPlantEquipment": "329296000", "accumulatedDepreciationAmortizationPPE": "None", "intangibleAssets": "59057000", "intangibleAssetsExcludingGoodwill": "59057000", "goodwill": "51889000", "investments": "None", "longTermInvestments": "None", "shortTermInvestments": "None", "otherCurrentAssets": "3058175000", "otherNonCurrentAssets": "None", "totalLiabilities": "3392697000", "totalCurrentLiabilities": "3086273000", "currentAccountsPayable": "None", "deferredRevenue": "None", "currentDebt": "None", "shortTermDebt": "1775000", "totalNonCurrentLiabilities": "306424000", "capitalLeaseObligations": "None", "longTermDebt": "27815000", "currentLongTermDebt": "1775000", "longTermDebtNoncurrent": "None", "shortLongTermDebtTotal": "29590000", "otherCurrentLiabilities": "3058882000", "otherNonCurrentLiabilities": "71679000", "totalShareholderEquity": "825341000", "treasuryStock": "-483652000", "retainedEarnings": "866892000", "commonStock": "622000", "commonStockSharesOutstanding": "58190000"}, {"fiscalDateEnding": "2021-06-30", "reportedCurrency": "USD", "totalAssets": "3233087000", "totalCurrentAssets": "2356522000", "cashAndCashEquivalentsAtCarryingValue": "202362000", "cashAndShortTermInvestments": "202362000", "inventory": "882000", "currentNetReceivables": "None", "totalNonCurrentAssets": "876565000", "propertyPlantEquipment": "320997000", "accumulatedDepreciationAmortizationPPE": "None", "intangibleAssets": "60087000", "intangibleAssetsExcludingGoodwill": "60087000", "goodwill": "51889000", "investments": "None", "longTermInvestments": "None", "shortTermInvestments": "None", "otherCurrentAssets": "2125376000", "otherNonCurrentAssets": "None", "totalLiabilities": "2440831000", "totalCurrentLiabilities": "2145208000", "currentAccountsPayable": "None", "deferredRevenue": "None", "currentDebt": "None", "shortTermDebt": "1775000", "totalNonCurrentLiabilities": "295623000", "capitalLeaseObligations": "None", "longTermDebt": "28250000", "currentLongTermDebt": "1775000", "longTermDebtNoncurrent": "None", "shortLongTermDebtTotal": "30025000", "otherCurrentLiabilities": "2119267000", "otherNonCurrentLiabilities": "70778000", "totalShareholderEquity": "792256000", "treasuryStock": "-454857000", "retainedEarnings": "836513000", "commonStock": "621000", "commonStockSharesOutstanding": "58092000"}, {"fiscalDateEnding": "2021-03-31", "reportedCurrency": "USD", "totalAssets": "3406773000", "totalCurrentAssets": "2624207000", "cashAndCashEquivalentsAtCarryingValue": "215093000", "cashAndShortTermInvestments": "215093000", "inventory": "1088000", "currentNetReceivables": "None", "totalNonCurrentAssets": "782566000", "propertyPlantEquipment": "301579000", "accumulatedDepreciationAmortizationPPE": "None", "intangibleAssets": "51889000", "intangibleAssetsExcludingGoodwill": "51889000", "goodwill": "51889000", "investments": "None", "longTermInvestments": "None", "shortTermInvestments": "None", "otherCurrentAssets": "2388234000", "otherNonCurrentAssets": "None", "totalLiabilities": "2661297000", "totalCurrentLiabilities": "2425574000", "currentAccountsPayable": "None", "deferredRevenue": "None", "currentDebt": "None", "shortTermDebt": "1775000", "totalNonCurrentLiabilities": "235723000", "capitalLeaseObligations": "None", "longTermDebt": "28684000", "currentLongTermDebt": "1775000", "longTermDebtNoncurrent": "None", "shortLongTermDebtTotal": "30459000", "otherCurrentLiabilities": "2384498000", "otherNonCurrentLiabilities": "16901000", "totalShareholderEquity": "745476000", "treasuryStock": "-422879000", "retainedEarnings": "784235000", "commonStock": "618000", "commonStockSharesOutstanding": "58394000"}, {"fiscalDateEnding": "2020-12-31", "reportedCurrency": "USD", "totalAssets": "2607912000", "totalCurrentAssets": "1864605000", "cashAndCashEquivalentsAtCarryingValue": "151710000", "cashAndShortTermInvestments": "151710000", "inventory": "1151000", "currentNetReceivables": "None", "totalNonCurrentAssets": "743307000", "propertyPlantEquipment": "285218000", "accumulatedDepreciationAmortizationPPE": "None", "intangibleAssets": "319000", "intangibleAssetsExcludingGoodwill": "319000", "goodwill": "51889000", "investments": "None", "longTermInvestments": "None", "shortTermInvestments": "None", "otherCurrentAssets": "1692167000", "otherNonCurrentAssets": "None", "totalLiabilities": "1952269000", "totalCurrentLiabilities": "1718030000", "currentAccountsPayable": "None", "deferredRevenue": "None", "currentDebt": "None", "shortTermDebt": "12681000", "totalNonCurrentLiabilities": "234239000", "capitalLeaseObligations": "None", "longTermDebt": "29119000", "currentLongTermDebt": "1775000", "longTermDebtNoncurrent": "None", "shortLongTermDebtTotal": "30894000", "otherCurrentLiabilities": "1695901000", "otherNonCurrentLiabilities": "19263000", "totalShareholderEquity": "655643000", "treasuryStock": "-422502000", "retainedEarnings": "719619000", "commonStock": "618000", "commonStockSharesOutstanding": "58214000"}, {"fiscalDateEnding": "2020-09-30", "reportedCurrency": "USD", "totalAssets": "2485199000", "totalCurrentAssets": "1778316000", "cashAndCashEquivalentsAtCarryingValue": "156398000", "cashAndShortTermInvestments": "156398000", "inventory": "924000", "currentNetReceivables": "None", "totalNonCurrentAssets": "706883000", "propertyPlantEquipment": "275624000", "accumulatedDepreciationAmortizationPPE": "None", "intangibleAssets": "3194000", "intangibleAssetsExcludingGoodwill": "3194000", "goodwill": "51889000", "investments": "None", "longTermInvestments": "None", "shortTermInvestments": "None", "otherCurrentAssets": "1599359000", "otherNonCurrentAssets": "None", "totalLiabilities": "1852800000", "totalCurrentLiabilities": "1627801000", "currentAccountsPayable": "None", "deferredRevenue": "None", "currentDebt": "None", "shortTermDebt": "1775000", "totalNonCurrentLiabilities": "224999000", "capitalLeaseObligations": "None", "longTermDebt": "29554000", "currentLongTermDebt": "1775000", "longTermDebtNoncurrent": "None", "shortLongTermDebtTotal": "31329000", "otherCurrentLiabilities": "1602902000", "otherNonCurrentLiabilities": "21524000", "totalShareholderEquity": "632399000", "treasuryStock": "-385790000", "retainedEarnings": "695252000", "commonStock": "616000", "commonStockSharesOutstanding": "58171000"}, {"fiscalDateEnding": "2020-06-30", "reportedCurrency": "USD", "totalAssets": "1921500000", "totalCurrentAssets": "1240058000", "cashAndCashEquivalentsAtCarryingValue": "113518000", "cashAndShortTermInvestments": "113518000", "inventory": "1376000", "currentNetReceivables": "None", "totalNonCurrentAssets": "681442000", "propertyPlantEquipment": "266831000", "accumulatedDepreciationAmortizationPPE": "None", "intangibleAssets": "426000", "intangibleAssetsExcludingGoodwill": "426000", "goodwill": "51889000", "investments": "None", "longTermInvestments": "None", "shortTermInvestments": "None", "otherCurrentAssets": "1111545000", "otherNonCurrentAssets": "None", "totalLiabilities": "1335647000", "totalCurrentLiabilities": "1117251000", "currentAccountsPayable": "None", "deferredRevenue": "None", "currentDebt": "None", "shortTermDebt": "1775000", "totalNonCurrentLiabilities": "218396000", "capitalLeaseObligations": "None", "longTermDebt": "29989000", "currentLongTermDebt": "1775000", "longTermDebtNoncurrent": "None", "shortLongTermDebtTotal": "31764000", "otherCurrentLiabilities": "1099536000", "otherNonCurrentLiabilities": "21257000", "totalShareholderEquity": "585853000", "treasuryStock": "-382941000", "retainedEarnings": "667770000", "commonStock": "616000", "commonStockSharesOutstanding": "58237000"}, {"fiscalDateEnding": "2020-03-31", "reportedCurrency": "USD", "totalAssets": "2309725000", "totalCurrentAssets": "1651561000", "cashAndCashEquivalentsAtCarryingValue": "181827000", "cashAndShortTermInvestments": "181827000", "inventory": "930000", "currentNetReceivables": "None", "totalNonCurrentAssets": "658164000", "propertyPlantEquipment": "254423000", "accumulatedDepreciationAmortizationPPE": "None", "intangibleAssets": "479000", "intangibleAssetsExcludingGoodwill": "479000", "goodwill": "51889000", "investments": "None", "longTermInvestments": "None", "shortTermInvestments": "None", "otherCurrentAssets": "1460745000", "otherNonCurrentAssets": "None", "totalLiabilities": "1709937000", "totalCurrentLiabilities": "1497915000", "currentAccountsPayable": "None", "deferredRevenue": "None", "currentDebt": "None", "shortTermDebt": "1775000", "totalNonCurrentLiabilities": "212022000", "capitalLeaseObligations": "None", "longTermDebt": "30423000", "currentLongTermDebt": "1775000", "longTermDebtNoncurrent": "None", "shortLongTermDebtTotal": "32198000", "otherCurrentLiabilities": "1462833000", "otherNonCurrentLiabilities": "22195000", "totalShareholderEquity": "599788000", "treasuryStock": "-315820000", "retainedEarnings": "639181000", "commonStock": "614000", "commonStockSharesOutstanding": "58440000"}, {"fiscalDateEnding": "2019-12-31", "reportedCurrency": "USD", "totalAssets": "2486917000", "totalCurrentAssets": "1871100000", "cashAndCashEquivalentsAtCarryingValue": "133667000", "cashAndShortTermInvestments": "133667000", "inventory": "1158000", "currentNetReceivables": "None", "totalNonCurrentAssets": "615817000", "propertyPlantEquipment": "238458000", "accumulatedDepreciationAmortizationPPE": "None", "intangibleAssets": "532000", "intangibleAssetsExcludingGoodwill": "532000", "goodwill": "51889000", "investments": "None", "longTermInvestments": "None", "shortTermInvestments": "None", "otherCurrentAssets": "1722957000", "otherNonCurrentAssets": "None", "totalLiabilities": "1960289000", "totalCurrentLiabilities": "1753522000", "currentAccountsPayable": "None", "deferredRevenue": "None", "currentDebt": "None", "shortTermDebt": "1775000", "totalNonCurrentLiabilities": "206767000", "capitalLeaseObligations": "None", "longTermDebt": "30858000", "currentLongTermDebt": "1775000", "longTermDebtNoncurrent": "None", "shortLongTermDebtTotal": "32633000", "otherCurrentLiabilities": "1735591000", "otherNonCurrentLiabilities": "19553000", "totalShareholderEquity": "526628000", "treasuryStock": "-307652000", "retainedEarnings": "576166000", "commonStock": "613000", "commonStockSharesOutstanding": "58378000"}, {"fiscalDateEnding": "2019-09-30", "reportedCurrency": "USD", "totalAssets": "1592027000", "totalCurrentAssets": "1012975000", "cashAndCashEquivalentsAtCarryingValue": "108127000", "cashAndShortTermInvestments": "108127000", "inventory": "700000", "currentNetReceivables": "None", "totalNonCurrentAssets": "579052000", "propertyPlantEquipment": "249335000", "accumulatedDepreciationAmortizationPPE": "None", "intangibleAssets": "586000", "intangibleAssetsExcludingGoodwill": "586000", "goodwill": "51889000", "investments": "None", "longTermInvestments": "None", "shortTermInvestments": "None", "otherCurrentAssets": "892027000", "otherNonCurrentAssets": "None", "totalLiabilities": "1117129000", "totalCurrentLiabilities": "918478000", "currentAccountsPayable": "None", "deferredRevenue": "None", "currentDebt": "None", "shortTermDebt": "11375000", "totalNonCurrentLiabilities": "198651000", "capitalLeaseObligations": "None", "longTermDebt": "31293000", "currentLongTermDebt": "1775000", "longTermDebtNoncurrent": "None", "shortLongTermDebtTotal": "33068000", "otherCurrentLiabilities": "901376000", "otherNonCurrentLiabilities": "18706000", "totalShareholderEquity": "474898000", "treasuryStock": "-307353000", "retainedEarnings": "530786000", "commonStock": "612000", "commonStockSharesOutstanding": "58383000"}, {"fiscalDateEnding": "2019-06-30", "reportedCurrency": "USD", "totalAssets": "1826192000", "totalCurrentAssets": "1287986000", "cashAndCashEquivalentsAtCarryingValue": "94814000", "cashAndShortTermInvestments": "94814000", "inventory": "767000", "currentNetReceivables": "None", "totalNonCurrentAssets": "538206000", "propertyPlantEquipment": "196371000", "accumulatedDepreciationAmortizationPPE": "None", "intangibleAssets": "639000", "intangibleAssetsExcludingGoodwill": "639000", "goodwill": "51889000", "investments": "None", "longTermInvestments": "None", "shortTermInvestments": "None", "otherCurrentAssets": "1178940000", "otherNonCurrentAssets": "None", "totalLiabilities": "1391430000", "totalCurrentLiabilities": "1201278000", "currentAccountsPayable": "None", "deferredRevenue": "None", "currentDebt": "None", "shortTermDebt": "11075000", "totalNonCurrentLiabilities": "190152000", "capitalLeaseObligations": "None", "longTermDebt": "31727000", "currentLongTermDebt": "1775000", "longTermDebtNoncurrent": "None", "shortLongTermDebtTotal": "33502000", "otherCurrentLiabilities": "1185799000", "otherNonCurrentLiabilities": "18861000", "totalShareholderEquity": "434762000", "treasuryStock": "-303553000", "retainedEarnings": "491634000", "commonStock": "612000", "commonStockSharesOutstanding": "58410000"}, {"fiscalDateEnding": "2019-03-31", "reportedCurrency": "USD", "totalAssets": "2062828000", "totalCurrentAssets": "1549484000", "cashAndCashEquivalentsAtCarryingValue": "91307000", "cashAndShortTermInvestments": "91307000", "inventory": "910000", "currentNetReceivables": "None", "totalNonCurrentAssets": "513344000", "propertyPlantEquipment": "187511000", "accumulatedDepreciationAmortizationPPE": "None", "intangibleAssets": "692000", "intangibleAssetsExcludingGoodwill": "692000", "goodwill": "51889000", "investments": "None", "longTermInvestments": "None", "shortTermInvestments": "None", "otherCurrentAssets": "1453432000", "otherNonCurrentAssets": "None", "totalLiabilities": "1664275000", "totalCurrentLiabilities": "1483710000", "currentAccountsPayable": "None", "deferredRevenue": "None", "currentDebt": "None", "shortTermDebt": "10475000", "totalNonCurrentLiabilities": "180565000", "capitalLeaseObligations": "None", "longTermDebt": "32179000", "currentLongTermDebt": "1775000", "longTermDebtNoncurrent": "None", "shortLongTermDebtTotal": "33954000", "otherCurrentLiabilities": "1464656000", "otherNonCurrentLiabilities": "16619000", "totalShareholderEquity": "398553000", "treasuryStock": "-284793000", "retainedEarnings": "442872000", "commonStock": "609000", "commonStockSharesOutstanding": "58316000"}, {"fiscalDateEnding": "2018-12-31", "reportedCurrency": "USD", "totalAssets": "1521926000", "totalCurrentAssets": "1064622000", "cashAndCashEquivalentsAtCarryingValue": "45718000", "cashAndShortTermInvestments": "45718000", "inventory": "797000", "currentNetReceivables": "None", "totalNonCurrentAssets": "457304000", "propertyPlantEquipment": "176962000", "accumulatedDepreciationAmortizationPPE": "None", "intangibleAssets": "745000", "intangibleAssetsExcludingGoodwill": "745000", "goodwill": "51889000", "investments": "None", "longTermInvestments": "None", "shortTermInvestments": "None", "otherCurrentAssets": "1010731000", "otherNonCurrentAssets": "None", "totalLiabilities": "1187173000", "totalCurrentLiabilities": "1028682000", "currentAccountsPayable": "None", "deferredRevenue": "None", "currentDebt": "None", "shortTermDebt": "1775000", "totalNonCurrentLiabilities": "158491000", "capitalLeaseObligations": "None", "longTermDebt": "32614000", "currentLongTermDebt": "1775000", "longTermDebtNoncurrent": "None", "shortLongTermDebtTotal": "34389000", "otherCurrentLiabilities": "1011639000", "otherNonCurrentLiabilities": "None", "totalShareholderEquity": "334753000", "treasuryStock": "-265124000", "retainedEarnings": "395590000", "commonStock": "607000", "commonStockSharesOutstanding": "58238231"}, {"fiscalDateEnding": "2018-09-30", "reportedCurrency": "USD", "totalAssets": "1468186000", "totalCurrentAssets": "1037534000", "cashAndCashEquivalentsAtCarryingValue": "85048000", "cashAndShortTermInvestments": "85048000", "inventory": "574000", "currentNetReceivables": "None", "totalNonCurrentAssets": "430652000", "propertyPlantEquipment": "168397000", "accumulatedDepreciationAmortizationPPE": "None", "intangibleAssets": "798000", "intangibleAssetsExcludingGoodwill": "798000", "goodwill": "51889000", "investments": "None", "longTermInvestments": "679000", "shortTermInvestments": "97000", "otherCurrentAssets": "943243000", "otherNonCurrentAssets": "None", "totalLiabilities": "1107809000", "totalCurrentLiabilities": "958149000", "currentAccountsPayable": "None", "deferredRevenue": "None", "currentDebt": "None", "shortTermDebt": "1775000", "totalNonCurrentLiabilities": "149660000", "capitalLeaseObligations": "None", "longTermDebt": "33049000", "currentLongTermDebt": "1775000", "longTermDebtNoncurrent": "None", "shortLongTermDebtTotal": "34824000", "otherCurrentLiabilities": "941792000", "otherNonCurrentLiabilities": "None", "totalShareholderEquity": "360377000", "treasuryStock": "-202660000", "retainedEarnings": "364176000", "commonStock": "606000", "commonStockSharesOutstanding": "58545061"}, {"fiscalDateEnding": "2018-06-30", "reportedCurrency": "USD", "totalAssets": "1418965000", "totalCurrentAssets": "1002032000", "cashAndCashEquivalentsAtCarryingValue": "54630000", "cashAndShortTermInvestments": "54630000", "inventory": "477000", "currentNetReceivables": "None", "totalNonCurrentAssets": "416933000", "propertyPlantEquipment": "165370000", "accumulatedDepreciationAmortizationPPE": "None", "intangibleAssets": "852000", "intangibleAssetsExcludingGoodwill": "852000", "goodwill": "51889000", "investments": "None", "longTermInvestments": "435000", "shortTermInvestments": "57000", "otherCurrentAssets": "938909000", "otherNonCurrentAssets": "None", "totalLiabilities": "1089227000", "totalCurrentLiabilities": "947056000", "currentAccountsPayable": "None", "deferredRevenue": "None", "currentDebt": "None", "shortTermDebt": "1775000", "totalNonCurrentLiabilities": "142171000", "capitalLeaseObligations": "None", "longTermDebt": "33486000", "currentLongTermDebt": "1775000", "longTermDebtNoncurrent": "None", "shortLongTermDebtTotal": "35261000", "otherCurrentLiabilities": "932419000", "otherNonCurrentLiabilities": "None", "totalShareholderEquity": "329738000", "treasuryStock": "-199563000", "retainedEarnings": "335407000", "commonStock": "606000", "commonStockSharesOutstanding": "58720785"}, {"fiscalDateEnding": "2018-03-31", "reportedCurrency": "USD", "totalAssets": "1608130000", "totalCurrentAssets": "1205019000", "cashAndCashEquivalentsAtCarryingValue": "68121000", "cashAndShortTermInvestments": "68121000", "inventory": "420000", "currentNetReceivables": "None", "totalNonCurrentAssets": "403111000", "propertyPlantEquipment": "159561000", "accumulatedDepreciationAmortizationPPE": "None", "intangibleAssets": "905000", "intangibleAssetsExcludingGoodwill": "905000", "goodwill": "51889000", "investments": "None", "longTermInvestments": "155000", "shortTermInvestments": "13000", "otherCurrentAssets": "1131094000", "otherNonCurrentAssets": "None", "totalLiabilities": "1275097000", "totalCurrentLiabilities": "1141342000", "currentAccountsPayable": "None", "deferredRevenue": "None", "currentDebt": "None", "shortTermDebt": "1331000", "totalNonCurrentLiabilities": "133755000", "capitalLeaseObligations": "None", "longTermDebt": "33935000", "currentLongTermDebt": "1331000", "longTermDebtNoncurrent": "None", "shortLongTermDebtTotal": "35266000", "otherCurrentLiabilities": "1129232000", "otherNonCurrentLiabilities": "None", "totalShareholderEquity": "333033000", "treasuryStock": "-156558000", "retainedEarnings": "299685000", "commonStock": "604000", "commonStockSharesOutstanding": "58738732"}, {"fiscalDateEnding": "2017-12-31", "reportedCurrency": "USD", "totalAssets": "1355164000", "totalCurrentAssets": "1149862000", "cashAndCashEquivalentsAtCarryingValue": "46077000", "cashAndShortTermInvestments": "46077000", "inventory": "979000", "currentNetReceivables": "None", "totalNonCurrentAssets": "205302000", "propertyPlantEquipment": "147705000", "accumulatedDepreciationAmortizationPPE": "None", "intangibleAssets": "958000", "intangibleAssetsExcludingGoodwill": "958000", "goodwill": "51889000", "investments": "None", "longTermInvestments": "None", "shortTermInvestments": "0", "otherCurrentAssets": "1094183000", "otherNonCurrentAssets": "None", "totalLiabilities": "1219762000", "totalCurrentLiabilities": "1140152000", "currentAccountsPayable": "None", "deferredRevenue": "None", "currentDebt": "None", "shortTermDebt": "888000", "totalNonCurrentLiabilities": "79610000", "capitalLeaseObligations": "None", "longTermDebt": "34414000", "currentLongTermDebt": "888000", "longTermDebtNoncurrent": "None", "shortLongTermDebtTotal": "35302000", "otherCurrentLiabilities": "1125792000", "otherNonCurrentLiabilities": "None", "totalShareholderEquity": "135402000", "treasuryStock": "-139688000", "retainedEarnings": "137255000", "commonStock": "601000", "commonStockSharesOutstanding": "58850271"}, {"fiscalDateEnding": "2017-09-30", "reportedCurrency": "USD", "totalAssets": "1069936000", "totalCurrentAssets": "876490000", "cashAndCashEquivalentsAtCarryingValue": "66610000", "cashAndShortTermInvestments": "66610000", "inventory": "750000", "currentNetReceivables": "None", "totalNonCurrentAssets": "193446000", "propertyPlantEquipment": "133765000", "accumulatedDepreciationAmortizationPPE": "None", "intangibleAssets": "1011000", "intangibleAssetsExcludingGoodwill": "1011000", "goodwill": "51889000", "investments": "None", "longTermInvestments": "None", "shortTermInvestments": "0", "otherCurrentAssets": "798439000", "otherNonCurrentAssets": "None", "totalLiabilities": "912671000", "totalCurrentLiabilities": "837612000", "currentAccountsPayable": "None", "deferredRevenue": "None", "currentDebt": "None", "shortTermDebt": "1152000", "totalNonCurrentLiabilities": "75059000", "capitalLeaseObligations": "None", "longTermDebt": "33218000", "currentLongTermDebt": "1152000", "longTermDebtNoncurrent": "None", "shortLongTermDebtTotal": "34370000", "otherCurrentLiabilities": "827429000", "otherNonCurrentLiabilities": "None", "totalShareholderEquity": "157265000", "treasuryStock": "-97454000", "retainedEarnings": "124350000", "commonStock": "599000", "commonStockSharesOutstanding": "58873502"}, {"fiscalDateEnding": "2017-06-30", "reportedCurrency": "USD", "totalAssets": "1045943000", "totalCurrentAssets": "866739000", "cashAndCashEquivalentsAtCarryingValue": "68117000", "cashAndShortTermInvestments": "68117000", "inventory": "520000", "currentNetReceivables": "None", "totalNonCurrentAssets": "179204000", "propertyPlantEquipment": "116957000", "accumulatedDepreciationAmortizationPPE": "None", "intangibleAssets": "1065000", "intangibleAssetsExcludingGoodwill": "1065000", "goodwill": "51889000", "investments": "None", "longTermInvestments": "None", "shortTermInvestments": "0", "otherCurrentAssets": "792752000", "otherNonCurrentAssets": "None", "totalLiabilities": "900895000", "totalCurrentLiabilities": "828452000", "currentAccountsPayable": "None", "deferredRevenue": "None", "currentDebt": "None", "shortTermDebt": "1139000", "totalNonCurrentLiabilities": "72443000", "capitalLeaseObligations": "None", "longTermDebt": "33479000", "currentLongTermDebt": "6375000", "longTermDebtNoncurrent": "None", "shortLongTermDebtTotal": "34618000", "otherCurrentLiabilities": "817834000", "otherNonCurrentLiabilities": "None", "totalShareholderEquity": "145048000", "treasuryStock": "-80117000", "retainedEarnings": "110283000", "commonStock": "595000", "commonStockSharesOutstanding": "58816442"}, {"fiscalDateEnding": "2017-03-31", "reportedCurrency": "USD", "totalAssets": "1218552000", "totalCurrentAssets": "1051654000", "cashAndCashEquivalentsAtCarryingValue": "92915000", "cashAndShortTermInvestments": "92915000", "inventory": "499000", "currentNetReceivables": "None", "totalNonCurrentAssets": "166898000", "propertyPlantEquipment": "106485000", "accumulatedDepreciationAmortizationPPE": "None", "intangibleAssets": "1468000", "intangibleAssetsExcludingGoodwill": "1468000", "goodwill": "51889000", "investments": "None", "longTermInvestments": "None", "shortTermInvestments": "0", "otherCurrentAssets": "956393000", "otherNonCurrentAssets": "None", "totalLiabilities": "1072373000", "totalCurrentLiabilities": "1005429000", "currentAccountsPayable": "None", "deferredRevenue": "None", "currentDebt": "None", "shortTermDebt": "1126000", "totalNonCurrentLiabilities": "66944000", "capitalLeaseObligations": "None", "longTermDebt": "30389000", "currentLongTermDebt": "3852000", "longTermDebtNoncurrent": "None", "shortLongTermDebtTotal": "31515000", "otherCurrentLiabilities": "978981000", "otherNonCurrentLiabilities": "None", "totalShareholderEquity": "146179000", "treasuryStock": "-49958000", "retainedEarnings": "96062000", "commonStock": "585000", "commonStockSharesOutstanding": "58525980"}, {"fiscalDateEnding": "2016-12-31", "reportedCurrency": "USD", "totalAssets": "1078613000", "totalCurrentAssets": "925583000", "cashAndCashEquivalentsAtCarryingValue": "60158000", "cashAndShortTermInvestments": "60158000", "inventory": "675000", "currentNetReceivables": "None", "totalNonCurrentAssets": "153030000", "propertyPlantEquipment": "96848000", "accumulatedDepreciationAmortizationPPE": "None", "intangibleAssets": "1871000", "intangibleAssetsExcludingGoodwill": "1871000", "goodwill": "51889000", "investments": "None", "longTermInvestments": "None", "shortTermInvestments": "0", "otherCurrentAssets": "862719000", "otherNonCurrentAssets": "None", "totalLiabilities": "962086000", "totalCurrentLiabilities": "898894000", "currentAccountsPayable": "None", "deferredRevenue": "None", "currentDebt": "None", "shortTermDebt": "1113000", "totalNonCurrentLiabilities": "63192000", "capitalLeaseObligations": "None", "longTermDebt": "28711000", "currentLongTermDebt": "1113000", "longTermDebtNoncurrent": "None", "shortLongTermDebtTotal": "29824000", "otherCurrentLiabilities": "888814000", "otherNonCurrentLiabilities": "None", "totalShareholderEquity": "116527000", "treasuryStock": "-49958000", "retainedEarnings": "70448000", "commonStock": "585000", "commonStockSharesOutstanding": "58882966"}, {"fiscalDateEnding": "2016-09-30", "reportedCurrency": "USD", "totalAssets": "820995000", "totalCurrentAssets": "677678000", "cashAndCashEquivalentsAtCarryingValue": "74496000", "cashAndShortTermInvestments": "74496000", "inventory": "355000", "currentNetReceivables": "None", "totalNonCurrentAssets": "143317000", "propertyPlantEquipment": "87285000", "accumulatedDepreciationAmortizationPPE": "None", "intangibleAssets": "2274000", "intangibleAssetsExcludingGoodwill": "2274000", "goodwill": "51889000", "investments": "None", "longTermInvestments": "None", "shortTermInvestments": "0", "otherCurrentAssets": "597032000", "otherNonCurrentAssets": "None", "totalLiabilities": "689958000", "totalCurrentLiabilities": "628894000", "currentAccountsPayable": "None", "deferredRevenue": "None", "currentDebt": "None", "shortTermDebt": "1090000", "totalNonCurrentLiabilities": "61064000", "capitalLeaseObligations": "None", "longTermDebt": "29000000", "currentLongTermDebt": "6471000", "longTermDebtNoncurrent": "None", "shortLongTermDebtTotal": "30090000", "otherCurrentLiabilities": "618133000", "otherNonCurrentLiabilities": "None", "totalShareholderEquity": "131037000", "treasuryStock": "-22775000", "retainedEarnings": "61815000", "commonStock": "584000", "commonStockSharesOutstanding": "58907281"}, {"fiscalDateEnding": "2016-06-30", "reportedCurrency": "USD", "totalAssets": "1258983000", "totalCurrentAssets": "1122559000", "cashAndCashEquivalentsAtCarryingValue": "80893000", "cashAndShortTermInvestments": "80893000", "inventory": "441000", "currentNetReceivables": "None", "totalNonCurrentAssets": "136424000", "propertyPlantEquipment": "76627000", "accumulatedDepreciationAmortizationPPE": "None", "intangibleAssets": "2677000", "intangibleAssetsExcludingGoodwill": "2677000", "goodwill": "51889000", "investments": "None", "longTermInvestments": "None", "shortTermInvestments": "0", "otherCurrentAssets": "1038450000", "otherNonCurrentAssets": "None", "totalLiabilities": "1130168000", "totalCurrentLiabilities": "1072497000", "currentAccountsPayable": "None", "deferredRevenue": "None", "currentDebt": "None", "shortTermDebt": "911000", "totalNonCurrentLiabilities": "57671000", "capitalLeaseObligations": "None", "longTermDebt": "28349000", "currentLongTermDebt": "3963000", "longTermDebtNoncurrent": "None", "shortLongTermDebtTotal": "29260000", "otherCurrentLiabilities": "1056296000", "otherNonCurrentLiabilities": "None", "totalShareholderEquity": "128815000", "treasuryStock": "-3490000", "retainedEarnings": "55617000", "commonStock": "576000", "commonStockSharesOutstanding": "58697229"}, {"fiscalDateEnding": "2016-03-31", "reportedCurrency": "USD", "totalAssets": "1331632000", "totalCurrentAssets": "1205803000", "cashAndCashEquivalentsAtCarryingValue": "72075000", "cashAndShortTermInvestments": "72075000", "inventory": "736000", "currentNetReceivables": "None", "totalNonCurrentAssets": "125829000", "propertyPlantEquipment": "66990000", "accumulatedDepreciationAmortizationPPE": "None", "intangibleAssets": "3081000", "intangibleAssetsExcludingGoodwill": "3081000", "goodwill": "51889000", "investments": "None", "longTermInvestments": "None", "shortTermInvestments": "0", "otherCurrentAssets": "1130412000", "otherNonCurrentAssets": "None", "totalLiabilities": "1213268000", "totalCurrentLiabilities": "1161793000", "currentAccountsPayable": "None", "deferredRevenue": "None", "currentDebt": "None", "shortTermDebt": "900000", "totalNonCurrentLiabilities": "51475000", "capitalLeaseObligations": "None", "longTermDebt": "24650000", "currentLongTermDebt": "None", "longTermDebtNoncurrent": "None", "shortLongTermDebtTotal": "25550000", "otherCurrentLiabilities": "1144623000", "otherNonCurrentLiabilities": "None", "totalShareholderEquity": "118364000", "treasuryStock": "0", "retainedEarnings": "45196000", "commonStock": "571000", "commonStockSharesOutstanding": "58362040"}, {"fiscalDateEnding": "2015-12-31", "reportedCurrency": "USD", "totalAssets": "876773000", "totalCurrentAssets": "761138000", "cashAndCashEquivalentsAtCarryingValue": "50714000", "cashAndShortTermInvestments": "50714000", "inventory": "1093000", "currentNetReceivables": "None", "totalNonCurrentAssets": "115635000", "propertyPlantEquipment": "58858000", "accumulatedDepreciationAmortizationPPE": "None", "intangibleAssets": "3484000", "intangibleAssetsExcludingGoodwill": "3484000", "goodwill": "51889000", "investments": "None", "longTermInvestments": "None", "shortTermInvestments": "0", "otherCurrentAssets": "706977000", "otherNonCurrentAssets": "None", "totalLiabilities": "778459000", "totalCurrentLiabilities": "727534000", "currentAccountsPayable": "None", "deferredRevenue": "None", "currentDebt": "None", "shortTermDebt": "886000", "totalNonCurrentLiabilities": "50925000", "capitalLeaseObligations": "None", "longTermDebt": "24974000", "currentLongTermDebt": "886000", "longTermDebtNoncurrent": "None", "shortLongTermDebtTotal": "25860000", "otherCurrentLiabilities": "718023000", "otherNonCurrentLiabilities": "None", "totalShareholderEquity": "98314000", "treasuryStock": "-98314000", "retainedEarnings": "26608000", "commonStock": "571000", "commonStockSharesOutstanding": "58365587"}, {"fiscalDateEnding": "2015-09-30", "reportedCurrency": "USD", "totalAssets": "781582000", "totalCurrentAssets": "671220000", "cashAndCashEquivalentsAtCarryingValue": "48547000", "cashAndShortTermInvestments": "48547000", "inventory": "639000", "currentNetReceivables": "None", "totalNonCurrentAssets": "110362000", "propertyPlantEquipment": "53674000", "accumulatedDepreciationAmortizationPPE": "None", "intangibleAssets": "3886000", "intangibleAssetsExcludingGoodwill": "3886000", "goodwill": "51889000", "investments": "None", "longTermInvestments": "None", "shortTermInvestments": "0", "otherCurrentAssets": "618637000", "otherNonCurrentAssets": "None", "totalLiabilities": "689903000", "totalCurrentLiabilities": "641576000", "currentAccountsPayable": "None", "deferredRevenue": "None", "currentDebt": "None", "shortTermDebt": "875000", "totalNonCurrentLiabilities": "48327000", "capitalLeaseObligations": "None", "longTermDebt": "25206000", "currentLongTermDebt": "None", "longTermDebtNoncurrent": "None", "shortLongTermDebtTotal": "26081000", "otherCurrentLiabilities": "631911000", "otherNonCurrentLiabilities": "None", "totalShareholderEquity": "91679000", "treasuryStock": "0", "retainedEarnings": "21451000", "commonStock": "571000", "commonStockSharesOutstanding": "58367830"}, {"fiscalDateEnding": "2015-06-30", "reportedCurrency": "USD", "totalAssets": "699182000", "totalCurrentAssets": "591947000", "cashAndCashEquivalentsAtCarryingValue": "42667000", "cashAndShortTermInvestments": "42667000", "inventory": "326000", "currentNetReceivables": "None", "totalNonCurrentAssets": "107235000", "propertyPlantEquipment": "50115000", "accumulatedDepreciationAmortizationPPE": "None", "intangibleAssets": "4290000", "intangibleAssetsExcludingGoodwill": "4290000", "goodwill": "51889000", "investments": "None", "longTermInvestments": "None", "shortTermInvestments": "0", "otherCurrentAssets": "546392000", "otherNonCurrentAssets": "None", "totalLiabilities": "612812000", "totalCurrentLiabilities": "565495000", "currentAccountsPayable": "None", "deferredRevenue": "None", "currentDebt": "None", "shortTermDebt": "861000", "totalNonCurrentLiabilities": "47317000", "capitalLeaseObligations": "None", "longTermDebt": "25435000", "currentLongTermDebt": "None", "longTermDebtNoncurrent": "None", "shortLongTermDebtTotal": "26296000", "otherCurrentLiabilities": "556777000", "otherNonCurrentLiabilities": "None", "totalShareholderEquity": "86370000", "treasuryStock": "0", "retainedEarnings": "17604000", "commonStock": "571000", "commonStockSharesOutstanding": "58369083"}, {"fiscalDateEnding": "2015-03-31", "reportedCurrency": "USD", "totalAssets": "739589000", "totalCurrentAssets": "633551000", "cashAndCashEquivalentsAtCarryingValue": "35673000", "cashAndShortTermInvestments": "35673000", "inventory": "718000", "currentNetReceivables": "None", "totalNonCurrentAssets": "106038000", "propertyPlantEquipment": "48692000", "accumulatedDepreciationAmortizationPPE": "None", "intangibleAssets": "4693000", "intangibleAssetsExcludingGoodwill": "4693000", "goodwill": "51889000", "investments": "None", "longTermInvestments": "None", "shortTermInvestments": "0", "otherCurrentAssets": "595476000", "otherNonCurrentAssets": "None", "totalLiabilities": "659200000", "totalCurrentLiabilities": "613004000", "currentAccountsPayable": "None", "deferredRevenue": "None", "currentDebt": "None", "shortTermDebt": "862000", "totalNonCurrentLiabilities": "46196000", "capitalLeaseObligations": "None", "longTermDebt": "25652000", "currentLongTermDebt": "None", "longTermDebtNoncurrent": "None", "shortLongTermDebtTotal": "26514000", "otherCurrentLiabilities": "603600000", "otherNonCurrentLiabilities": "None", "totalShareholderEquity": "80389000", "treasuryStock": "-80389000", "retainedEarnings": "11658000", "commonStock": "566000", "commonStockSharesOutstanding": "56562661"}, {"fiscalDateEnding": "2014-12-31", "reportedCurrency": "USD", "totalAssets": "798942000", "totalCurrentAssets": "693393000", "cashAndCashEquivalentsAtCarryingValue": "25144000", "cashAndShortTermInvestments": "25144000", "inventory": "195000", "currentNetReceivables": "None", "totalNonCurrentAssets": "105549000", "propertyPlantEquipment": "47919000", "accumulatedDepreciationAmortizationPPE": "None", "intangibleAssets": "5096000", "intangibleAssetsExcludingGoodwill": "5096000", "goodwill": "51889000", "investments": "None", "longTermInvestments": "None", "shortTermInvestments": "371000", "otherCurrentAssets": "663815000", "otherNonCurrentAssets": "None", "totalLiabilities": "724804000", "totalCurrentLiabilities": "678772000", "currentAccountsPayable": "None", "deferredRevenue": "None", "currentDebt": "None", "shortTermDebt": "855000", "totalNonCurrentLiabilities": "46032000", "capitalLeaseObligations": "None", "longTermDebt": "26123000", "currentLongTermDebt": "855000", "longTermDebtNoncurrent": "None", "shortLongTermDebtTotal": "26978000", "otherCurrentLiabilities": "672340000", "otherNonCurrentLiabilities": "None", "totalShareholderEquity": "74138000", "treasuryStock": "-74138000", "retainedEarnings": "5663000", "commonStock": "538000", "commonStockSharesOutstanding": "50000000"}, {"fiscalDateEnding": "2014-09-30", "reportedCurrency": "USD", "totalAssets": "522956000", "totalCurrentAssets": "418331000", "cashAndCashEquivalentsAtCarryingValue": "18473000", "cashAndShortTermInvestments": "18473000", "inventory": "384000", "currentNetReceivables": "None", "totalNonCurrentAssets": "104625000", "propertyPlantEquipment": "46642000", "accumulatedDepreciationAmortizationPPE": "None", "intangibleAssets": "5499000", "intangibleAssetsExcludingGoodwill": "5499000", "goodwill": "51889000", "investments": "None", "longTermInvestments": "None", "shortTermInvestments": "370000", "otherCurrentAssets": "398006000", "otherNonCurrentAssets": "None", "totalLiabilities": "452340000", "totalCurrentLiabilities": "407892000", "currentAccountsPayable": "None", "deferredRevenue": "None", "currentDebt": "None", "shortTermDebt": "845000", "totalNonCurrentLiabilities": "44448000", "capitalLeaseObligations": "None", "longTermDebt": "26341000", "currentLongTermDebt": "None", "longTermDebtNoncurrent": "None", "shortLongTermDebtTotal": "27186000", "otherCurrentLiabilities": "402737000", "otherNonCurrentLiabilities": "None", "totalShareholderEquity": "70616000", "treasuryStock": "-70616000", "retainedEarnings": "3157000", "commonStock": "510000", "commonStockSharesOutstanding": "52978051"}, {"fiscalDateEnding": "2014-06-30", "reportedCurrency": "USD", "totalAssets": "440195000", "totalCurrentAssets": "336492000", "cashAndCashEquivalentsAtCarryingValue": "13968000", "cashAndShortTermInvestments": "13968000", "inventory": "519000", "currentNetReceivables": "None", "totalNonCurrentAssets": "103703000", "propertyPlantEquipment": "45358000", "accumulatedDepreciationAmortizationPPE": "None", "intangibleAssets": "5902000", "intangibleAssetsExcludingGoodwill": "5902000", "goodwill": "51889000", "investments": "None", "longTermInvestments": "None", "shortTermInvestments": "370000", "otherCurrentAssets": "321099000", "otherNonCurrentAssets": "None", "totalLiabilities": "372357000", "totalCurrentLiabilities": "329398000", "currentAccountsPayable": "None", "deferredRevenue": "None", "currentDebt": "None", "shortTermDebt": "893000", "totalNonCurrentLiabilities": "42959000", "capitalLeaseObligations": "None", "longTermDebt": "26528000", "currentLongTermDebt": "None", "longTermDebtNoncurrent": "None", "shortLongTermDebtTotal": "27421000", "otherCurrentLiabilities": "323944000", "otherNonCurrentLiabilities": "None", "totalShareholderEquity": "67838000", "treasuryStock": "-67838000", "retainedEarnings": "467000", "commonStock": "510000", "commonStockSharesOutstanding": "50284362"}, {"fiscalDateEnding": "2014-03-31", "reportedCurrency": "USD", "totalAssets": "532231000", "totalCurrentAssets": "430951000", "cashAndCashEquivalentsAtCarryingValue": "13125000", "cashAndShortTermInvestments": "13125000", "inventory": "452000", "currentNetReceivables": "None", "totalNonCurrentAssets": "101280000", "propertyPlantEquipment": "42514000", "accumulatedDepreciationAmortizationPPE": "None", "intangibleAssets": "6306000", "intangibleAssetsExcludingGoodwill": "6306000", "goodwill": "51889000", "investments": "None", "longTermInvestments": "None", "shortTermInvestments": "369000", "otherCurrentAssets": "416637000", "otherNonCurrentAssets": "None", "totalLiabilities": "526177000", "totalCurrentLiabilities": "438269000", "currentAccountsPayable": "None", "deferredRevenue": "None", "currentDebt": "None", "shortTermDebt": "13941000", "totalNonCurrentLiabilities": "87908000", "capitalLeaseObligations": "None", "longTermDebt": "11435000", "currentLongTermDebt": "None", "longTermDebtNoncurrent": "None", "shortLongTermDebtTotal": "86317000", "otherCurrentLiabilities": "420779000", "otherNonCurrentLiabilities": "60941000", "totalShareholderEquity": "6054000", "treasuryStock": "None", "retainedEarnings": "1060000", "commonStock": "457000", "commonStockSharesOutstanding": "50811059"}, {"fiscalDateEnding": "2013-12-31", "reportedCurrency": "USD", "totalAssets": "571990000", "totalCurrentAssets": "474260000", "cashAndCashEquivalentsAtCarryingValue": "13273000", "cashAndShortTermInvestments": "13273000", "inventory": "578000", "currentNetReceivables": "None", "totalNonCurrentAssets": "97730000", "propertyPlantEquipment": "38671000", "accumulatedDepreciationAmortizationPPE": "None", "intangibleAssets": "6709000", "intangibleAssetsExcludingGoodwill": "6709000", "goodwill": "51889000", "investments": "None", "longTermInvestments": "None", "shortTermInvestments": "369000", "otherCurrentAssets": "462103000", "otherNonCurrentAssets": "None", "totalLiabilities": "570238000", "totalCurrentLiabilities": "482983000", "currentAccountsPayable": "None", "deferredRevenue": "None", "currentDebt": "None", "shortTermDebt": "9545000", "totalNonCurrentLiabilities": "87255000", "capitalLeaseObligations": "None", "longTermDebt": "26227000", "currentLongTermDebt": "None", "longTermDebtNoncurrent": "None", "shortLongTermDebtTotal": "81965000", "otherCurrentLiabilities": "468418000", "otherNonCurrentLiabilities": "None", "totalShareholderEquity": "1752000", "treasuryStock": "None", "retainedEarnings": "-2315000", "commonStock": "17452000", "commonStockSharesOutstanding": "47686326"}, {"fiscalDateEnding": "2013-09-30", "reportedCurrency": "USD", "totalAssets": "353490000", "totalCurrentAssets": "265223000", "cashAndCashEquivalentsAtCarryingValue": "19901000", "cashAndShortTermInvestments": "19901000", "inventory": "836000", "currentNetReceivables": "None", "totalNonCurrentAssets": "88267000", "propertyPlantEquipment": "None", "accumulatedDepreciationAmortizationPPE": "None", "intangibleAssets": "7112000", "intangibleAssetsExcludingGoodwill": "7112000", "goodwill": "51889000", "investments": "None", "longTermInvestments": "None", "shortTermInvestments": "None", "otherCurrentAssets": "243779000", "otherNonCurrentAssets": "None", "totalLiabilities": "295020000", "totalCurrentLiabilities": "256934000", "currentAccountsPayable": "None", "deferredRevenue": "None", "currentDebt": "None", "shortTermDebt": "4191000", "totalNonCurrentLiabilities": "38086000", "capitalLeaseObligations": "None", "longTermDebt": "None", "currentLongTermDebt": "None", "longTermDebtNoncurrent": "None", "shortLongTermDebtTotal": "32503000", "otherCurrentLiabilities": "250548000", "otherNonCurrentLiabilities": "None", "totalShareholderEquity": "58470000", "treasuryStock": "None", "retainedEarnings": "-5164000", "commonStock": "63634000", "commonStockSharesOutstanding": "48371489"}, {"fiscalDateEnding": "2013-06-30", "reportedCurrency": "USD", "totalAssets": "None", "totalCurrentAssets": "None", "cashAndCashEquivalentsAtCarryingValue": "None", "cashAndShortTermInvestments": "None", "inventory": "None", "currentNetReceivables": "None", "totalNonCurrentAssets": "None", "propertyPlantEquipment": "None", "accumulatedDepreciationAmortizationPPE": "None", "intangibleAssets": "None", "intangibleAssetsExcludingGoodwill": "None", "goodwill": "None", "investments": "None", "longTermInvestments": "None", "shortTermInvestments": "None", "otherCurrentAssets": "None", "otherNonCurrentAssets": "None", "totalLiabilities": "None", "totalCurrentLiabilities": "None", "currentAccountsPayable": "None", "deferredRevenue": "None", "currentDebt": "None", "shortTermDebt": "None", "totalNonCurrentLiabilities": "None", "capitalLeaseObligations": "None", "longTermDebt": "None", "currentLongTermDebt": "None", "longTermDebtNoncurrent": "None", "shortLongTermDebtTotal": "None", "otherCurrentLiabilities": "None", "otherNonCurrentLiabilities": "None", "totalShareholderEquity": "None", "treasuryStock": "None", "retainedEarnings": "None", "commonStock": "None", "commonStockSharesOutstanding": "48371489"}, {"fiscalDateEnding": "2013-03-31", "reportedCurrency": "USD", "totalAssets": "None", "totalCurrentAssets": "None", "cashAndCashEquivalentsAtCarryingValue": "None", "cashAndShortTermInvestments": "None", "inventory": "None", "currentNetReceivables": "None", "totalNonCurrentAssets": "None", "propertyPlantEquipment": "None", "accumulatedDepreciationAmortizationPPE": "None", "intangibleAssets": "None", "intangibleAssetsExcludingGoodwill": "None", "goodwill": "None", "investments": "None", "longTermInvestments": "None", "shortTermInvestments": "None", "otherCurrentAssets": "None", "otherNonCurrentAssets": "None", "totalLiabilities": "None", "totalCurrentLiabilities": "None", "currentAccountsPayable": "None", "deferredRevenue": "None", "currentDebt": "None", "shortTermDebt": "None", "totalNonCurrentLiabilities": "None", "capitalLeaseObligations": "None", "longTermDebt": "None", "currentLongTermDebt": "None", "longTermDebtNoncurrent": "None", "shortLongTermDebtTotal": "None", "otherCurrentLiabilities": "None", "otherNonCurrentLiabilities": "None", "totalShareholderEquity": "None", "treasuryStock": "None", "retainedEarnings": "None", "commonStock": "None", "commonStockSharesOutstanding": "48371489"}, {"fiscalDateEnding": "2012-12-31", "reportedCurrency": "USD", "totalAssets": "430041000", "totalCurrentAssets": "344275000", "cashAndCashEquivalentsAtCarryingValue": "13435000", "cashAndShortTermInvestments": "13435000", "inventory": "714000", "currentNetReceivables": "None", "totalNonCurrentAssets": "85349000", "propertyPlantEquipment": "25139000", "accumulatedDepreciationAmortizationPPE": "None", "intangibleAssets": "8321000", "intangibleAssetsExcludingGoodwill": "8321000", "goodwill": "51889000", "investments": "None", "longTermInvestments": "None", "shortTermInvestments": "368000", "otherCurrentAssets": "329504000", "otherNonCurrentAssets": "None", "totalLiabilities": "420265000", "totalCurrentLiabilities": "335660000", "currentAccountsPayable": "None", "deferredRevenue": "None", "currentDebt": "None", "shortTermDebt": "None", "totalNonCurrentLiabilities": "74359000", "capitalLeaseObligations": "None", "longTermDebt": "26399000", "currentLongTermDebt": "None", "longTermDebtNoncurrent": "None", "shortLongTermDebtTotal": "None", "otherCurrentLiabilities": "333309000", "otherNonCurrentLiabilities": "None", "totalShareholderEquity": "9773000", "treasuryStock": "None", "retainedEarnings": "-14249000", "commonStock": "445000", "commonStockSharesOutstanding": "176246424"}, {"fiscalDateEnding": "2012-09-30", "reportedCurrency": "None", "totalAssets": "None", "totalCurrentAssets": "None", "cashAndCashEquivalentsAtCarryingValue": "None", "cashAndShortTermInvestments": "None", "inventory": "None", "currentNetReceivables": "None", "totalNonCurrentAssets": "None", "propertyPlantEquipment": "None", "accumulatedDepreciationAmortizationPPE": "None", "intangibleAssets": "None", "intangibleAssetsExcludingGoodwill": "None", "goodwill": "None", "investments": "None", "longTermInvestments": "None", "shortTermInvestments": "None", "otherCurrentAssets": "None", "otherNonCurrentAssets": "None", "totalLiabilities": "None", "totalCurrentLiabilities": "None", "currentAccountsPayable": "None", "deferredRevenue": "None", "currentDebt": "None", "shortTermDebt": "None", "totalNonCurrentLiabilities": "None", "capitalLeaseObligations": "None", "longTermDebt": "None", "currentLongTermDebt": "None", "longTermDebtNoncurrent": "None", "shortLongTermDebtTotal": "None", "otherCurrentLiabilities": "None", "otherNonCurrentLiabilities": "None", "totalShareholderEquity": "None", "treasuryStock": "None", "retainedEarnings": "None", "commonStock": "None", "commonStockSharesOutstanding": "946604"}]}