{"Symbol": "AEP", "AssetType": "Common Stock", "Name": "American Electric Power Co Inc", "Description": "American Electric Power (AEP) is a major investor-owned electric utility in the United States, delivering electricity to more than five million customers in 11 states.", "CIK": "4904", "Exchange": "NASDAQ", "Currency": "USD", "Country": "USA", "Sector": "ENERGY & TRANSPORTATION", "Industry": "ELECTRIC SERVICES", "Address": "1 RIVERSIDE PLAZA, COLUMBUS, OH, US", "OfficialSite": "https://www.aep.com", "FiscalYearEnd": "December", "LatestQuarter": "2024-12-31", "MarketCapitalization": "57750802000", "EBITDA": "7823600000", "PERatio": "19.38", "PEGRatio": "2.474", "BookValue": "50.56", "DividendPerShare": "3.57", "DividendYield": "0.0344", "EPS": "5.58", "RevenuePerShareTTM": "37.2", "ProfitMargin": "0.15", "OperatingMarginTTM": "0.263", "ReturnOnAssetsTTM": "0.0286", "ReturnOnEquityTTM": "0.114", "RevenueTTM": "19721300000", "GrossProfitTTM": "9332300000", "DilutedEPSTTM": "5.58", "QuarterlyEarningsGrowthYOY": "0.97", "QuarterlyRevenueGrowthYOY": "0.026", "AnalystTargetPrice": "106.64", "AnalystRatingStrongBuy": "3", "AnalystRatingBuy": "3", "AnalystRatingHold": "14", "AnalystRatingSell": "1", "AnalystRatingStrongSell": "0", "TrailingPE": "19.38", "ForwardPE": "17.89", "PriceToSalesRatioTTM": "2.928", "PriceToBookRatio": "2.091", "EVToRevenue": "5.16", "EVToEBITDA": "12.56", "Beta": "0.421", "52WeekHigh": "110.48", "52WeekLow": "81.99", "50DayMovingAverage": "104.79", "200DayMovingAverage": "99.09", "SharesOutstanding": "533988000", "DividendDate": "2025-03-10", "ExDividendDate": "2025-02-10"}