{"Symbol": "BXP", "AssetType": "Common Stock", "Name": "Boston Properties Inc", "Description": "Boston Properties, Inc. is a publicly traded real estate investment trust that invests in office buildings in Boston, Los Angeles, New York City, San Francisco, and Washington, D.C.", "CIK": "1037540", "Exchange": "NYSE", "Currency": "USD", "Country": "USA", "Sector": "REAL ESTATE & CONSTRUCTION", "Industry": "REAL ESTATE INVESTMENT TRUSTS", "Address": "800 BOYLSTON STREET, SUITE 1900, BOSTON, MA, US", "OfficialSite": "https://www.bxp.com", "FiscalYearEnd": "December", "LatestQuarter": "2024-12-31", "MarketCapitalization": "11267727000", "EBITDA": "1896613000", "PERatio": "710.33", "PEGRatio": "0.357", "BookValue": "34.22", "DividendPerShare": "3.92", "DividendYield": "0.0613", "EPS": "0.09", "RevenuePerShareTTM": "21.47", "ProfitMargin": "0.0042", "OperatingMarginTTM": "0.305", "ReturnOnAssetsTTM": "0.0242", "ReturnOnEquityTTM": "0.0104", "RevenueTTM": "3380319000", "GrossProfitTTM": "2056596000", "DilutedEPSTTM": "0.09", "QuarterlyEarningsGrowthYOY": "-0.232", "QuarterlyRevenueGrowthYOY": "0.045", "AnalystTargetPrice": "77.95", "AnalystRatingStrongBuy": "3", "AnalystRatingBuy": "6", "AnalystRatingHold": "11", "AnalystRatingSell": "1", "AnalystRatingStrongSell": "1", "TrailingPE": "710.33", "ForwardPE": "36.36", "PriceToSalesRatioTTM": "3.333", "PriceToBookRatio": "1.87", "EVToRevenue": "7.59", "EVToEBITDA": "15.98", "Beta": "1.083", "52WeekHigh": "87.63", "52WeekLow": "53.37", "50DayMovingAverage": "66.8", "200DayMovingAverage": "73.66", "SharesOutstanding": "158323000", "DividendDate": "2025-04-30", "ExDividendDate": "2025-03-31"}