{"Meta Data": {"1. Information": "Daily Time Series with Splits and Dividend Events", "2. Symbol": "VTR", "3. Last Refreshed": "2025-04-22", "4. Output Size": "Compact", "5. Time Zone": "US/Eastern"}, "Time Series (Daily)": {"2025-04-22": {"1. open": "67.66", "2. high": "68.81", "3. low": "67.42", "4. close": "68.29", "5. adjusted close": "68.29", "6. volume": "2439220", "7. dividend amount": "0.0000", "8. split coefficient": "1.0"}, "2025-04-21": {"1. open": "67.44", "2. high": "68.1858", "3. low": "65.86", "4. close": "66.81", "5. adjusted close": "66.81", "6. volume": "2141119", "7. dividend amount": "0.0000", "8. split coefficient": "1.0"}, "2025-04-17": {"1. open": "67.93", "2. high": "68.615", "3. low": "67.44", "4. close": "67.93", "5. adjusted close": "67.93", "6. volume": "2903549", "7. dividend amount": "0.0000", "8. split coefficient": "1.0"}, "2025-04-16": {"1. open": "67.9", "2. high": "68.52", "3. low": "67.24", "4. close": "67.63", "5. adjusted close": "67.63", "6. volume": "2410278", "7. dividend amount": "0.0000", "8. split coefficient": "1.0"}, "2025-04-15": {"1. open": "67.46", "2. high": "68.16", "3. low": "67.085", "4. close": "67.78", "5. adjusted close": "67.78", "6. volume": "2599595", "7. dividend amount": "0.0000", "8. split coefficient": "1.0"}, "2025-04-14": {"1. open": "66.56", "2. high": "67.84", "3. low": "66.32", "4. close": "67.4", "5. adjusted close": "67.4", "6. volume": "2674054", "7. dividend amount": "0.0000", "8. split coefficient": "1.0"}, "2025-04-11": {"1. open": "65.18", "2. high": "66.36", "3. low": "64.11", "4. close": "66.11", "5. adjusted close": "66.11", "6. volume": "3452792", "7. dividend amount": "0.0000", "8. split coefficient": "1.0"}, "2025-04-10": {"1. open": "65.25", "2. high": "66.29", "3. low": "63.92", "4. close": "65.6", "5. adjusted close": "65.6", "6. volume": "2815283", "7. dividend amount": "0.0000", "8. split coefficient": "1.0"}, "2025-04-09": {"1. open": "62.22", "2. high": "66.02", "3. low": "60.15", "4. close": "65.59", "5. adjusted close": "65.59", "6. volume": "5157229", "7. dividend amount": "0.0000", "8. split coefficient": "1.0"}, "2025-04-08": {"1. open": "65.84", "2. high": "65.91", "3. low": "62.81", "4. close": "63.34", "5. adjusted close": "63.34", "6. volume": "4069097", "7. dividend amount": "0.0000", "8. split coefficient": "1.0"}, "2025-04-07": {"1. open": "63.09", "2. high": "66.05", "3. low": "62.0", "4. close": "64.16", "5. adjusted close": "64.16", "6. volume": "4221474", "7. dividend amount": "0.0000", "8. split coefficient": "1.0"}, "2025-04-04": {"1. open": "69.29", "2. high": "69.34", "3. low": "65.21", "4. close": "65.51", "5. adjusted close": "65.51", "6. volume": "4202890", "7. dividend amount": "0.0000", "8. split coefficient": "1.0"}, "2025-04-03": {"1. open": "69.18", "2. high": "71.36", "3. low": "69.175", "4. close": "69.6", "5. adjusted close": "69.6", "6. volume": "5569987", "7. dividend amount": "0.0000", "8. split coefficient": "1.0"}, "2025-04-02": {"1. open": "69.15", "2. high": "69.97", "3. low": "68.99", "4. close": "69.39", "5. adjusted close": "69.39", "6. volume": "6049390", "7. dividend amount": "0.0000", "8. split coefficient": "1.0"}, "2025-04-01": {"1. open": "69.01", "2. high": "69.63", "3. low": "68.21", "4. close": "69.27", "5. adjusted close": "69.27", "6. volume": "4524619", "7. dividend amount": "0.0000", "8. split coefficient": "1.0"}, "2025-03-31": {"1. open": "68.73", "2. high": "69.3555", "3. low": "68.04", "4. close": "68.76", "5. adjusted close": "68.76", "6. volume": "4535771", "7. dividend amount": "0.4800", "8. split coefficient": "1.0"}, "2025-03-28": {"1. open": "68.7", "2. high": "68.91", "3. low": "67.86", "4. close": "68.76", "5. adjusted close": "68.2833275563258", "6. volume": "4211887", "7. dividend amount": "0.0000", "8. split coefficient": "1.0"}, "2025-03-27": {"1. open": "68.07", "2. high": "68.79", "3. low": "67.725", "4. close": "67.97", "5. adjusted close": "67.4988041594454", "6. volume": "2031944", "7. dividend amount": "0.0000", "8. split coefficient": "1.0"}, "2025-03-26": {"1. open": "68.21", "2. high": "68.23", "3. low": "67.6", "4. close": "68.18", "5. adjusted close": "67.7073483535529", "6. volume": "2406652", "7. dividend amount": "0.0000", "8. split coefficient": "1.0"}, "2025-03-25": {"1. open": "67.91", "2. high": "68.24", "3. low": "67.14", "4. close": "67.63", "5. adjusted close": "67.1611611785095", "6. volume": "3428764", "7. dividend amount": "0.0000", "8. split coefficient": "1.0"}, "2025-03-24": {"1. open": "66.83", "2. high": "68.54", "3. low": "66.59", "4. close": "68.21", "5. adjusted close": "67.7371403812825", "6. volume": "3141930", "7. dividend amount": "0.0000", "8. split coefficient": "1.0"}, "2025-03-21": {"1. open": "67.41", "2. high": "68.06", "3. low": "66.645", "4. close": "66.85", "5. adjusted close": "66.386568457539", "6. volume": "10422801", "7. dividend amount": "0.0000", "8. split coefficient": "1.0"}, "2025-03-20": {"1. open": "68.16", "2. high": "68.3", "3. low": "67.43", "4. close": "67.71", "5. adjusted close": "67.2406065857885", "6. volume": "3965301", "7. dividend amount": "0.0000", "8. split coefficient": "1.0"}, "2025-03-19": {"1. open": "67.85", "2. high": "68.3", "3. low": "67.21", "4. close": "67.58", "5. adjusted close": "67.1115077989601", "6. volume": "2886190", "7. dividend amount": "0.0000", "8. split coefficient": "1.0"}, "2025-03-18": {"1. open": "68.47", "2. high": "68.99", "3. low": "67.915", "4. close": "68.19", "5. adjusted close": "67.7172790294627", "6. volume": "2888665", "7. dividend amount": "0.0000", "8. split coefficient": "1.0"}, "2025-03-17": {"1. open": "67.4", "2. high": "68.96", "3. low": "67.04", "4. close": "68.75", "5. adjusted close": "68.2733968804159", "6. volume": "3037181", "7. dividend amount": "0.0000", "8. split coefficient": "1.0"}, "2025-03-14": {"1. open": "66.29", "2. high": "67.37", "3. low": "66.27", "4. close": "66.89", "5. adjusted close": "66.4262911611785", "6. volume": "3545589", "7. dividend amount": "0.0000", "8. split coefficient": "1.0"}, "2025-03-13": {"1. open": "66.56", "2. high": "67.2755", "3. low": "65.78", "4. close": "66.36", "5. adjusted close": "65.8999653379549", "6. volume": "3030302", "7. dividend amount": "0.0000", "8. split coefficient": "1.0"}, "2025-03-12": {"1. open": "66.93", "2. high": "67.43", "3. low": "65.77", "4. close": "66.35", "5. adjusted close": "65.890034662045", "6. volume": "3241684", "7. dividend amount": "0.0000", "8. split coefficient": "1.0"}, "2025-03-11": {"1. open": "67.71", "2. high": "68.63", "3. low": "66.46", "4. close": "66.7", "5. adjusted close": "66.2376083188908", "6. volume": "3394773", "7. dividend amount": "0.0000", "8. split coefficient": "1.0"}, "2025-03-10": {"1. open": "67.83", "2. high": "68.82", "3. low": "67.05", "4. close": "67.51", "5. adjusted close": "67.041993067591", "6. volume": "3737989", "7. dividend amount": "0.0000", "8. split coefficient": "1.0"}, "2025-03-07": {"1. open": "68.25", "2. high": "68.47", "3. low": "67.27", "4. close": "67.87", "5. adjusted close": "67.3994974003466", "6. volume": "2195499", "7. dividend amount": "0.0000", "8. split coefficient": "1.0"}, "2025-03-06": {"1. open": "69.89", "2. high": "70.06", "3. low": "67.66", "4. close": "67.69", "5. adjusted close": "67.2207452339688", "6. volume": "2342281", "7. dividend amount": "0.0000", "8. split coefficient": "1.0"}, "2025-03-05": {"1. open": "68.87", "2. high": "70.56", "3. low": "68.76", "4. close": "70.47", "5. adjusted close": "69.9814731369151", "6. volume": "2083155", "7. dividend amount": "0.0000", "8. split coefficient": "1.0"}, "2025-03-04": {"1. open": "70.73", "2. high": "71.04", "3. low": "69.6", "4. close": "69.81", "5. adjusted close": "69.3260485268631", "6. volume": "3463338", "7. dividend amount": "0.0000", "8. split coefficient": "1.0"}, "2025-03-03": {"1. open": "69.35", "2. high": "71.0", "3. low": "69.27", "4. close": "70.36", "5. adjusted close": "69.8722357019064", "6. volume": "2812991", "7. dividend amount": "0.0000", "8. split coefficient": "1.0"}, "2025-02-28": {"1. open": "68.88", "2. high": "69.25", "3. low": "68.2", "4. close": "69.18", "5. adjusted close": "68.7004159445407", "6. volume": "5104060", "7. dividend amount": "0.0000", "8. split coefficient": "1.0"}, "2025-02-27": {"1. open": "68.03", "2. high": "68.985", "3. low": "67.94", "4. close": "68.66", "5. adjusted close": "68.184020797227", "6. volume": "3001598", "7. dividend amount": "0.0000", "8. split coefficient": "1.0"}, "2025-02-26": {"1. open": "68.15", "2. high": "68.98", "3. low": "68.02", "4. close": "68.28", "5. adjusted close": "67.8066551126516", "6. volume": "4011124", "7. dividend amount": "0.0000", "8. split coefficient": "1.0"}, "2025-02-25": {"1. open": "68.0", "2. high": "68.52", "3. low": "67.54", "4. close": "68.15", "5. adjusted close": "67.6775563258232", "6. volume": "4042871", "7. dividend amount": "0.0000", "8. split coefficient": "1.0"}, "2025-02-24": {"1. open": "66.58", "2. high": "68.015", "3. low": "66.15", "4. close": "67.76", "5. adjusted close": "67.290259965338", "6. volume": "3077313", "7. dividend amount": "0.0000", "8. split coefficient": "1.0"}, "2025-02-21": {"1. open": "66.74", "2. high": "66.965", "3. low": "65.7", "4. close": "66.08", "5. adjusted close": "65.6219064124783", "6. volume": "2113929", "7. dividend amount": "0.0000", "8. split coefficient": "1.0"}, "2025-02-20": {"1. open": "66.96", "2. high": "67.38", "3. low": "66.75", "4. close": "66.85", "5. adjusted close": "66.386568457539", "6. volume": "2852705", "7. dividend amount": "0.0000", "8. split coefficient": "1.0"}, "2025-02-19": {"1. open": "66.8", "2. high": "67.37", "3. low": "66.33", "4. close": "66.96", "5. adjusted close": "66.4958058925477", "6. volume": "2705879", "7. dividend amount": "0.0000", "8. split coefficient": "1.0"}, "2025-02-18": {"1. open": "66.57", "2. high": "67.52", "3. low": "66.25", "4. close": "66.77", "5. adjusted close": "66.3071230502599", "6. volume": "3394630", "7. dividend amount": "0.0000", "8. split coefficient": "1.0"}, "2025-02-14": {"1. open": "64.78", "2. high": "66.65", "3. low": "64.48", "4. close": "66.53", "5. adjusted close": "66.0687868284229", "6. volume": "4227465", "7. dividend amount": "0.0000", "8. split coefficient": "1.0"}, "2025-02-13": {"1. open": "60.08", "2. high": "64.96", "3. low": "60.08", "4. close": "64.94", "5. adjusted close": "64.4898093587522", "6. volume": "4469880", "7. dividend amount": "0.0000", "8. split coefficient": "1.0"}, "2025-02-12": {"1. open": "58.79", "2. high": "60.09", "3. low": "58.75", "4. close": "59.94", "5. adjusted close": "59.5244714038128", "6. volume": "3215676", "7. dividend amount": "0.0000", "8. split coefficient": "1.0"}, "2025-02-11": {"1. open": "59.51", "2. high": "59.61", "3. low": "58.72", "4. close": "59.57", "5. adjusted close": "59.1570363951473", "6. volume": "2294483", "7. dividend amount": "0.0000", "8. split coefficient": "1.0"}, "2025-02-10": {"1. open": "60.42", "2. high": "60.42", "3. low": "59.21", "4. close": "59.76", "5. adjusted close": "59.345719237435", "6. volume": "2265904", "7. dividend amount": "0.0000", "8. split coefficient": "1.0"}, "2025-02-07": {"1. open": "60.68", "2. high": "60.86", "3. low": "60.15", "4. close": "60.59", "5. adjusted close": "60.1699653379549", "6. volume": "1383352", "7. dividend amount": "0.0000", "8. split coefficient": "1.0"}, "2025-02-06": {"1. open": "61.27", "2. high": "61.27", "3. low": "60.3", "4. close": "60.53", "5. adjusted close": "60.1103812824957", "6. volume": "1425069", "7. dividend amount": "0.0000", "8. split coefficient": "1.0"}, "2025-02-05": {"1. open": "60.84", "2. high": "61.25", "3. low": "60.25", "4. close": "60.86", "5. adjusted close": "60.4380935875217", "6. volume": "1809281", "7. dividend amount": "0.0000", "8. split coefficient": "1.0"}, "2025-02-04": {"1. open": "60.38", "2. high": "60.87", "3. low": "60.125", "4. close": "60.19", "5. adjusted close": "59.7727383015598", "6. volume": "2058847", "7. dividend amount": "0.0000", "8. split coefficient": "1.0"}, "2025-02-03": {"1. open": "60.2", "2. high": "61.46", "3. low": "59.94", "4. close": "61.36", "5. adjusted close": "60.9346273830156", "6. volume": "2502508", "7. dividend amount": "0.0000", "8. split coefficient": "1.0"}, "2025-01-31": {"1. open": "60.0", "2. high": "60.51", "3. low": "59.86", "4. close": "60.42", "5. adjusted close": "60.001143847487", "6. volume": "3978471", "7. dividend amount": "0.0000", "8. split coefficient": "1.0"}, "2025-01-30": {"1. open": "60.5", "2. high": "60.69", "3. low": "59.675", "4. close": "60.16", "5. adjusted close": "59.7429462738301", "6. volume": "2015824", "7. dividend amount": "0.0000", "8. split coefficient": "1.0"}, "2025-01-29": {"1. open": "60.79", "2. high": "60.99", "3. low": "59.44", "4. close": "59.6", "5. adjusted close": "59.1868284228769", "6. volume": "1599576", "7. dividend amount": "0.0000", "8. split coefficient": "1.0"}, "2025-01-28": {"1. open": "61.69", "2. high": "61.91", "3. low": "60.52", "4. close": "60.83", "5. adjusted close": "60.408301559792", "6. volume": "1729049", "7. dividend amount": "0.0000", "8. split coefficient": "1.0"}, "2025-01-27": {"1. open": "61.18", "2. high": "62.263131", "3. low": "60.95", "4. close": "61.82", "5. adjusted close": "61.39143847487", "6. volume": "3199549", "7. dividend amount": "0.0000", "8. split coefficient": "1.0"}, "2025-01-24": {"1. open": "59.12", "2. high": "60.97", "3. low": "59.0", "4. close": "60.82", "5. adjusted close": "60.3983708838821", "6. volume": "1913340", "7. dividend amount": "0.0000", "8. split coefficient": "1.0"}, "2025-01-23": {"1. open": "58.54", "2. high": "59.595", "3. low": "58.22", "4. close": "59.44", "5. adjusted close": "59.0279376083189", "6. volume": "2440690", "7. dividend amount": "0.0000", "8. split coefficient": "1.0"}, "2025-01-22": {"1. open": "60.27", "2. high": "60.52", "3. low": "58.28", "4. close": "58.36", "5. adjusted close": "57.955424610052", "6. volume": "2713966", "7. dividend amount": "0.0000", "8. split coefficient": "1.0"}, "2025-01-21": {"1. open": "58.9", "2. high": "60.45", "3. low": "58.9", "4. close": "60.29", "5. adjusted close": "59.8720450606586", "6. volume": "2489064", "7. dividend amount": "0.0000", "8. split coefficient": "1.0"}, "2025-01-17": {"1. open": "58.68", "2. high": "58.99", "3. low": "58.35", "4. close": "58.9", "5. adjusted close": "58.4916811091854", "6. volume": "2972960", "7. dividend amount": "0.0000", "8. split coefficient": "1.0"}, "2025-01-16": {"1. open": "58.39", "2. high": "58.65", "3. low": "57.9955", "4. close": "58.36", "5. adjusted close": "57.955424610052", "6. volume": "2044651", "7. dividend amount": "0.0000", "8. split coefficient": "1.0"}, "2025-01-15": {"1. open": "59.41", "2. high": "59.49", "3. low": "57.93", "4. close": "58.05", "5. adjusted close": "57.6475736568457", "6. volume": "2506011", "7. dividend amount": "0.0000", "8. split coefficient": "1.0"}, "2025-01-14": {"1. open": "58.0", "2. high": "58.37", "3. low": "57.7", "4. close": "58.1", "5. adjusted close": "57.6972270363951", "6. volume": "1981171", "7. dividend amount": "0.0000", "8. split coefficient": "1.0"}, "2025-01-13": {"1. open": "57.4", "2. high": "58.05", "3. low": "56.97", "4. close": "58.0", "5. adjusted close": "57.5979202772964", "6. volume": "2335139", "7. dividend amount": "0.0000", "8. split coefficient": "1.0"}, "2025-01-10": {"1. open": "57.61", "2. high": "58.22", "3. low": "56.99", "4. close": "57.39", "5. adjusted close": "56.9921490467938", "6. volume": "2119905", "7. dividend amount": "0.0000", "8. split coefficient": "1.0"}, "2025-01-08": {"1. open": "57.18", "2. high": "58.39", "3. low": "56.91", "4. close": "58.27", "5. adjusted close": "57.8660485268631", "6. volume": "2871602", "7. dividend amount": "0.0000", "8. split coefficient": "1.0"}, "2025-01-07": {"1. open": "57.18", "2. high": "57.585", "3. low": "56.68", "4. close": "57.07", "5. adjusted close": "56.6743674176776", "6. volume": "3067047", "7. dividend amount": "0.0000", "8. split coefficient": "1.0"}, "2025-01-06": {"1. open": "58.14", "2. high": "58.25", "3. low": "56.83", "4. close": "56.9", "5. adjusted close": "56.5055459272097", "6. volume": "2318508", "7. dividend amount": "0.0000", "8. split coefficient": "1.0"}, "2025-01-03": {"1. open": "57.95", "2. high": "58.556", "3. low": "57.74", "4. close": "58.31", "5. adjusted close": "57.9057712305026", "6. volume": "2916476", "7. dividend amount": "0.0000", "8. split coefficient": "1.0"}, "2025-01-02": {"1. open": "58.71", "2. high": "59.02", "3. low": "57.775", "4. close": "57.96", "5. adjusted close": "57.5581975736568", "6. volume": "2958142", "7. dividend amount": "0.0000", "8. split coefficient": "1.0"}, "2024-12-31": {"1. open": "58.67", "2. high": "58.95", "3. low": "58.26", "4. close": "58.89", "5. adjusted close": "58.4817504332756", "6. volume": "2308071", "7. dividend amount": "0.4500", "8. split coefficient": "1.0"}, "2024-12-30": {"1. open": "58.64", "2. high": "58.88", "3. low": "57.97", "4. close": "58.51", "5. adjusted close": "57.6637549351357", "6. volume": "2007983", "7. dividend amount": "0.0000", "8. split coefficient": "1.0"}, "2024-12-27": {"1. open": "59.04", "2. high": "59.65", "3. low": "58.58", "4. close": "58.89", "5. adjusted close": "58.0382588981395", "6. volume": "3226412", "7. dividend amount": "0.0000", "8. split coefficient": "1.0"}, "2024-12-26": {"1. open": "59.18", "2. high": "59.615", "3. low": "59.02", "4. close": "59.38", "5. adjusted close": "58.5211719030654", "6. volume": "1953682", "7. dividend amount": "0.0000", "8. split coefficient": "1.0"}, "2024-12-24": {"1. open": "58.71", "2. high": "59.3", "3. low": "58.665", "4. close": "59.27", "5. adjusted close": "58.4127628611433", "6. volume": "762455", "7. dividend amount": "0.0000", "8. split coefficient": "1.0"}, "2024-12-23": {"1. open": "58.68", "2. high": "59.11", "3. low": "58.28", "4. close": "58.93", "5. adjusted close": "58.0776803679294", "6. volume": "2936583", "7. dividend amount": "0.0000", "8. split coefficient": "1.0"}, "2024-12-20": {"1. open": "58.59", "2. high": "59.33", "3. low": "57.95", "4. close": "58.76", "5. adjusted close": "57.9101391213224", "6. volume": "11491486", "7. dividend amount": "0.0000", "8. split coefficient": "1.0"}, "2024-12-19": {"1. open": "58.82", "2. high": "59.66", "3. low": "57.62", "4. close": "57.73", "5. adjusted close": "56.8950362742332", "6. volume": "4330451", "7. dividend amount": "0.0000", "8. split coefficient": "1.0"}, "2024-12-18": {"1. open": "60.0", "2. high": "60.73", "3. low": "58.65", "4. close": "58.7", "5. adjusted close": "57.8510069166376", "6. volume": "2688971", "7. dividend amount": "0.0000", "8. split coefficient": "1.0"}, "2024-12-17": {"1. open": "59.24", "2. high": "60.7", "3. low": "59.04", "4. close": "60.22", "5. adjusted close": "59.3490227686527", "6. volume": "4807163", "7. dividend amount": "0.0000", "8. split coefficient": "1.0"}, "2024-12-16": {"1. open": "60.09", "2. high": "60.47", "3. low": "59.41", "4. close": "59.48", "5. adjusted close": "58.6197255775401", "6. volume": "3415383", "7. dividend amount": "0.0000", "8. split coefficient": "1.0"}, "2024-12-13": {"1. open": "60.01", "2. high": "60.3", "3. low": "59.62", "4. close": "59.91", "5. adjusted close": "59.0435063777812", "6. volume": "2556665", "7. dividend amount": "0.0000", "8. split coefficient": "1.0"}, "2024-12-12": {"1. open": "60.69", "2. high": "61.21", "3. low": "60.01", "4. close": "60.04", "5. adjusted close": "59.1716261545983", "6. volume": "1699571", "7. dividend amount": "0.0000", "8. split coefficient": "1.0"}, "2024-12-11": {"1. open": "61.17", "2. high": "61.34", "3. low": "60.08", "4. close": "60.72", "5. adjusted close": "59.8417911410261", "6. volume": "2464292", "7. dividend amount": "0.0000", "8. split coefficient": "1.0"}, "2024-12-10": {"1. open": "61.04", "2. high": "61.615", "3. low": "60.47", "4. close": "61.15", "5. adjusted close": "60.2655719412673", "6. volume": "1980638", "7. dividend amount": "0.0000", "8. split coefficient": "1.0"}, "2024-12-09": {"1. open": "61.54", "2. high": "61.66", "3. low": "60.675", "4. close": "61.06", "5. adjusted close": "60.1768736342401", "6. volume": "2844402", "7. dividend amount": "0.0000", "8. split coefficient": "1.0"}, "2024-12-06": {"1. open": "62.25", "2. high": "62.285", "3. low": "61.36", "4. close": "61.65", "5. adjusted close": "60.7583403136407", "6. volume": "2004671", "7. dividend amount": "0.0000", "8. split coefficient": "1.0"}, "2024-12-05": {"1. open": "61.89", "2. high": "62.275", "3. low": "61.58", "4. close": "62.13", "5. adjusted close": "61.2313979511191", "6. volume": "2094937", "7. dividend amount": "0.0000", "8. split coefficient": "1.0"}, "2024-12-04": {"1. open": "62.97", "2. high": "62.97", "3. low": "61.9", "4. close": "62.13", "5. adjusted close": "61.2313979511191", "6. volume": "2224753", "7. dividend amount": "0.0000", "8. split coefficient": "1.0"}, "2024-12-03": {"1. open": "62.42", "2. high": "63.25", "3. low": "62.25", "4. close": "62.77", "5. adjusted close": "61.8621414677571", "6. volume": "2168282", "7. dividend amount": "0.0000", "8. split coefficient": "1.0"}, "2024-12-02": {"1. open": "63.62", "2. high": "63.84", "3. low": "61.73", "4. close": "62.26", "5. adjusted close": "61.3595177279362", "6. volume": "2987700", "7. dividend amount": "0.0000", "8. split coefficient": "1.0"}, "2024-11-29": {"1. open": "64.64", "2. high": "64.9", "3. low": "64.05", "4. close": "64.07", "5. adjusted close": "63.1433392359279", "6. volume": "1870159", "7. dividend amount": "0.0000", "8. split coefficient": "1.0"}, "2024-11-27": {"1. open": "64.57", "2. high": "65.24", "3. low": "64.49", "4. close": "64.54", "5. adjusted close": "63.606541505959", "6. volume": "2124294", "7. dividend amount": "0.0000", "8. split coefficient": "1.0"}, "2024-11-26": {"1. open": "63.325", "2. high": "64.28", "3. low": "63.1", "4. close": "64.25", "5. adjusted close": "63.3207358499824", "6. volume": "3710881", "7. dividend amount": "0.0000", "8. split coefficient": "1.0"}, "2024-11-25": {"1. open": "63.6", "2. high": "64.08", "3. low": "63.09", "4. close": "63.2", "5. adjusted close": "62.2859222679982", "6. volume": "3474671", "7. dividend amount": "0.0000", "8. split coefficient": "1.0"}}}