{"Meta Data": {"1. Information": "Daily Time Series with Splits and Dividend Events", "2. Symbol": "BALL", "3. Last Refreshed": "2025-04-22", "4. Output Size": "Compact", "5. Time Zone": "US/Eastern"}, "Time Series (Daily)": {"2025-04-22": {"1. open": "47.87", "2. high": "48.71", "3. low": "47.47", "4. close": "48.37", "5. adjusted close": "48.37", "6. volume": "2511201", "7. dividend amount": "0.0000", "8. split coefficient": "1.0"}, "2025-04-21": {"1. open": "46.99", "2. high": "47.4", "3. low": "46.71", "4. close": "47.3", "5. adjusted close": "47.3", "6. volume": "2360034", "7. dividend amount": "0.0000", "8. split coefficient": "1.0"}, "2025-04-17": {"1. open": "47.06", "2. high": "47.82", "3. low": "46.93", "4. close": "47.38", "5. adjusted close": "47.38", "6. volume": "5596373", "7. dividend amount": "0.0000", "8. split coefficient": "1.0"}, "2025-04-16": {"1. open": "48.08", "2. high": "48.0803", "3. low": "46.805", "4. close": "47.07", "5. adjusted close": "47.07", "6. volume": "1117724", "7. dividend amount": "0.0000", "8. split coefficient": "1.0"}, "2025-04-15": {"1. open": "48.44", "2. high": "48.85", "3. low": "47.54", "4. close": "47.6", "5. adjusted close": "47.6", "6. volume": "1476453", "7. dividend amount": "0.0000", "8. split coefficient": "1.0"}, "2025-04-14": {"1. open": "48.69", "2. high": "48.93", "3. low": "48.15", "4. close": "48.8", "5. adjusted close": "48.8", "6. volume": "1813227", "7. dividend amount": "0.0000", "8. split coefficient": "1.0"}, "2025-04-11": {"1. open": "45.8", "2. high": "48.477", "3. low": "45.54", "4. close": "48.09", "5. adjusted close": "48.09", "6. volume": "3255243", "7. dividend amount": "0.0000", "8. split coefficient": "1.0"}, "2025-04-10": {"1. open": "46.31", "2. high": "46.68", "3. low": "44.7553", "4. close": "45.96", "5. adjusted close": "45.96", "6. volume": "3882426", "7. dividend amount": "0.0000", "8. split coefficient": "1.0"}, "2025-04-09": {"1. open": "44.65", "2. high": "47.13", "3. low": "43.51", "4. close": "46.68", "5. adjusted close": "46.68", "6. volume": "7981425", "7. dividend amount": "0.0000", "8. split coefficient": "1.0"}, "2025-04-08": {"1. open": "47.88", "2. high": "48.14", "3. low": "44.35", "4. close": "44.94", "5. adjusted close": "44.94", "6. volume": "4049582", "7. dividend amount": "0.0000", "8. split coefficient": "1.0"}, "2025-04-07": {"1. open": "47.11", "2. high": "48.96", "3. low": "46.14", "4. close": "47.17", "5. adjusted close": "47.17", "6. volume": "3945771", "7. dividend amount": "0.0000", "8. split coefficient": "1.0"}, "2025-04-04": {"1. open": "49.905", "2. high": "50.098", "3. low": "48.51", "4. close": "48.6", "5. adjusted close": "48.6", "6. volume": "2745917", "7. dividend amount": "0.0000", "8. split coefficient": "1.0"}, "2025-04-03": {"1. open": "50.325", "2. high": "51.16", "3. low": "50.045", "4. close": "50.5", "5. adjusted close": "50.5", "6. volume": "2244154", "7. dividend amount": "0.0000", "8. split coefficient": "1.0"}, "2025-04-02": {"1. open": "51.86", "2. high": "52.355", "3. low": "51.58", "4. close": "52.31", "5. adjusted close": "52.31", "6. volume": "2026448", "7. dividend amount": "0.0000", "8. split coefficient": "1.0"}, "2025-04-01": {"1. open": "52.07", "2. high": "52.48", "3. low": "51.79", "4. close": "52.4", "5. adjusted close": "52.4", "6. volume": "1839209", "7. dividend amount": "0.0000", "8. split coefficient": "1.0"}, "2025-03-31": {"1. open": "51.24", "2. high": "52.25", "3. low": "51.06", "4. close": "52.07", "5. adjusted close": "52.07", "6. volume": "2322117", "7. dividend amount": "0.0000", "8. split coefficient": "1.0"}, "2025-03-28": {"1. open": "51.98", "2. high": "52.19", "3. low": "51.18", "4. close": "51.46", "5. adjusted close": "51.46", "6. volume": "1765819", "7. dividend amount": "0.0000", "8. split coefficient": "1.0"}, "2025-03-27": {"1. open": "51.44", "2. high": "52.225", "3. low": "51.15", "4. close": "52.06", "5. adjusted close": "52.06", "6. volume": "1743922", "7. dividend amount": "0.0000", "8. split coefficient": "1.0"}, "2025-03-26": {"1. open": "50.46", "2. high": "51.36", "3. low": "50.3", "4. close": "51.31", "5. adjusted close": "51.31", "6. volume": "1970429", "7. dividend amount": "0.0000", "8. split coefficient": "1.0"}, "2025-03-25": {"1. open": "50.91", "2. high": "51.22", "3. low": "50.06", "4. close": "50.38", "5. adjusted close": "50.38", "6. volume": "2474347", "7. dividend amount": "0.0000", "8. split coefficient": "1.0"}, "2025-03-24": {"1. open": "50.85", "2. high": "51.28", "3. low": "49.97", "4. close": "50.78", "5. adjusted close": "50.78", "6. volume": "2569068", "7. dividend amount": "0.0000", "8. split coefficient": "1.0"}, "2025-03-21": {"1. open": "51.02", "2. high": "51.185", "3. low": "50.34", "4. close": "50.69", "5. adjusted close": "50.69", "6. volume": "4067923", "7. dividend amount": "0.0000", "8. split coefficient": "1.0"}, "2025-03-20": {"1. open": "51.62", "2. high": "52.105", "3. low": "51.44", "4. close": "51.57", "5. adjusted close": "51.57", "6. volume": "3432860", "7. dividend amount": "0.0000", "8. split coefficient": "1.0"}, "2025-03-19": {"1. open": "51.81", "2. high": "52.115", "3. low": "51.28", "4. close": "51.84", "5. adjusted close": "51.84", "6. volume": "2589976", "7. dividend amount": "0.0000", "8. split coefficient": "1.0"}, "2025-03-18": {"1. open": "52.15", "2. high": "52.43", "3. low": "51.44", "4. close": "51.9", "5. adjusted close": "51.9", "6. volume": "3082951", "7. dividend amount": "0.0000", "8. split coefficient": "1.0"}, "2025-03-17": {"1. open": "52.01", "2. high": "52.915", "3. low": "51.83", "4. close": "52.28", "5. adjusted close": "52.28", "6. volume": "1545658", "7. dividend amount": "0.0000", "8. split coefficient": "1.0"}, "2025-03-14": {"1. open": "51.39", "2. high": "51.935", "3. low": "51.09", "4. close": "51.89", "5. adjusted close": "51.89", "6. volume": "1773243", "7. dividend amount": "0.0000", "8. split coefficient": "1.0"}, "2025-03-13": {"1. open": "51.5", "2. high": "52.04", "3. low": "50.75", "4. close": "50.97", "5. adjusted close": "50.97", "6. volume": "1854610", "7. dividend amount": "0.0000", "8. split coefficient": "1.0"}, "2025-03-12": {"1. open": "51.88", "2. high": "52.0", "3. low": "50.85", "4. close": "51.27", "5. adjusted close": "51.27", "6. volume": "2070377", "7. dividend amount": "0.0000", "8. split coefficient": "1.0"}, "2025-03-11": {"1. open": "54.07", "2. high": "54.15", "3. low": "52.06", "4. close": "52.31", "5. adjusted close": "52.31", "6. volume": "2739796", "7. dividend amount": "0.0000", "8. split coefficient": "1.0"}, "2025-03-10": {"1. open": "54.0", "2. high": "55.3", "3. low": "53.77", "4. close": "53.97", "5. adjusted close": "53.97", "6. volume": "2232623", "7. dividend amount": "0.0000", "8. split coefficient": "1.0"}, "2025-03-07": {"1. open": "52.18", "2. high": "54.49", "3. low": "51.9201", "4. close": "54.26", "5. adjusted close": "54.26", "6. volume": "2330469", "7. dividend amount": "0.0000", "8. split coefficient": "1.0"}, "2025-03-06": {"1. open": "51.52", "2. high": "52.205", "3. low": "51.09", "4. close": "52.18", "5. adjusted close": "52.18", "6. volume": "2346393", "7. dividend amount": "0.0000", "8. split coefficient": "1.0"}, "2025-03-05": {"1. open": "51.35", "2. high": "52.15", "3. low": "51.1", "4. close": "51.87", "5. adjusted close": "51.87", "6. volume": "2418101", "7. dividend amount": "0.0000", "8. split coefficient": "1.0"}, "2025-03-04": {"1. open": "52.29", "2. high": "52.66", "3. low": "50.99", "4. close": "51.03", "5. adjusted close": "51.03", "6. volume": "3429006", "7. dividend amount": "0.0000", "8. split coefficient": "1.0"}, "2025-03-03": {"1. open": "52.52", "2. high": "53.24", "3. low": "51.81", "4. close": "52.14", "5. adjusted close": "52.14", "6. volume": "2940667", "7. dividend amount": "0.2000", "8. split coefficient": "1.0"}, "2025-02-28": {"1. open": "52.11", "2. high": "52.87", "3. low": "52.04", "4. close": "52.69", "5. adjusted close": "52.4886625907528", "6. volume": "3631435", "7. dividend amount": "0.0000", "8. split coefficient": "1.0"}, "2025-02-27": {"1. open": "51.57", "2. high": "52.44", "3. low": "51.535", "4. close": "52.06", "5. adjusted close": "51.8610699273978", "6. volume": "2330062", "7. dividend amount": "0.0000", "8. split coefficient": "1.0"}, "2025-02-26": {"1. open": "51.73", "2. high": "52.115", "3. low": "51.37", "4. close": "51.99", "5. adjusted close": "51.7913374092472", "6. volume": "2315065", "7. dividend amount": "0.0000", "8. split coefficient": "1.0"}, "2025-02-25": {"1. open": "50.95", "2. high": "51.63", "3. low": "50.72", "4. close": "51.59", "5. adjusted close": "51.3928658769583", "6. volume": "2415517", "7. dividend amount": "0.0000", "8. split coefficient": "1.0"}, "2025-02-24": {"1. open": "51.43", "2. high": "51.65", "3. low": "50.695", "4. close": "50.78", "5. adjusted close": "50.5859610240734", "6. volume": "2053389", "7. dividend amount": "0.0000", "8. split coefficient": "1.0"}, "2025-02-21": {"1. open": "50.58", "2. high": "51.5098", "3. low": "50.31", "4. close": "51.35", "5. adjusted close": "51.153782957585", "6. volume": "3493194", "7. dividend amount": "0.0000", "8. split coefficient": "1.0"}, "2025-02-20": {"1. open": "49.31", "2. high": "50.575", "3. low": "49.215", "4. close": "50.45", "5. adjusted close": "50.257222009935", "6. volume": "3205361", "7. dividend amount": "0.0000", "8. split coefficient": "1.0"}, "2025-02-19": {"1. open": "49.46", "2. high": "49.63", "3. low": "48.95", "4. close": "49.04", "5. adjusted close": "48.8526098586167", "6. volume": "2775601", "7. dividend amount": "0.0000", "8. split coefficient": "1.0"}, "2025-02-18": {"1. open": "49.83", "2. high": "50.13", "3. low": "49.34", "4. close": "49.85", "5. adjusted close": "49.6595147115017", "6. volume": "2685517", "7. dividend amount": "0.0000", "8. split coefficient": "1.0"}, "2025-02-14": {"1. open": "49.57", "2. high": "50.48", "3. low": "49.52", "4. close": "49.85", "5. adjusted close": "49.6595147115017", "6. volume": "2816069", "7. dividend amount": "0.0000", "8. split coefficient": "1.0"}, "2025-02-13": {"1. open": "49.93", "2. high": "50.0", "3. low": "49.0", "4. close": "49.33", "5. adjusted close": "49.1415017195262", "6. volume": "3158334", "7. dividend amount": "0.0000", "8. split coefficient": "1.0"}, "2025-02-12": {"1. open": "49.25", "2. high": "49.95", "3. low": "49.03", "4. close": "49.58", "5. adjusted close": "49.3905464272067", "6. volume": "3584299", "7. dividend amount": "0.0000", "8. split coefficient": "1.0"}, "2025-02-11": {"1. open": "50.0", "2. high": "50.76", "3. low": "50.0", "4. close": "50.36", "5. adjusted close": "50.16756591517", "6. volume": "2679054", "7. dividend amount": "0.0000", "8. split coefficient": "1.0"}, "2025-02-10": {"1. open": "50.91", "2. high": "50.91", "3. low": "50.23", "4. close": "50.35", "5. adjusted close": "50.1576041268628", "6. volume": "2928525", "7. dividend amount": "0.0000", "8. split coefficient": "1.0"}, "2025-02-07": {"1. open": "51.19", "2. high": "51.45", "3. low": "50.44", "4. close": "50.47", "5. adjusted close": "50.2771455865495", "6. volume": "2530303", "7. dividend amount": "0.0000", "8. split coefficient": "1.0"}, "2025-02-06": {"1. open": "52.5", "2. high": "52.54", "3. low": "50.76", "4. close": "51.27", "5. adjusted close": "51.0740886511272", "6. volume": "3024073", "7. dividend amount": "0.0000", "8. split coefficient": "1.0"}, "2025-02-05": {"1. open": "52.53", "2. high": "52.685", "3. low": "51.07", "4. close": "51.19", "5. adjusted close": "50.9943943446695", "6. volume": "3912297", "7. dividend amount": "0.0000", "8. split coefficient": "1.0"}, "2025-02-04": {"1. open": "52.08", "2. high": "52.675", "3. low": "50.81", "4. close": "51.84", "5. adjusted close": "51.6419105846389", "6. volume": "6592739", "7. dividend amount": "0.0000", "8. split coefficient": "1.0"}, "2025-02-03": {"1. open": "54.58", "2. high": "55.84", "3. low": "54.46", "4. close": "55.68", "5. adjusted close": "55.4672372946121", "6. volume": "3449731", "7. dividend amount": "0.0000", "8. split coefficient": "1.0"}, "2025-01-31": {"1. open": "55.95", "2. high": "56.57", "3. low": "55.54", "4. close": "55.7", "5. adjusted close": "55.4871608712266", "6. volume": "2366534", "7. dividend amount": "0.0000", "8. split coefficient": "1.0"}, "2025-01-30": {"1. open": "56.96", "2. high": "57.02", "3. low": "55.79", "4. close": "56.04", "5. adjusted close": "55.8258616736721", "6. volume": "3694433", "7. dividend amount": "0.0000", "8. split coefficient": "1.0"}, "2025-01-29": {"1. open": "55.56", "2. high": "56.185", "3. low": "55.28", "4. close": "55.33", "5. adjusted close": "55.1185747038594", "6. volume": "1995275", "7. dividend amount": "0.0000", "8. split coefficient": "1.0"}, "2025-01-28": {"1. open": "56.2", "2. high": "56.62", "3. low": "55.52", "4. close": "55.59", "5. adjusted close": "55.3775811998471", "6. volume": "1854946", "7. dividend amount": "0.0000", "8. split coefficient": "1.0"}, "2025-01-27": {"1. open": "55.48", "2. high": "56.7", "3. low": "55.08", "4. close": "56.53", "5. adjusted close": "56.313989300726", "6. volume": "2072533", "7. dividend amount": "0.0000", "8. split coefficient": "1.0"}, "2025-01-24": {"1. open": "55.49", "2. high": "55.85", "3. low": "54.94", "4. close": "55.0", "5. adjusted close": "54.7898356897211", "6. volume": "1456006", "7. dividend amount": "0.0000", "8. split coefficient": "1.0"}, "2025-01-23": {"1. open": "54.49", "2. high": "55.24", "3. low": "54.2", "4. close": "55.18", "5. adjusted close": "54.969147879251", "6. volume": "2334066", "7. dividend amount": "0.0000", "8. split coefficient": "1.0"}, "2025-01-22": {"1. open": "54.8", "2. high": "54.87", "3. low": "54.27", "4. close": "54.33", "5. adjusted close": "54.1223958731372", "6. volume": "2695265", "7. dividend amount": "0.0000", "8. split coefficient": "1.0"}, "2025-01-21": {"1. open": "54.5", "2. high": "55.4", "3. low": "54.37", "4. close": "55.04", "5. adjusted close": "54.8296828429499", "6. volume": "2113032", "7. dividend amount": "0.0000", "8. split coefficient": "1.0"}, "2025-01-17": {"1. open": "54.69", "2. high": "54.875", "3. low": "54.27", "4. close": "54.29", "5. adjusted close": "54.0825487199083", "6. volume": "2119755", "7. dividend amount": "0.0000", "8. split coefficient": "1.0"}, "2025-01-16": {"1. open": "53.42", "2. high": "54.42", "3. low": "53.08", "4. close": "54.25", "5. adjusted close": "54.0427015666794", "6. volume": "2161941", "7. dividend amount": "0.0000", "8. split coefficient": "1.0"}, "2025-01-15": {"1. open": "54.89", "2. high": "55.66", "3. low": "54.04", "4. close": "54.26", "5. adjusted close": "54.0526633549866", "6. volume": "2822866", "7. dividend amount": "0.0000", "8. split coefficient": "1.0"}, "2025-01-14": {"1. open": "53.44", "2. high": "54.4", "3. low": "53.34", "4. close": "54.38", "5. adjusted close": "54.1722048146733", "6. volume": "2272364", "7. dividend amount": "0.0000", "8. split coefficient": "1.0"}, "2025-01-13": {"1. open": "52.07", "2. high": "53.46", "3. low": "52.002", "4. close": "53.25", "5. adjusted close": "53.0465227359572", "6. volume": "3116102", "7. dividend amount": "0.0000", "8. split coefficient": "1.0"}, "2025-01-10": {"1. open": "52.72", "2. high": "53.12", "3. low": "51.96", "4. close": "52.01", "5. adjusted close": "51.8112609858617", "6. volume": "3735955", "7. dividend amount": "0.0000", "8. split coefficient": "1.0"}, "2025-01-08": {"1. open": "53.37", "2. high": "53.64", "3. low": "52.97", "4. close": "53.46", "5. adjusted close": "53.2557202904089", "6. volume": "1947363", "7. dividend amount": "0.0000", "8. split coefficient": "1.0"}, "2025-01-07": {"1. open": "54.26", "2. high": "54.9", "3. low": "53.5551", "4. close": "53.69", "5. adjusted close": "53.484841421475", "6. volume": "2203120", "7. dividend amount": "0.0000", "8. split coefficient": "1.0"}, "2025-01-06": {"1. open": "54.23", "2. high": "55.295", "3. low": "53.94", "4. close": "54.02", "5. adjusted close": "53.8135804356133", "6. volume": "2685667", "7. dividend amount": "0.0000", "8. split coefficient": "1.0"}, "2025-01-03": {"1. open": "54.44", "2. high": "54.605", "3. low": "53.855", "4. close": "54.03", "5. adjusted close": "53.8235422239205", "6. volume": "2221810", "7. dividend amount": "0.0000", "8. split coefficient": "1.0"}, "2025-01-02": {"1. open": "55.71", "2. high": "55.885", "3. low": "54.36", "4. close": "54.44", "5. adjusted close": "54.2319755445166", "6. volume": "2020398", "7. dividend amount": "0.0000", "8. split coefficient": "1.0"}, "2024-12-31": {"1. open": "55.21", "2. high": "55.47", "3. low": "54.76", "4. close": "55.13", "5. adjusted close": "54.9193389377149", "6. volume": "921810", "7. dividend amount": "0.0000", "8. split coefficient": "1.0"}, "2024-12-30": {"1. open": "55.48", "2. high": "55.6539", "3. low": "54.87", "4. close": "54.99", "5. adjusted close": "54.7798739014138", "6. volume": "1285730", "7. dividend amount": "0.0000", "8. split coefficient": "1.0"}, "2024-12-27": {"1. open": "55.89", "2. high": "56.553", "3. low": "55.65", "4. close": "55.83", "5. adjusted close": "55.6166641192205", "6. volume": "1414078", "7. dividend amount": "0.0000", "8. split coefficient": "1.0"}, "2024-12-26": {"1. open": "55.66", "2. high": "56.495", "3. low": "55.66", "4. close": "56.19", "5. adjusted close": "55.9752884982805", "6. volume": "1018410", "7. dividend amount": "0.0000", "8. split coefficient": "1.0"}, "2024-12-24": {"1. open": "55.59", "2. high": "56.18", "3. low": "55.59", "4. close": "56.16", "5. adjusted close": "55.9454031333588", "6. volume": "696346", "7. dividend amount": "0.0000", "8. split coefficient": "1.0"}, "2024-12-23": {"1. open": "55.42", "2. high": "55.94", "3. low": "55.38", "4. close": "55.72", "5. adjusted close": "55.507084447841", "6. volume": "2122798", "7. dividend amount": "0.0000", "8. split coefficient": "1.0"}, "2024-12-20": {"1. open": "55.24", "2. high": "56.45", "3. low": "55.06", "4. close": "55.8", "5. adjusted close": "55.5867787542988", "6. volume": "6714058", "7. dividend amount": "0.0000", "8. split coefficient": "1.0"}, "2024-12-19": {"1. open": "55.5", "2. high": "56.51", "3. low": "55.14", "4. close": "55.36", "5. adjusted close": "55.148460068781", "6. volume": "2357313", "7. dividend amount": "0.0000", "8. split coefficient": "1.0"}, "2024-12-18": {"1. open": "57.39", "2. high": "57.935", "3. low": "55.52", "4. close": "55.61", "5. adjusted close": "55.3975047764616", "6. volume": "2183290", "7. dividend amount": "0.0000", "8. split coefficient": "1.0"}, "2024-12-17": {"1. open": "57.34", "2. high": "58.14", "3. low": "57.32", "4. close": "57.75", "5. adjusted close": "57.5293274742071", "6. volume": "1813349", "7. dividend amount": "0.0000", "8. split coefficient": "1.0"}, "2024-12-16": {"1. open": "58.26", "2. high": "58.9425", "3. low": "57.695", "4. close": "57.83", "5. adjusted close": "57.6090217806649", "6. volume": "2198549", "7. dividend amount": "0.0000", "8. split coefficient": "1.0"}, "2024-12-13": {"1. open": "57.72", "2. high": "58.365", "3. low": "57.625", "4. close": "58.24", "5. adjusted close": "58.017455101261", "6. volume": "1737157", "7. dividend amount": "0.0000", "8. split coefficient": "1.0"}, "2024-12-12": {"1. open": "57.27", "2. high": "58.555", "3. low": "57.19", "4. close": "57.99", "5. adjusted close": "57.7684103935804", "6. volume": "2363789", "7. dividend amount": "0.0000", "8. split coefficient": "1.0"}, "2024-12-11": {"1. open": "57.33", "2. high": "57.5", "3. low": "56.57", "4. close": "57.41", "5. adjusted close": "57.1906266717615", "6. volume": "2493072", "7. dividend amount": "0.0000", "8. split coefficient": "1.0"}, "2024-12-10": {"1. open": "58.75", "2. high": "58.75", "3. low": "56.9", "4. close": "57.08", "5. adjusted close": "56.8618876576232", "6. volume": "2830170", "7. dividend amount": "0.0000", "8. split coefficient": "1.0"}, "2024-12-09": {"1. open": "57.14", "2. high": "58.28", "3. low": "56.925", "4. close": "57.67", "5. adjusted close": "57.4496331677493", "6. volume": "2726796", "7. dividend amount": "0.0000", "8. split coefficient": "1.0"}, "2024-12-06": {"1. open": "58.02", "2. high": "58.18", "3. low": "57.07", "4. close": "57.11", "5. adjusted close": "56.8917730225449", "6. volume": "2990899", "7. dividend amount": "0.0000", "8. split coefficient": "1.0"}, "2024-12-05": {"1. open": "60.67", "2. high": "60.71", "3. low": "56.43", "4. close": "57.55", "5. adjusted close": "57.3300917080627", "6. volume": "5253378", "7. dividend amount": "0.0000", "8. split coefficient": "1.0"}, "2024-12-04": {"1. open": "62.02", "2. high": "62.065", "3. low": "60.98", "4. close": "61.06", "5. adjusted close": "60.8266794038976", "6. volume": "2167157", "7. dividend amount": "0.0000", "8. split coefficient": "1.0"}, "2024-12-03": {"1. open": "62.7", "2. high": "62.89", "3. low": "62.0035", "4. close": "62.15", "5. adjusted close": "61.9125143293848", "6. volume": "1797563", "7. dividend amount": "0.0000", "8. split coefficient": "1.0"}, "2024-12-02": {"1. open": "61.89", "2. high": "62.96", "3. low": "61.3", "4. close": "62.83", "5. adjusted close": "62.5899159342759", "6. volume": "2025579", "7. dividend amount": "0.2000", "8. split coefficient": "1.0"}, "2024-11-29": {"1. open": "62.51", "2. high": "62.91", "3. low": "61.88", "4. close": "62.16", "5. adjusted close": "61.7259903930603", "6. volume": "820125", "7. dividend amount": "0.0000", "8. split coefficient": "1.0"}, "2024-11-27": {"1. open": "62.86", "2. high": "63.35", "3. low": "62.22", "4. close": "62.6", "5. adjusted close": "62.1629182529854", "6. volume": "1667389", "7. dividend amount": "0.0000", "8. split coefficient": "1.0"}, "2024-11-26": {"1. open": "62.44", "2. high": "62.51", "3. low": "61.85", "4. close": "62.37", "5. adjusted close": "61.9345241443882", "6. volume": "1169375", "7. dividend amount": "0.0000", "8. split coefficient": "1.0"}, "2024-11-25": {"1. open": "62.43", "2. high": "62.87", "3. low": "62.17", "4. close": "62.46", "5. adjusted close": "62.0238957521001", "6. volume": "2565430", "7. dividend amount": "0.0000", "8. split coefficient": "1.0"}}}