{"Meta Data": {"1. Information": "Daily Time Series with Splits and Dividend Events", "2. Symbol": "CMS", "3. Last Refreshed": "2025-04-22", "4. Output Size": "Compact", "5. Time Zone": "US/Eastern"}, "Time Series (Daily)": {"2025-04-22": {"1. open": "72.64", "2. high": "73.825", "3. low": "72.465", "4. close": "73.7", "5. adjusted close": "73.7", "6. volume": "3842807", "7. dividend amount": "0.0000", "8. split coefficient": "1.0"}, "2025-04-21": {"1. open": "72.74", "2. high": "73.09", "3. low": "71.47", "4. close": "72.1", "5. adjusted close": "72.1", "6. volume": "3544071", "7. dividend amount": "0.0000", "8. split coefficient": "1.0"}, "2025-04-17": {"1. open": "72.62", "2. high": "73.96", "3. low": "72.27", "4. close": "72.91", "5. adjusted close": "72.91", "6. volume": "2186695", "7. dividend amount": "0.0000", "8. split coefficient": "1.0"}, "2025-04-16": {"1. open": "73.29", "2. high": "73.43", "3. low": "71.86", "4. close": "72.17", "5. adjusted close": "72.17", "6. volume": "1811099", "7. dividend amount": "0.0000", "8. split coefficient": "1.0"}, "2025-04-15": {"1. open": "73.67", "2. high": "73.98", "3. low": "72.68", "4. close": "72.71", "5. adjusted close": "72.71", "6. volume": "2686000", "7. dividend amount": "0.0000", "8. split coefficient": "1.0"}, "2025-04-14": {"1. open": "72.0", "2. high": "73.75", "3. low": "71.6", "4. close": "73.53", "5. adjusted close": "73.53", "6. volume": "2175098", "7. dividend amount": "0.0000", "8. split coefficient": "1.0"}, "2025-04-11": {"1. open": "71.47", "2. high": "72.29", "3. low": "69.7", "4. close": "71.82", "5. adjusted close": "71.82", "6. volume": "3467122", "7. dividend amount": "0.0000", "8. split coefficient": "1.0"}, "2025-04-10": {"1. open": "71.13", "2. high": "72.2", "3. low": "70.02", "4. close": "71.55", "5. adjusted close": "71.55", "6. volume": "2777170", "7. dividend amount": "0.0000", "8. split coefficient": "1.0"}, "2025-04-09": {"1. open": "69.75", "2. high": "71.935", "3. low": "68.15", "4. close": "71.13", "5. adjusted close": "71.13", "6. volume": "4262295", "7. dividend amount": "0.0000", "8. split coefficient": "1.0"}, "2025-04-08": {"1. open": "71.79", "2. high": "72.46", "3. low": "69.45", "4. close": "70.19", "5. adjusted close": "70.19", "6. volume": "2986803", "7. dividend amount": "0.0000", "8. split coefficient": "1.0"}, "2025-04-07": {"1. open": "71.66", "2. high": "72.905", "3. low": "70.5", "4. close": "70.94", "5. adjusted close": "70.94", "6. volume": "4384738", "7. dividend amount": "0.0000", "8. split coefficient": "1.0"}, "2025-04-04": {"1. open": "76.38", "2. high": "76.38", "3. low": "72.385", "4. close": "72.69", "5. adjusted close": "72.69", "6. volume": "4395193", "7. dividend amount": "0.0000", "8. split coefficient": "1.0"}, "2025-04-03": {"1. open": "75.67", "2. high": "76.448", "3. low": "74.67", "4. close": "75.51", "5. adjusted close": "75.51", "6. volume": "3543317", "7. dividend amount": "0.0000", "8. split coefficient": "1.0"}, "2025-04-02": {"1. open": "75.2", "2. high": "75.4472", "3. low": "74.47", "4. close": "74.66", "5. adjusted close": "74.66", "6. volume": "2172166", "7. dividend amount": "0.0000", "8. split coefficient": "1.0"}, "2025-04-01": {"1. open": "74.9", "2. high": "75.3", "3. low": "74.31", "4. close": "75.14", "5. adjusted close": "75.14", "6. volume": "2314446", "7. dividend amount": "0.0000", "8. split coefficient": "1.0"}, "2025-03-31": {"1. open": "74.47", "2. high": "75.52", "3. low": "74.345", "4. close": "75.11", "5. adjusted close": "75.11", "6. volume": "3304735", "7. dividend amount": "0.0000", "8. split coefficient": "1.0"}, "2025-03-28": {"1. open": "73.78", "2. high": "74.725", "3. low": "73.02", "4. close": "74.18", "5. adjusted close": "74.18", "6. volume": "2717819", "7. dividend amount": "0.0000", "8. split coefficient": "1.0"}, "2025-03-27": {"1. open": "73.54", "2. high": "73.75", "3. low": "73.03", "4. close": "73.15", "5. adjusted close": "73.15", "6. volume": "1624364", "7. dividend amount": "0.0000", "8. split coefficient": "1.0"}, "2025-03-26": {"1. open": "72.21", "2. high": "73.52", "3. low": "72.05", "4. close": "73.31", "5. adjusted close": "73.31", "6. volume": "1700523", "7. dividend amount": "0.0000", "8. split coefficient": "1.0"}, "2025-03-25": {"1. open": "73.0", "2. high": "73.31", "3. low": "71.49", "4. close": "72.04", "5. adjusted close": "72.04", "6. volume": "2271307", "7. dividend amount": "0.0000", "8. split coefficient": "1.0"}, "2025-03-24": {"1. open": "73.45", "2. high": "74.13", "3. low": "73.09", "4. close": "73.14", "5. adjusted close": "73.14", "6. volume": "3677849", "7. dividend amount": "0.0000", "8. split coefficient": "1.0"}, "2025-03-21": {"1. open": "73.85", "2. high": "74.31", "3. low": "73.02", "4. close": "73.5", "5. adjusted close": "73.5", "6. volume": "4949665", "7. dividend amount": "0.0000", "8. split coefficient": "1.0"}, "2025-03-20": {"1. open": "73.86", "2. high": "73.9", "3. low": "73.195", "4. close": "73.69", "5. adjusted close": "73.69", "6. volume": "1896874", "7. dividend amount": "0.0000", "8. split coefficient": "1.0"}, "2025-03-19": {"1. open": "73.31", "2. high": "73.985", "3. low": "73.05", "4. close": "73.71", "5. adjusted close": "73.71", "6. volume": "2270121", "7. dividend amount": "0.0000", "8. split coefficient": "1.0"}, "2025-03-18": {"1. open": "72.78", "2. high": "73.63", "3. low": "72.7", "4. close": "73.5", "5. adjusted close": "73.5", "6. volume": "1837251", "7. dividend amount": "0.0000", "8. split coefficient": "1.0"}, "2025-03-17": {"1. open": "73.0", "2. high": "73.84", "3. low": "72.71", "4. close": "73.26", "5. adjusted close": "73.26", "6. volume": "1785983", "7. dividend amount": "0.0000", "8. split coefficient": "1.0"}, "2025-03-14": {"1. open": "71.61", "2. high": "72.89", "3. low": "71.51", "4. close": "72.77", "5. adjusted close": "72.77", "6. volume": "1801785", "7. dividend amount": "0.0000", "8. split coefficient": "1.0"}, "2025-03-13": {"1. open": "71.51", "2. high": "72.04", "3. low": "71.06", "4. close": "71.88", "5. adjusted close": "71.88", "6. volume": "1609947", "7. dividend amount": "0.0000", "8. split coefficient": "1.0"}, "2025-03-12": {"1. open": "71.5", "2. high": "72.02", "3. low": "70.94", "4. close": "71.18", "5. adjusted close": "71.18", "6. volume": "2365045", "7. dividend amount": "0.0000", "8. split coefficient": "1.0"}, "2025-03-11": {"1. open": "73.8", "2. high": "74.23", "3. low": "72.05", "4. close": "72.08", "5. adjusted close": "72.08", "6. volume": "3398209", "7. dividend amount": "0.0000", "8. split coefficient": "1.0"}, "2025-03-10": {"1. open": "73.37", "2. high": "74.88", "3. low": "73.0", "4. close": "74.01", "5. adjusted close": "74.01", "6. volume": "2950324", "7. dividend amount": "0.0000", "8. split coefficient": "1.0"}, "2025-03-07": {"1. open": "71.71", "2. high": "73.46", "3. low": "71.5", "4. close": "73.08", "5. adjusted close": "73.08", "6. volume": "3049627", "7. dividend amount": "0.0000", "8. split coefficient": "1.0"}, "2025-03-06": {"1. open": "72.32", "2. high": "72.49", "3. low": "71.28", "4. close": "71.64", "5. adjusted close": "71.64", "6. volume": "2224702", "7. dividend amount": "0.0000", "8. split coefficient": "1.0"}, "2025-03-05": {"1. open": "72.27", "2. high": "73.05", "3. low": "71.95", "4. close": "72.38", "5. adjusted close": "72.38", "6. volume": "2031930", "7. dividend amount": "0.0000", "8. split coefficient": "1.0"}, "2025-03-04": {"1. open": "74.44", "2. high": "75.06", "3. low": "72.82", "4. close": "72.87", "5. adjusted close": "72.87", "6. volume": "2573771", "7. dividend amount": "0.0000", "8. split coefficient": "1.0"}, "2025-03-03": {"1. open": "72.71", "2. high": "74.19", "3. low": "72.68", "4. close": "74.06", "5. adjusted close": "74.06", "6. volume": "2409219", "7. dividend amount": "0.0000", "8. split coefficient": "1.0"}, "2025-02-28": {"1. open": "72.92", "2. high": "73.34", "3. low": "72.04", "4. close": "73.05", "5. adjusted close": "73.05", "6. volume": "3228110", "7. dividend amount": "0.0000", "8. split coefficient": "1.0"}, "2025-02-27": {"1. open": "72.57", "2. high": "73.35", "3. low": "72.26", "4. close": "72.34", "5. adjusted close": "72.34", "6. volume": "2635494", "7. dividend amount": "0.0000", "8. split coefficient": "1.0"}, "2025-02-26": {"1. open": "72.65", "2. high": "73.36", "3. low": "72.57", "4. close": "73.2", "5. adjusted close": "73.2", "6. volume": "2869069", "7. dividend amount": "0.0000", "8. split coefficient": "1.0"}, "2025-02-25": {"1. open": "72.36", "2. high": "73.37", "3. low": "72.005", "4. close": "73.08", "5. adjusted close": "73.08", "6. volume": "2722229", "7. dividend amount": "0.0000", "8. split coefficient": "1.0"}, "2025-02-24": {"1. open": "71.46", "2. high": "72.475", "3. low": "71.16", "4. close": "72.12", "5. adjusted close": "72.12", "6. volume": "2043335", "7. dividend amount": "0.0000", "8. split coefficient": "1.0"}, "2025-02-21": {"1. open": "70.57", "2. high": "71.94", "3. low": "70.57", "4. close": "71.49", "5. adjusted close": "71.49", "6. volume": "2150651", "7. dividend amount": "0.0000", "8. split coefficient": "1.0"}, "2025-02-20": {"1. open": "70.5", "2. high": "71.0", "3. low": "70.07", "4. close": "70.7", "5. adjusted close": "70.7", "6. volume": "2145260", "7. dividend amount": "0.0000", "8. split coefficient": "1.0"}, "2025-02-19": {"1. open": "69.54", "2. high": "70.235", "3. low": "69.455", "4. close": "70.15", "5. adjusted close": "70.15", "6. volume": "1378925", "7. dividend amount": "0.0000", "8. split coefficient": "1.0"}, "2025-02-18": {"1. open": "68.96", "2. high": "69.89", "3. low": "68.905", "4. close": "69.54", "5. adjusted close": "69.54", "6. volume": "2278905", "7. dividend amount": "0.0000", "8. split coefficient": "1.0"}, "2025-02-14": {"1. open": "69.57", "2. high": "69.78", "3. low": "68.74", "4. close": "68.81", "5. adjusted close": "68.81", "6. volume": "2237111", "7. dividend amount": "0.5425", "8. split coefficient": "1.0"}, "2025-02-13": {"1. open": "69.76", "2. high": "70.03", "3. low": "69.405", "4. close": "69.82", "5. adjusted close": "69.2738430481958", "6. volume": "1864689", "7. dividend amount": "0.0000", "8. split coefficient": "1.0"}, "2025-02-12": {"1. open": "68.69", "2. high": "69.68", "3. low": "68.35", "4. close": "69.55", "5. adjusted close": "69.0059550845319", "6. volume": "2119536", "7. dividend amount": "0.0000", "8. split coefficient": "1.0"}, "2025-02-11": {"1. open": "69.0", "2. high": "69.475", "3. low": "68.23", "4. close": "69.45", "5. adjusted close": "68.906737320212", "6. volume": "2434961", "7. dividend amount": "0.0000", "8. split coefficient": "1.0"}, "2025-02-10": {"1. open": "68.31", "2. high": "69.18", "3. low": "68.03", "4. close": "69.18", "5. adjusted close": "68.6388493565481", "6. volume": "2224699", "7. dividend amount": "0.0000", "8. split coefficient": "1.0"}, "2025-02-07": {"1. open": "68.01", "2. high": "68.74", "3. low": "67.04", "4. close": "68.7", "5. adjusted close": "68.1626040878123", "6. volume": "2904259", "7. dividend amount": "0.0000", "8. split coefficient": "1.0"}, "2025-02-06": {"1. open": "67.35", "2. high": "68.33", "3. low": "66.53", "4. close": "68.33", "5. adjusted close": "67.7954983598284", "6. volume": "3448904", "7. dividend amount": "0.0000", "8. split coefficient": "1.0"}, "2025-02-05": {"1. open": "66.77", "2. high": "67.42", "3. low": "66.38", "4. close": "67.12", "5. adjusted close": "66.5949634115569", "6. volume": "2700854", "7. dividend amount": "0.0000", "8. split coefficient": "1.0"}, "2025-02-04": {"1. open": "65.97", "2. high": "66.3054", "3. low": "65.5", "4. close": "66.18", "5. adjusted close": "65.6623164269493", "6. volume": "1733403", "7. dividend amount": "0.0000", "8. split coefficient": "1.0"}, "2025-02-03": {"1. open": "65.7", "2. high": "66.71", "3. low": "65.17", "4. close": "66.48", "5. adjusted close": "65.9599697199092", "6. volume": "2454287", "7. dividend amount": "0.0000", "8. split coefficient": "1.0"}, "2025-01-31": {"1. open": "66.21", "2. high": "66.51", "3. low": "65.83", "4. close": "66.0", "5. adjusted close": "65.4837244511733", "6. volume": "1812426", "7. dividend amount": "0.0000", "8. split coefficient": "1.0"}, "2025-01-30": {"1. open": "66.51", "2. high": "66.51", "3. low": "65.51", "4. close": "66.2", "5. adjusted close": "65.6821599798133", "6. volume": "2674116", "7. dividend amount": "0.0000", "8. split coefficient": "1.0"}, "2025-01-29": {"1. open": "65.76", "2. high": "66.29", "3. low": "65.71", "4. close": "65.77", "5. adjusted close": "65.2555235932374", "6. volume": "2044043", "7. dividend amount": "0.0000", "8. split coefficient": "1.0"}, "2025-01-28": {"1. open": "67.1", "2. high": "67.13", "3. low": "65.35", "4. close": "65.61", "5. adjusted close": "65.0967751703255", "6. volume": "3195400", "7. dividend amount": "0.0000", "8. split coefficient": "1.0"}, "2025-01-27": {"1. open": "66.56", "2. high": "67.561", "3. low": "65.47", "4. close": "67.19", "5. adjusted close": "66.6644158465809", "6. volume": "3877128", "7. dividend amount": "0.0000", "8. split coefficient": "1.0"}, "2025-01-24": {"1. open": "65.71", "2. high": "66.255", "3. low": "65.55", "4. close": "65.82", "5. adjusted close": "65.3051324753974", "6. volume": "2215732", "7. dividend amount": "0.0000", "8. split coefficient": "1.0"}, "2025-01-23": {"1. open": "66.53", "2. high": "66.88", "3. low": "65.1", "4. close": "65.86", "5. adjusted close": "65.3448195811254", "6. volume": "3509580", "7. dividend amount": "0.0000", "8. split coefficient": "1.0"}, "2025-01-22": {"1. open": "67.95", "2. high": "68.08", "3. low": "66.42", "4. close": "66.6", "5. adjusted close": "66.0790310370931", "6. volume": "2536910", "7. dividend amount": "0.0000", "8. split coefficient": "1.0"}, "2025-01-21": {"1. open": "68.65", "2. high": "68.94", "3. low": "68.2", "4. close": "68.3", "5. adjusted close": "67.7657330305324", "6. volume": "1786001", "7. dividend amount": "0.0000", "8. split coefficient": "1.0"}, "2025-01-17": {"1. open": "67.84", "2. high": "68.68", "3. low": "67.61", "4. close": "68.08", "5. adjusted close": "67.5474539490285", "6. volume": "1922928", "7. dividend amount": "0.0000", "8. split coefficient": "1.0"}, "2025-01-16": {"1. open": "66.49", "2. high": "68.02", "3. low": "66.45", "4. close": "68.02", "5. adjusted close": "67.4879232904365", "6. volume": "1983212", "7. dividend amount": "0.0000", "8. split coefficient": "1.0"}, "2025-01-15": {"1. open": "66.59", "2. high": "66.83", "3. low": "65.8", "4. close": "66.61", "5. adjusted close": "66.0889528135251", "6. volume": "2119699", "7. dividend amount": "0.0000", "8. split coefficient": "1.0"}, "2025-01-14": {"1. open": "64.94", "2. high": "65.9", "3. low": "64.41", "4. close": "65.56", "5. adjusted close": "65.0471662881655", "6. volume": "1741550", "7. dividend amount": "0.0000", "8. split coefficient": "1.0"}, "2025-01-13": {"1. open": "65.23", "2. high": "65.23", "3. low": "63.97", "4. close": "64.99", "5. adjusted close": "64.4816250315418", "6. volume": "2182965", "7. dividend amount": "0.0000", "8. split coefficient": "1.0"}, "2025-01-10": {"1. open": "65.99", "2. high": "66.48", "3. low": "64.97", "4. close": "65.09", "5. adjusted close": "64.5808427958617", "6. volume": "2559603", "7. dividend amount": "0.0000", "8. split coefficient": "1.0"}, "2025-01-08": {"1. open": "65.43", "2. high": "66.41", "3. low": "65.34", "4. close": "66.3", "5. adjusted close": "65.7813777441332", "6. volume": "1323872", "7. dividend amount": "0.0000", "8. split coefficient": "1.0"}, "2025-01-07": {"1. open": "65.4", "2. high": "66.24", "3. low": "65.37", "4. close": "65.71", "5. adjusted close": "65.1959929346455", "6. volume": "1579504", "7. dividend amount": "0.0000", "8. split coefficient": "1.0"}, "2025-01-06": {"1. open": "66.42", "2. high": "66.59", "3. low": "65.27", "4. close": "65.42", "5. adjusted close": "64.9082614181176", "6. volume": "1009721", "7. dividend amount": "0.0000", "8. split coefficient": "1.0"}, "2025-01-03": {"1. open": "66.47", "2. high": "66.93", "3. low": "66.34", "4. close": "66.61", "5. adjusted close": "66.0889528135251", "6. volume": "1267130", "7. dividend amount": "0.0000", "8. split coefficient": "1.0"}, "2025-01-02": {"1. open": "67.27", "2. high": "67.46", "3. low": "66.38", "4. close": "66.53", "5. adjusted close": "66.0095786020691", "6. volume": "1297354", "7. dividend amount": "0.0000", "8. split coefficient": "1.0"}, "2024-12-31": {"1. open": "66.84", "2. high": "67.11", "3. low": "66.22", "4. close": "66.65", "5. adjusted close": "66.1286399192531", "6. volume": "1086627", "7. dividend amount": "0.0000", "8. split coefficient": "1.0"}, "2024-12-30": {"1. open": "66.82", "2. high": "66.82", "3. low": "66.1", "4. close": "66.63", "5. adjusted close": "66.1087963663891", "6. volume": "1678675", "7. dividend amount": "0.0000", "8. split coefficient": "1.0"}, "2024-12-27": {"1. open": "66.61", "2. high": "67.48", "3. low": "66.6", "4. close": "67.06", "5. adjusted close": "66.5354327529649", "6. volume": "889096", "7. dividend amount": "0.0000", "8. split coefficient": "1.0"}, "2024-12-26": {"1. open": "66.68", "2. high": "67.13", "3. low": "66.54", "4. close": "66.95", "5. adjusted close": "66.426293212213", "6. volume": "867630", "7. dividend amount": "0.0000", "8. split coefficient": "1.0"}, "2024-12-24": {"1. open": "66.47", "2. high": "66.83", "3. low": "66.44", "4. close": "66.82", "5. adjusted close": "66.297310118597", "6. volume": "800714", "7. dividend amount": "0.0000", "8. split coefficient": "1.0"}, "2024-12-23": {"1. open": "66.32", "2. high": "66.69", "3. low": "66.03", "4. close": "66.67", "5. adjusted close": "66.1484834721171", "6. volume": "1334653", "7. dividend amount": "0.0000", "8. split coefficient": "1.0"}, "2024-12-20": {"1. open": "65.85", "2. high": "66.82", "3. low": "65.65", "4. close": "66.61", "5. adjusted close": "66.0889528135251", "6. volume": "3507761", "7. dividend amount": "0.0000", "8. split coefficient": "1.0"}, "2024-12-19": {"1. open": "65.66", "2. high": "66.42", "3. low": "65.47", "4. close": "65.76", "5. adjusted close": "65.2456018168054", "6. volume": "2152309", "7. dividend amount": "0.0000", "8. split coefficient": "1.0"}, "2024-12-18": {"1. open": "66.94", "2. high": "67.15", "3. low": "65.82", "4. close": "65.85", "5. adjusted close": "65.3348978046934", "6. volume": "2044723", "7. dividend amount": "0.0000", "8. split coefficient": "1.0"}, "2024-12-17": {"1. open": "66.31", "2. high": "67.71", "3. low": "66.24", "4. close": "67.04", "5. adjusted close": "66.5155892001009", "6. volume": "2998175", "7. dividend amount": "0.0000", "8. split coefficient": "1.0"}, "2024-12-16": {"1. open": "67.37", "2. high": "67.56", "3. low": "66.08", "4. close": "66.7", "5. adjusted close": "66.1782488014131", "6. volume": "5059581", "7. dividend amount": "0.0000", "8. split coefficient": "1.0"}, "2024-12-13": {"1. open": "67.03", "2. high": "67.88", "3. low": "66.835", "4. close": "67.32", "5. adjusted close": "66.7933989401968", "6. volume": "1946568", "7. dividend amount": "0.0000", "8. split coefficient": "1.0"}, "2024-12-12": {"1. open": "67.2", "2. high": "67.54", "3. low": "66.68", "4. close": "67.03", "5. adjusted close": "66.5056674236689", "6. volume": "1706016", "7. dividend amount": "0.0000", "8. split coefficient": "1.0"}, "2024-12-11": {"1. open": "67.71", "2. high": "67.92", "3. low": "66.63", "4. close": "66.82", "5. adjusted close": "66.297310118597", "6. volume": "2187187", "7. dividend amount": "0.0000", "8. split coefficient": "1.0"}, "2024-12-10": {"1. open": "67.65", "2. high": "67.97", "3. low": "66.445", "4. close": "67.66", "5. adjusted close": "67.1307393388847", "6. volume": "2626492", "7. dividend amount": "0.0000", "8. split coefficient": "1.0"}, "2024-12-09": {"1. open": "67.17", "2. high": "67.79", "3. low": "66.7", "4. close": "67.65", "5. adjusted close": "67.1208175624527", "6. volume": "2827292", "7. dividend amount": "0.0000", "8. split coefficient": "1.0"}, "2024-12-06": {"1. open": "67.53", "2. high": "67.55", "3. low": "66.68", "4. close": "67.17", "5. adjusted close": "66.6445722937169", "6. volume": "3485140", "7. dividend amount": "0.0000", "8. split coefficient": "1.0"}, "2024-12-05": {"1. open": "67.41", "2. high": "68.05", "3. low": "67.28", "4. close": "67.38", "5. adjusted close": "66.8529295987888", "6. volume": "3651961", "7. dividend amount": "0.0000", "8. split coefficient": "1.0"}, "2024-12-04": {"1. open": "68.2", "2. high": "68.31", "3. low": "67.14", "4. close": "67.5", "5. adjusted close": "66.9719909159727", "6. volume": "2913344", "7. dividend amount": "0.0000", "8. split coefficient": "1.0"}, "2024-12-03": {"1. open": "68.94", "2. high": "69.07", "3. low": "68.24", "4. close": "68.25", "5. adjusted close": "67.7161241483724", "6. volume": "1939185", "7. dividend amount": "0.0000", "8. split coefficient": "1.0"}, "2024-12-02": {"1. open": "69.69", "2. high": "69.91", "3. low": "68.34", "4. close": "68.4", "5. adjusted close": "67.8649507948524", "6. volume": "1406685", "7. dividend amount": "0.0000", "8. split coefficient": "1.0"}, "2024-11-29": {"1. open": "70.45", "2. high": "70.62", "3. low": "69.59", "4. close": "69.71", "5. adjusted close": "69.1647035074438", "6. volume": "1354050", "7. dividend amount": "0.0000", "8. split coefficient": "1.0"}, "2024-11-27": {"1. open": "70.86", "2. high": "71.347", "3. low": "70.355", "4. close": "70.49", "5. adjusted close": "69.9386020691395", "6. volume": "1763393", "7. dividend amount": "0.0000", "8. split coefficient": "1.0"}, "2024-11-26": {"1. open": "69.82", "2. high": "70.49", "3. low": "69.45", "4. close": "70.45", "5. adjusted close": "69.8989149634116", "6. volume": "2265732", "7. dividend amount": "0.0000", "8. split coefficient": "1.0"}, "2024-11-25": {"1. open": "69.65", "2. high": "70.18", "3. low": "69.11", "4. close": "69.67", "5. adjusted close": "69.1250164017159", "6. volume": "2644264", "7. dividend amount": "0.0000", "8. split coefficient": "1.0"}}}