{"Meta Data": {"1. Information": "Daily Time Series with Splits and Dividend Events", "2. Symbol": "UBER", "3. Last Refreshed": "2025-04-22", "4. Output Size": "Compact", "5. Time Zone": "US/Eastern"}, "Time Series (Daily)": {"2025-04-22": {"1. open": "73.85", "2. high": "75.56", "3. low": "73.35", "4. close": "74.44", "5. adjusted close": "74.44", "6. volume": "16599288", "7. dividend amount": "0.0000", "8. split coefficient": "1.0"}, "2025-04-21": {"1. open": "74.44", "2. high": "75.44", "3. low": "71.2709", "4. close": "72.92", "5. adjusted close": "72.92", "6. volume": "20634635", "7. dividend amount": "0.0000", "8. split coefficient": "1.0"}, "2025-04-17": {"1. open": "73.98", "2. high": "75.91", "3. low": "73.76", "4. close": "75.24", "5. adjusted close": "75.24", "6. volume": "21893392", "7. dividend amount": "0.0000", "8. split coefficient": "1.0"}, "2025-04-16": {"1. open": "73.575", "2. high": "74.8", "3. low": "72.0518", "4. close": "73.06", "5. adjusted close": "73.06", "6. volume": "15990828", "7. dividend amount": "0.0000", "8. split coefficient": "1.0"}, "2025-04-15": {"1. open": "73.1", "2. high": "74.72", "3. low": "73.1", "4. close": "74.02", "5. adjusted close": "74.02", "6. volume": "13790153", "7. dividend amount": "0.0000", "8. split coefficient": "1.0"}, "2025-04-14": {"1. open": "73.52", "2. high": "73.65", "3. low": "72.23", "4. close": "73.1", "5. adjusted close": "73.1", "6. volume": "12483180", "7. dividend amount": "0.0000", "8. split coefficient": "1.0"}, "2025-04-11": {"1. open": "70.46", "2. high": "72.4", "3. low": "69.33", "4. close": "72.28", "5. adjusted close": "72.28", "6. volume": "16274572", "7. dividend amount": "0.0000", "8. split coefficient": "1.0"}, "2025-04-10": {"1. open": "71.75", "2. high": "72.87", "3. low": "68.34", "4. close": "70.94", "5. adjusted close": "70.94", "6. volume": "22373898", "7. dividend amount": "0.0000", "8. split coefficient": "1.0"}, "2025-04-09": {"1. open": "65.0", "2. high": "73.4", "3. low": "64.95", "4. close": "72.68", "5. adjusted close": "72.68", "6. volume": "30148812", "7. dividend amount": "0.0000", "8. split coefficient": "1.0"}, "2025-04-08": {"1. open": "69.31", "2. high": "70.07", "3. low": "63.5", "4. close": "65.07", "5. adjusted close": "65.07", "6. volume": "24045232", "7. dividend amount": "0.0000", "8. split coefficient": "1.0"}, "2025-04-07": {"1. open": "62.52", "2. high": "67.5871", "3. low": "60.63", "4. close": "65.64", "5. adjusted close": "65.64", "6. volume": "32841703", "7. dividend amount": "0.0000", "8. split coefficient": "1.0"}, "2025-04-04": {"1. open": "66.695", "2. high": "67.5594", "3. low": "63.94", "4. close": "64.62", "5. adjusted close": "64.62", "6. volume": "34938669", "7. dividend amount": "0.0000", "8. split coefficient": "1.0"}, "2025-04-03": {"1. open": "71.72", "2. high": "72.436", "3. low": "69.7665", "4. close": "69.85", "5. adjusted close": "69.85", "6. volume": "23290795", "7. dividend amount": "0.0000", "8. split coefficient": "1.0"}, "2025-04-02": {"1. open": "72.0", "2. high": "75.41", "3. low": "72.0", "4. close": "74.5", "5. adjusted close": "74.5", "6. volume": "14806850", "7. dividend amount": "0.0000", "8. split coefficient": "1.0"}, "2025-04-01": {"1. open": "72.6", "2. high": "73.07", "3. low": "70.83", "4. close": "72.99", "5. adjusted close": "72.99", "6. volume": "16889182", "7. dividend amount": "0.0000", "8. split coefficient": "1.0"}, "2025-03-31": {"1. open": "71.4", "2. high": "73.3", "3. low": "70.5", "4. close": "72.86", "5. adjusted close": "72.86", "6. volume": "16033066", "7. dividend amount": "0.0000", "8. split coefficient": "1.0"}, "2025-03-28": {"1. open": "74.5", "2. high": "74.92", "3. low": "72.381", "4. close": "72.75", "5. adjusted close": "72.75", "6. volume": "11277874", "7. dividend amount": "0.0000", "8. split coefficient": "1.0"}, "2025-03-27": {"1. open": "73.895", "2. high": "75.62", "3. low": "73.53", "4. close": "74.86", "5. adjusted close": "74.86", "6. volume": "11866807", "7. dividend amount": "0.0000", "8. split coefficient": "1.0"}, "2025-03-26": {"1. open": "75.55", "2. high": "75.64", "3. low": "73.225", "4. close": "74.18", "5. adjusted close": "74.18", "6. volume": "11845809", "7. dividend amount": "0.0000", "8. split coefficient": "1.0"}, "2025-03-25": {"1. open": "76.6", "2. high": "76.71", "3. low": "75.05", "4. close": "75.61", "5. adjusted close": "75.61", "6. volume": "16065879", "7. dividend amount": "0.0000", "8. split coefficient": "1.0"}, "2025-03-24": {"1. open": "76.97", "2. high": "77.5842", "3. low": "75.44", "4. close": "76.51", "5. adjusted close": "76.51", "6. volume": "18126303", "7. dividend amount": "0.0000", "8. split coefficient": "1.0"}, "2025-03-21": {"1. open": "73.72", "2. high": "76.0", "3. low": "72.77", "4. close": "75.84", "5. adjusted close": "75.84", "6. volume": "26551402", "7. dividend amount": "0.0000", "8. split coefficient": "1.0"}, "2025-03-20": {"1. open": "72.56", "2. high": "75.54", "3. low": "72.46", "4. close": "74.35", "5. adjusted close": "74.35", "6. volume": "17851353", "7. dividend amount": "0.0000", "8. split coefficient": "1.0"}, "2025-03-19": {"1. open": "71.92", "2. high": "73.785", "3. low": "70.73", "4. close": "73.02", "5. adjusted close": "73.02", "6. volume": "15042059", "7. dividend amount": "0.0000", "8. split coefficient": "1.0"}, "2025-03-18": {"1. open": "72.2", "2. high": "72.675", "3. low": "70.4802", "4. close": "71.55", "5. adjusted close": "71.55", "6. volume": "16137507", "7. dividend amount": "0.0000", "8. split coefficient": "1.0"}, "2025-03-17": {"1. open": "72.02", "2. high": "73.81", "3. low": "71.775", "4. close": "72.73", "5. adjusted close": "72.73", "6. volume": "20577768", "7. dividend amount": "0.0000", "8. split coefficient": "1.0"}, "2025-03-14": {"1. open": "70.55", "2. high": "71.7899", "3. low": "70.33", "4. close": "71.55", "5. adjusted close": "71.55", "6. volume": "13537279", "7. dividend amount": "0.0000", "8. split coefficient": "1.0"}, "2025-03-13": {"1. open": "71.68", "2. high": "72.0", "3. low": "69.36", "4. close": "69.51", "5. adjusted close": "69.51", "6. volume": "15272232", "7. dividend amount": "0.0000", "8. split coefficient": "1.0"}, "2025-03-12": {"1. open": "72.31", "2. high": "72.42", "3. low": "69.55", "4. close": "71.2", "5. adjusted close": "71.2", "6. volume": "17315032", "7. dividend amount": "0.0000", "8. split coefficient": "1.0"}, "2025-03-11": {"1. open": "71.44", "2. high": "74.25", "3. low": "69.57", "4. close": "70.65", "5. adjusted close": "70.65", "6. volume": "26668190", "7. dividend amount": "0.0000", "8. split coefficient": "1.0"}, "2025-03-10": {"1. open": "74.94", "2. high": "75.49", "3. low": "71.97", "4. close": "73.06", "5. adjusted close": "73.06", "6. volume": "21860594", "7. dividend amount": "0.0000", "8. split coefficient": "1.0"}, "2025-03-07": {"1. open": "73.99", "2. high": "76.6996", "3. low": "73.78", "4. close": "76.27", "5. adjusted close": "76.27", "6. volume": "18610386", "7. dividend amount": "0.0000", "8. split coefficient": "1.0"}, "2025-03-06": {"1. open": "75.315", "2. high": "77.22", "3. low": "74.7254", "4. close": "74.96", "5. adjusted close": "74.96", "6. volume": "16504911", "7. dividend amount": "0.0000", "8. split coefficient": "1.0"}, "2025-03-05": {"1. open": "75.65", "2. high": "76.94", "3. low": "74.93", "4. close": "76.48", "5. adjusted close": "76.48", "6. volume": "13122294", "7. dividend amount": "0.0000", "8. split coefficient": "1.0"}, "2025-03-04": {"1. open": "72.93", "2. high": "76.68", "3. low": "71.6", "4. close": "75.26", "5. adjusted close": "75.26", "6. volume": "24241234", "7. dividend amount": "0.0000", "8. split coefficient": "1.0"}, "2025-03-03": {"1. open": "77.06", "2. high": "77.74", "3. low": "73.68", "4. close": "74.44", "5. adjusted close": "74.44", "6. volume": "16999495", "7. dividend amount": "0.0000", "8. split coefficient": "1.0"}, "2025-02-28": {"1. open": "74.28", "2. high": "76.11", "3. low": "73.58", "4. close": "76.01", "5. adjusted close": "76.01", "6. volume": "17752015", "7. dividend amount": "0.0000", "8. split coefficient": "1.0"}, "2025-02-27": {"1. open": "75.95", "2. high": "77.69", "3. low": "73.71", "4. close": "74.21", "5. adjusted close": "74.21", "6. volume": "22535938", "7. dividend amount": "0.0000", "8. split coefficient": "1.0"}, "2025-02-26": {"1. open": "75.33", "2. high": "76.49", "3. low": "75.3101", "4. close": "75.87", "5. adjusted close": "75.87", "6. volume": "10338710", "7. dividend amount": "0.0000", "8. split coefficient": "1.0"}, "2025-02-25": {"1. open": "76.36", "2. high": "76.37", "3. low": "73.53", "4. close": "74.95", "5. adjusted close": "74.95", "6. volume": "19559249", "7. dividend amount": "0.0000", "8. split coefficient": "1.0"}, "2025-02-24": {"1. open": "78.65", "2. high": "78.88", "3. low": "74.85", "4. close": "76.42", "5. adjusted close": "76.42", "6. volume": "24368386", "7. dividend amount": "0.0000", "8. split coefficient": "1.0"}, "2025-02-21": {"1. open": "81.26", "2. high": "82.1", "3. low": "78.36", "4. close": "78.89", "5. adjusted close": "78.89", "6. volume": "21774329", "7. dividend amount": "0.0000", "8. split coefficient": "1.0"}, "2025-02-20": {"1. open": "81.23", "2. high": "81.84", "3. low": "80.06", "4. close": "81.26", "5. adjusted close": "81.26", "6. volume": "14770273", "7. dividend amount": "0.0000", "8. split coefficient": "1.0"}, "2025-02-19": {"1. open": "80.79", "2. high": "81.9", "3. low": "79.26", "4. close": "81.16", "5. adjusted close": "81.16", "6. volume": "14973426", "7. dividend amount": "0.0000", "8. split coefficient": "1.0"}, "2025-02-18": {"1. open": "79.85", "2. high": "81.51", "3. low": "79.75", "4. close": "81.49", "5. adjusted close": "81.49", "6. volume": "18943227", "7. dividend amount": "0.0000", "8. split coefficient": "1.0"}, "2025-02-14": {"1. open": "80.35", "2. high": "80.35", "3. low": "78.87", "4. close": "79.42", "5. adjusted close": "79.42", "6. volume": "15405688", "7. dividend amount": "0.0000", "8. split coefficient": "1.0"}, "2025-02-13": {"1. open": "79.12", "2. high": "80.53", "3. low": "78.51", "4. close": "80.29", "5. adjusted close": "80.29", "6. volume": "21754709", "7. dividend amount": "0.0000", "8. split coefficient": "1.0"}, "2025-02-12": {"1. open": "74.97", "2. high": "80.1", "3. low": "74.15", "4. close": "79.35", "5. adjusted close": "79.35", "6. volume": "33142366", "7. dividend amount": "0.0000", "8. split coefficient": "1.0"}, "2025-02-11": {"1. open": "78.91", "2. high": "79.2", "3. low": "76.6", "4. close": "76.95", "5. adjusted close": "76.95", "6. volume": "27329560", "7. dividend amount": "0.0000", "8. split coefficient": "1.0"}, "2025-02-10": {"1. open": "77.1", "2. high": "78.99", "3. low": "76.8", "4. close": "78.63", "5. adjusted close": "78.63", "6. volume": "42551673", "7. dividend amount": "0.0000", "8. split coefficient": "1.0"}, "2025-02-07": {"1. open": "70.36", "2. high": "76.775", "3. low": "70.13", "4. close": "74.6", "5. adjusted close": "74.6", "6. volume": "81813184", "7. dividend amount": "0.0000", "8. split coefficient": "1.0"}, "2025-02-06": {"1. open": "65.67", "2. high": "70.05", "3. low": "65.54", "4. close": "69.99", "5. adjusted close": "69.99", "6. volume": "45940242", "7. dividend amount": "0.0000", "8. split coefficient": "1.0"}, "2025-02-05": {"1. open": "66.5", "2. high": "66.75", "3. low": "63.5", "4. close": "64.48", "5. adjusted close": "64.48", "6. volume": "78975878", "7. dividend amount": "0.0000", "8. split coefficient": "1.0"}, "2025-02-04": {"1. open": "67.69", "2. high": "70.19", "3. low": "67.69", "4. close": "69.75", "5. adjusted close": "69.75", "6. volume": "33786239", "7. dividend amount": "0.0000", "8. split coefficient": "1.0"}, "2025-02-03": {"1. open": "65.3", "2. high": "68.85", "3. low": "65.1781", "4. close": "67.29", "5. adjusted close": "67.29", "6. volume": "25290048", "7. dividend amount": "0.0000", "8. split coefficient": "1.0"}, "2025-01-31": {"1. open": "67.09", "2. high": "67.87", "3. low": "66.3327", "4. close": "66.85", "5. adjusted close": "66.85", "6. volume": "19805625", "7. dividend amount": "0.0000", "8. split coefficient": "1.0"}, "2025-01-30": {"1. open": "63.42", "2. high": "67.222", "3. low": "63.42", "4. close": "66.59", "5. adjusted close": "66.59", "6. volume": "33246503", "7. dividend amount": "0.0000", "8. split coefficient": "1.0"}, "2025-01-29": {"1. open": "67.8", "2. high": "68.06", "3. low": "65.82", "4. close": "66.75", "5. adjusted close": "66.75", "6. volume": "29592594", "7. dividend amount": "0.0000", "8. split coefficient": "1.0"}, "2025-01-28": {"1. open": "68.33", "2. high": "69.6752", "3. low": "67.1624", "4. close": "68.07", "5. adjusted close": "68.07", "6. volume": "24988456", "7. dividend amount": "0.0000", "8. split coefficient": "1.0"}, "2025-01-27": {"1. open": "67.64", "2. high": "69.41", "3. low": "67.37", "4. close": "68.77", "5. adjusted close": "68.77", "6. volume": "20904644", "7. dividend amount": "0.0000", "8. split coefficient": "1.0"}, "2025-01-24": {"1. open": "68.69", "2. high": "69.31", "3. low": "68.4", "4. close": "68.56", "5. adjusted close": "68.56", "6. volume": "14360349", "7. dividend amount": "0.0000", "8. split coefficient": "1.0"}, "2025-01-23": {"1. open": "67.6", "2. high": "68.37", "3. low": "67.24", "4. close": "68.3", "5. adjusted close": "68.3", "6. volume": "15355443", "7. dividend amount": "0.0000", "8. split coefficient": "1.0"}, "2025-01-22": {"1. open": "68.39", "2. high": "68.43", "3. low": "67.5", "4. close": "67.82", "5. adjusted close": "67.82", "6. volume": "18130028", "7. dividend amount": "0.0000", "8. split coefficient": "1.0"}, "2025-01-21": {"1. open": "68.0", "2. high": "68.18", "3. low": "66.85", "4. close": "67.74", "5. adjusted close": "67.74", "6. volume": "21423617", "7. dividend amount": "0.0000", "8. split coefficient": "1.0"}, "2025-01-17": {"1. open": "68.8", "2. high": "69.02", "3. low": "67.23", "4. close": "67.34", "5. adjusted close": "67.34", "6. volume": "27139154", "7. dividend amount": "0.0000", "8. split coefficient": "1.0"}, "2025-01-16": {"1. open": "67.75", "2. high": "69.58", "3. low": "67.64", "4. close": "68.58", "5. adjusted close": "68.58", "6. volume": "29013144", "7. dividend amount": "0.0000", "8. split coefficient": "1.0"}, "2025-01-15": {"1. open": "66.01", "2. high": "67.245", "3. low": "66.01", "4. close": "67.02", "5. adjusted close": "67.02", "6. volume": "22704830", "7. dividend amount": "0.0000", "8. split coefficient": "1.0"}, "2025-01-14": {"1. open": "66.16", "2. high": "66.81", "3. low": "64.62", "4. close": "64.84", "5. adjusted close": "64.84", "6. volume": "25735753", "7. dividend amount": "0.0000", "8. split coefficient": "1.0"}, "2025-01-13": {"1. open": "65.155", "2. high": "67.195", "3. low": "65.02", "4. close": "65.7", "5. adjusted close": "65.7", "6. volume": "23960107", "7. dividend amount": "0.0000", "8. split coefficient": "1.0"}, "2025-01-10": {"1. open": "64.5", "2. high": "66.6", "3. low": "63.96", "4. close": "65.97", "5. adjusted close": "65.97", "6. volume": "30728846", "7. dividend amount": "0.0000", "8. split coefficient": "1.0"}, "2025-01-08": {"1. open": "66.4", "2. high": "66.68", "3. low": "64.12", "4. close": "64.91", "5. adjusted close": "64.91", "6. volume": "24523299", "7. dividend amount": "0.0000", "8. split coefficient": "1.0"}, "2025-01-07": {"1. open": "68.49", "2. high": "68.84", "3. low": "65.95", "4. close": "66.15", "5. adjusted close": "66.15", "6. volume": "35347776", "7. dividend amount": "0.0000", "8. split coefficient": "1.0"}, "2025-01-06": {"1. open": "66.97", "2. high": "67.35", "3. low": "66.04", "4. close": "66.31", "5. adjusted close": "66.31", "6. volume": "32980652", "7. dividend amount": "0.0000", "8. split coefficient": "1.0"}, "2025-01-03": {"1. open": "63.69", "2. high": "65.22", "3. low": "63.44", "4. close": "64.59", "5. adjusted close": "64.59", "6. volume": "28553825", "7. dividend amount": "0.0000", "8. split coefficient": "1.0"}, "2025-01-02": {"1. open": "62.19", "2. high": "63.39", "3. low": "61.31", "4. close": "63.17", "5. adjusted close": "63.17", "6. volume": "25899072", "7. dividend amount": "0.0000", "8. split coefficient": "1.0"}, "2024-12-31": {"1. open": "61.0", "2. high": "61.1", "3. low": "60.17", "4. close": "60.32", "5. adjusted close": "60.32", "6. volume": "14487281", "7. dividend amount": "0.0000", "8. split coefficient": "1.0"}, "2024-12-30": {"1. open": "60.51", "2. high": "61.37", "3. low": "60.12", "4. close": "60.77", "5. adjusted close": "60.77", "6. volume": "17709217", "7. dividend amount": "0.0000", "8. split coefficient": "1.0"}, "2024-12-27": {"1. open": "61.1856", "2. high": "61.26", "3. low": "60.02", "4. close": "61.13", "5. adjusted close": "61.13", "6. volume": "13483564", "7. dividend amount": "0.0000", "8. split coefficient": "1.0"}, "2024-12-26": {"1. open": "61.6", "2. high": "61.97", "3. low": "61.16", "4. close": "61.56", "5. adjusted close": "61.56", "6. volume": "12683898", "7. dividend amount": "0.0000", "8. split coefficient": "1.0"}, "2024-12-24": {"1. open": "61.97", "2. high": "61.98", "3. low": "60.88", "4. close": "61.71", "5. adjusted close": "61.71", "6. volume": "7882461", "7. dividend amount": "0.0000", "8. split coefficient": "1.0"}, "2024-12-23": {"1. open": "60.88", "2. high": "62.22", "3. low": "60.76", "4. close": "61.87", "5. adjusted close": "61.87", "6. volume": "16093552", "7. dividend amount": "0.0000", "8. split coefficient": "1.0"}, "2024-12-20": {"1. open": "60.085", "2. high": "61.39", "3. low": "59.7503", "4. close": "60.73", "5. adjusted close": "60.73", "6. volume": "26377669", "7. dividend amount": "0.0000", "8. split coefficient": "1.0"}, "2024-12-19": {"1. open": "61.85", "2. high": "62.31", "3. low": "59.98", "4. close": "60.21", "5. adjusted close": "60.21", "6. volume": "27811409", "7. dividend amount": "0.0000", "8. split coefficient": "1.0"}, "2024-12-18": {"1. open": "61.39", "2. high": "63.94", "3. low": "60.85", "4. close": "61.23", "5. adjusted close": "61.23", "6. volume": "46736705", "7. dividend amount": "0.0000", "8. split coefficient": "1.0"}, "2024-12-17": {"1. open": "59.42", "2. high": "61.04", "3. low": "59.33", "4. close": "61.03", "5. adjusted close": "61.03", "6. volume": "35025487", "7. dividend amount": "0.0000", "8. split coefficient": "1.0"}, "2024-12-16": {"1. open": "60.31", "2. high": "61.3", "3. low": "60.12", "4. close": "60.25", "5. adjusted close": "60.25", "6. volume": "38612401", "7. dividend amount": "0.0000", "8. split coefficient": "1.0"}, "2024-12-13": {"1. open": "61.86", "2. high": "62.26", "3. low": "59.74", "4. close": "59.93", "5. adjusted close": "59.93", "6. volume": "47325346", "7. dividend amount": "0.0000", "8. split coefficient": "1.0"}, "2024-12-12": {"1. open": "63.165", "2. high": "63.54", "3. low": "61.25", "4. close": "61.41", "5. adjusted close": "61.41", "6. volume": "45673208", "7. dividend amount": "0.0000", "8. split coefficient": "1.0"}, "2024-12-11": {"1. open": "64.5", "2. high": "64.695", "3. low": "60.23", "4. close": "61.18", "5. adjusted close": "61.18", "6. volume": "71089520", "7. dividend amount": "0.0000", "8. split coefficient": "1.0"}, "2024-12-10": {"1. open": "65.67", "2. high": "65.76", "3. low": "64.64", "4. close": "64.96", "5. adjusted close": "64.96", "6. volume": "23672866", "7. dividend amount": "0.0000", "8. split coefficient": "1.0"}, "2024-12-09": {"1. open": "65.5", "2. high": "66.17", "3. low": "65.06", "4. close": "65.74", "5. adjusted close": "65.74", "6. volume": "27602901", "7. dividend amount": "0.0000", "8. split coefficient": "1.0"}, "2024-12-06": {"1. open": "66.45", "2. high": "67.1", "3. low": "65.2", "4. close": "66.09", "5. adjusted close": "66.09", "6. volume": "36413161", "7. dividend amount": "0.0000", "8. split coefficient": "1.0"}, "2024-12-05": {"1. open": "71.93", "2. high": "72.03", "3. low": "64.28", "4. close": "65.23", "5. adjusted close": "65.23", "6. volume": "77320417", "7. dividend amount": "0.0000", "8. split coefficient": "1.0"}, "2024-12-04": {"1. open": "71.4", "2. high": "72.4", "3. low": "70.65", "4. close": "72.16", "5. adjusted close": "72.16", "6. volume": "17263132", "7. dividend amount": "0.0000", "8. split coefficient": "1.0"}, "2024-12-03": {"1. open": "73.06", "2. high": "73.25", "3. low": "71.2499", "4. close": "71.27", "5. adjusted close": "71.27", "6. volume": "12760488", "7. dividend amount": "0.0000", "8. split coefficient": "1.0"}, "2024-12-02": {"1. open": "71.93", "2. high": "73.44", "3. low": "71.47", "4. close": "73.07", "5. adjusted close": "73.07", "6. volume": "11574636", "7. dividend amount": "0.0000", "8. split coefficient": "1.0"}, "2024-11-29": {"1. open": "71.7", "2. high": "72.44", "3. low": "71.52", "4. close": "71.96", "5. adjusted close": "71.96", "6. volume": "7348658", "7. dividend amount": "0.0000", "8. split coefficient": "1.0"}, "2024-11-27": {"1. open": "72.06", "2. high": "72.7", "3. low": "71.01", "4. close": "71.62", "5. adjusted close": "71.62", "6. volume": "12967786", "7. dividend amount": "0.0000", "8. split coefficient": "1.0"}, "2024-11-26": {"1. open": "73.49", "2. high": "73.5", "3. low": "71.34", "4. close": "71.56", "5. adjusted close": "71.56", "6. volume": "13704896", "7. dividend amount": "0.0000", "8. split coefficient": "1.0"}, "2024-11-25": {"1. open": "72.6", "2. high": "73.55", "3. low": "71.83", "4. close": "73.42", "5. adjusted close": "73.42", "6. volume": "17446563", "7. dividend amount": "0.0000", "8. split coefficient": "1.0"}}}