{"Meta Data": {"1. Information": "Daily Time Series with Splits and Dividend Events", "2. Symbol": "O", "3. Last Refreshed": "2025-04-22", "4. Output Size": "Compact", "5. Time Zone": "US/Eastern"}, "Time Series (Daily)": {"2025-04-22": {"1. open": "58.32", "2. high": "58.88", "3. low": "57.98", "4. close": "58.52", "5. adjusted close": "58.52", "6. volume": "4058321", "7. dividend amount": "0.0000", "8. split coefficient": "1.0"}, "2025-04-21": {"1. open": "58.15", "2. high": "58.69", "3. low": "57.155", "4. close": "57.96", "5. adjusted close": "57.96", "6. volume": "4414213", "7. dividend amount": "0.0000", "8. split coefficient": "1.0"}, "2025-04-17": {"1. open": "57.32", "2. high": "58.6173", "3. low": "57.2", "4. close": "58.32", "5. adjusted close": "58.32", "6. volume": "5109606", "7. dividend amount": "0.0000", "8. split coefficient": "1.0"}, "2025-04-16": {"1. open": "57.0", "2. high": "57.92", "3. low": "56.98", "4. close": "57.26", "5. adjusted close": "57.26", "6. volume": "4657861", "7. dividend amount": "0.0000", "8. split coefficient": "1.0"}, "2025-04-15": {"1. open": "56.43", "2. high": "57.135", "3. low": "56.14", "4. close": "57.01", "5. adjusted close": "57.01", "6. volume": "4991146", "7. dividend amount": "0.0000", "8. split coefficient": "1.0"}, "2025-04-14": {"1. open": "55.53", "2. high": "56.635", "3. low": "55.36", "4. close": "56.27", "5. adjusted close": "56.27", "6. volume": "4591763", "7. dividend amount": "0.0000", "8. split coefficient": "1.0"}, "2025-04-11": {"1. open": "54.0", "2. high": "55.35", "3. low": "53.65", "4. close": "55.22", "5. adjusted close": "55.22", "6. volume": "6516570", "7. dividend amount": "0.0000", "8. split coefficient": "1.0"}, "2025-04-10": {"1. open": "53.9", "2. high": "54.775", "3. low": "52.61", "4. close": "54.15", "5. adjusted close": "54.15", "6. volume": "7982279", "7. dividend amount": "0.0000", "8. split coefficient": "1.0"}, "2025-04-09": {"1. open": "51.5", "2. high": "54.3699", "3. low": "50.71", "4. close": "53.98", "5. adjusted close": "53.98", "6. volume": "10569177", "7. dividend amount": "0.0000", "8. split coefficient": "1.0"}, "2025-04-08": {"1. open": "54.04", "2. high": "54.44", "3. low": "51.81", "4. close": "52.27", "5. adjusted close": "52.27", "6. volume": "12132403", "7. dividend amount": "0.0000", "8. split coefficient": "1.0"}, "2025-04-07": {"1. open": "52.7", "2. high": "55.04", "3. low": "52.48", "4. close": "52.93", "5. adjusted close": "52.93", "6. volume": "13272615", "7. dividend amount": "0.0000", "8. split coefficient": "1.0"}, "2025-04-04": {"1. open": "56.33", "2. high": "56.99", "3. low": "55.07", "4. close": "55.15", "5. adjusted close": "55.15", "6. volume": "12097501", "7. dividend amount": "0.0000", "8. split coefficient": "1.0"}, "2025-04-03": {"1. open": "57.51", "2. high": "58.16", "3. low": "56.3775", "4. close": "57.06", "5. adjusted close": "57.06", "6. volume": "9623680", "7. dividend amount": "0.0000", "8. split coefficient": "1.0"}, "2025-04-02": {"1. open": "57.36", "2. high": "57.545", "3. low": "56.68", "4. close": "57.12", "5. adjusted close": "57.12", "6. volume": "4765569", "7. dividend amount": "0.0000", "8. split coefficient": "1.0"}, "2025-04-01": {"1. open": "57.93", "2. high": "58.2", "3. low": "56.51", "4. close": "57.15", "5. adjusted close": "57.15", "6. volume": "5135812", "7. dividend amount": "0.2685", "8. split coefficient": "1.0"}, "2025-03-31": {"1. open": "56.75", "2. high": "58.27", "3. low": "56.75", "4. close": "58.01", "5. adjusted close": "57.7387340317145", "6. volume": "8202080", "7. dividend amount": "0.0000", "8. split coefficient": "1.0"}, "2025-03-28": {"1. open": "56.405", "2. high": "56.735", "3. low": "55.98", "4. close": "56.61", "5. adjusted close": "56.3452807022127", "6. volume": "3504325", "7. dividend amount": "0.0000", "8. split coefficient": "1.0"}, "2025-03-27": {"1. open": "56.47", "2. high": "56.9273", "3. low": "56.1001", "4. close": "56.16", "5. adjusted close": "55.8973849891585", "6. volume": "4490649", "7. dividend amount": "0.0000", "8. split coefficient": "1.0"}, "2025-03-26": {"1. open": "55.8", "2. high": "56.715", "3. low": "55.72", "4. close": "56.56", "5. adjusted close": "56.2955145118733", "6. volume": "4475515", "7. dividend amount": "0.0000", "8. split coefficient": "1.0"}, "2025-03-25": {"1. open": "56.33", "2. high": "56.45", "3. low": "55.51", "4. close": "55.65", "5. adjusted close": "55.3897698476972", "6. volume": "6720638", "7. dividend amount": "0.0000", "8. split coefficient": "1.0"}, "2025-03-24": {"1. open": "55.895", "2. high": "56.4578", "3. low": "55.75", "4. close": "56.28", "5. adjusted close": "56.016823845973", "6. volume": "4699381", "7. dividend amount": "0.0000", "8. split coefficient": "1.0"}, "2025-03-21": {"1. open": "56.27", "2. high": "56.33", "3. low": "55.57", "4. close": "55.8", "5. adjusted close": "55.5390684187152", "6. volume": "10839460", "7. dividend amount": "0.0000", "8. split coefficient": "1.0"}, "2025-03-20": {"1. open": "56.62", "2. high": "56.66", "3. low": "56.1", "4. close": "56.46", "5. adjusted close": "56.1959821311946", "6. volume": "5079410", "7. dividend amount": "0.0000", "8. split coefficient": "1.0"}, "2025-03-19": {"1. open": "56.96", "2. high": "57.03", "3. low": "56.275", "4. close": "56.44", "5. adjusted close": "56.1760756550589", "6. volume": "6039805", "7. dividend amount": "0.0000", "8. split coefficient": "1.0"}, "2025-03-18": {"1. open": "56.99", "2. high": "57.18", "3. low": "56.605", "4. close": "56.96", "5. adjusted close": "56.6936440345881", "6. volume": "3708713", "7. dividend amount": "0.0000", "8. split coefficient": "1.0"}, "2025-03-17": {"1. open": "56.95", "2. high": "57.3685", "3. low": "56.81", "4. close": "56.98", "5. adjusted close": "56.7135505107239", "6. volume": "3837229", "7. dividend amount": "0.0000", "8. split coefficient": "1.0"}, "2025-03-14": {"1. open": "55.97", "2. high": "56.82", "3. low": "55.86", "4. close": "56.69", "5. adjusted close": "56.4249066067556", "6. volume": "6367747", "7. dividend amount": "0.0000", "8. split coefficient": "1.0"}, "2025-03-13": {"1. open": "56.5", "2. high": "57.45", "3. low": "55.8", "4. close": "55.86", "5. adjusted close": "55.5987878471224", "6. volume": "5824093", "7. dividend amount": "0.0000", "8. split coefficient": "1.0"}, "2025-03-12": {"1. open": "56.5", "2. high": "56.72", "3. low": "55.8817", "4. close": "56.37", "5. adjusted close": "56.1064029885838", "6. volume": "7062053", "7. dividend amount": "0.0000", "8. split coefficient": "1.0"}, "2025-03-11": {"1. open": "58.5", "2. high": "58.77", "3. low": "56.23", "4. close": "56.71", "5. adjusted close": "56.4448130828914", "6. volume": "7482478", "7. dividend amount": "0.0000", "8. split coefficient": "1.0"}, "2025-03-10": {"1. open": "58.75", "2. high": "60.39", "3. low": "58.22", "4. close": "58.49", "5. adjusted close": "58.2164894589723", "6. volume": "7560018", "7. dividend amount": "0.0000", "8. split coefficient": "1.0"}, "2025-03-07": {"1. open": "57.47", "2. high": "59.015", "3. low": "57.43", "4. close": "58.48", "5. adjusted close": "58.2065362209044", "6. volume": "6256793", "7. dividend amount": "0.0000", "8. split coefficient": "1.0"}, "2025-03-06": {"1. open": "57.86", "2. high": "58.27", "3. low": "56.7312", "4. close": "57.33", "5. adjusted close": "57.0619138430993", "6. volume": "7126649", "7. dividend amount": "0.0000", "8. split coefficient": "1.0"}, "2025-03-05": {"1. open": "57.34", "2. high": "58.26", "3. low": "57.092", "4. close": "58.11", "5. adjusted close": "57.8382664123932", "6. volume": "5369045", "7. dividend amount": "0.0000", "8. split coefficient": "1.0"}, "2025-03-04": {"1. open": "57.7", "2. high": "58.53", "3. low": "57.7", "4. close": "57.76", "5. adjusted close": "57.4899030800178", "6. volume": "8280659", "7. dividend amount": "0.0000", "8. split coefficient": "1.0"}, "2025-03-03": {"1. open": "56.68", "2. high": "57.64", "3. low": "56.625", "4. close": "57.55", "5. adjusted close": "57.2808850805925", "6. volume": "5859826", "7. dividend amount": "0.2680", "8. split coefficient": "1.0"}, "2025-02-28": {"1. open": "56.84", "2. high": "57.25", "3. low": "56.66", "4. close": "57.03", "5. adjusted close": "56.5002054056901", "6. volume": "7520350", "7. dividend amount": "0.0000", "8. split coefficient": "1.0"}, "2025-02-27": {"1. open": "56.07", "2. high": "56.83", "3. low": "56.05", "4. close": "56.57", "5. adjusted close": "56.0444786919146", "6. volume": "5082147", "7. dividend amount": "0.0000", "8. split coefficient": "1.0"}, "2025-02-26": {"1. open": "56.155", "2. high": "56.91", "3. low": "55.9", "4. close": "56.1", "5. adjusted close": "55.5788448756657", "6. volume": "6078298", "7. dividend amount": "0.0000", "8. split coefficient": "1.0"}, "2025-02-25": {"1. open": "55.69", "2. high": "56.46", "3. low": "54.13", "4. close": "56.24", "5. adjusted close": "55.717544310293", "6. volume": "9777972", "7. dividend amount": "0.0000", "8. split coefficient": "1.0"}, "2025-02-24": {"1. open": "56.74", "2. high": "57.56", "3. low": "56.6629", "4. close": "57.31", "5. adjusted close": "56.7776042749447", "6. volume": "5309279", "7. dividend amount": "0.0000", "8. split coefficient": "1.0"}, "2025-02-21": {"1. open": "56.72", "2. high": "57.325", "3. low": "56.63", "4. close": "57.09", "5. adjusted close": "56.5596480205304", "6. volume": "7387242", "7. dividend amount": "0.0000", "8. split coefficient": "1.0"}, "2025-02-20": {"1. open": "55.67", "2. high": "56.695", "3. low": "55.67", "4. close": "56.52", "5. adjusted close": "55.9949431795477", "6. volume": "5226065", "7. dividend amount": "0.0000", "8. split coefficient": "1.0"}, "2025-02-19": {"1. open": "55.045", "2. high": "55.88", "3. low": "55.0", "4. close": "55.67", "5. adjusted close": "55.1528394693103", "6. volume": "4123507", "7. dividend amount": "0.0000", "8. split coefficient": "1.0"}, "2025-02-18": {"1. open": "54.35", "2. high": "55.24", "3. low": "54.23", "4. close": "55.23", "5. adjusted close": "54.7169269604816", "6. volume": "3811538", "7. dividend amount": "0.0000", "8. split coefficient": "1.0"}, "2025-02-14": {"1. open": "55.08", "2. high": "55.43", "3. low": "54.47", "4. close": "54.49", "5. adjusted close": "53.9838013774514", "6. volume": "3721331", "7. dividend amount": "0.0000", "8. split coefficient": "1.0"}, "2025-02-13": {"1. open": "54.12", "2. high": "55.0", "3. low": "53.93", "4. close": "54.92", "5. adjusted close": "54.4098067838068", "6. volume": "4129722", "7. dividend amount": "0.0000", "8. split coefficient": "1.0"}, "2025-02-12": {"1. open": "53.66", "2. high": "54.1455", "3. low": "53.3", "4. close": "54.07", "5. adjusted close": "53.5677030735694", "6. volume": "4309976", "7. dividend amount": "0.0000", "8. split coefficient": "1.0"}, "2025-02-11": {"1. open": "53.99", "2. high": "54.575", "3. low": "53.7997", "4. close": "54.38", "5. adjusted close": "53.8748232502442", "6. volume": "3893174", "7. dividend amount": "0.0000", "8. split coefficient": "1.0"}, "2025-02-10": {"1. open": "54.05", "2. high": "54.37", "3. low": "53.585", "4. close": "53.96", "5. adjusted close": "53.4587249463622", "6. volume": "3831239", "7. dividend amount": "0.0000", "8. split coefficient": "1.0"}, "2025-02-07": {"1. open": "54.18", "2. high": "54.35", "3. low": "53.87", "4. close": "54.12", "5. adjusted close": "53.6172385859363", "6. volume": "4544545", "7. dividend amount": "0.0000", "8. split coefficient": "1.0"}, "2025-02-06": {"1. open": "54.62", "2. high": "54.7", "3. low": "54.015", "4. close": "54.29", "5. adjusted close": "53.7856593279838", "6. volume": "4367303", "7. dividend amount": "0.0000", "8. split coefficient": "1.0"}, "2025-02-05": {"1. open": "54.59", "2. high": "54.73", "3. low": "54.05", "4. close": "54.43", "5. adjusted close": "53.9243587626111", "6. volume": "4581678", "7. dividend amount": "0.0000", "8. split coefficient": "1.0"}, "2025-02-04": {"1. open": "54.29", "2. high": "54.44", "3. low": "53.85", "4. close": "54.03", "5. adjusted close": "53.5280746636759", "6. volume": "3700776", "7. dividend amount": "0.0000", "8. split coefficient": "1.0"}, "2025-02-03": {"1. open": "53.9", "2. high": "54.75", "3. low": "53.61", "4. close": "54.49", "5. adjusted close": "53.9838013774514", "6. volume": "4324235", "7. dividend amount": "0.2640", "8. split coefficient": "1.0"}, "2025-01-31": {"1. open": "54.09", "2. high": "55.075", "3. low": "54.03", "4. close": "54.64", "5. adjusted close": "53.871404961536", "6. volume": "6777451", "7. dividend amount": "0.0000", "8. split coefficient": "1.0"}, "2025-01-30": {"1. open": "54.7", "2. high": "54.84", "3. low": "53.78", "4. close": "54.32", "5. adjusted close": "53.5559062501947", "6. volume": "4277756", "7. dividend amount": "0.0000", "8. split coefficient": "1.0"}, "2025-01-29": {"1. open": "55.09", "2. high": "55.17", "3. low": "53.8901", "4. close": "54.06", "5. adjusted close": "53.2995635472298", "6. volume": "3510727", "7. dividend amount": "0.0000", "8. split coefficient": "1.0"}, "2025-01-28": {"1. open": "55.63", "2. high": "55.92", "3. low": "54.8908", "4. close": "54.98", "5. adjusted close": "54.2066223423362", "6. volume": "3694680", "7. dividend amount": "0.0000", "8. split coefficient": "1.0"}, "2025-01-27": {"1. open": "55.1", "2. high": "56.15", "3. low": "54.91", "4. close": "56.0", "5. adjusted close": "55.2122744847368", "6. volume": "6102670", "7. dividend amount": "0.0000", "8. split coefficient": "1.0"}, "2025-01-24": {"1. open": "54.05", "2. high": "54.57", "3. low": "53.885", "4. close": "54.34", "5. adjusted close": "53.5756249196535", "6. volume": "3359156", "7. dividend amount": "0.0000", "8. split coefficient": "1.0"}, "2025-01-23": {"1. open": "54.08", "2. high": "54.2366", "3. low": "53.5301", "4. close": "54.13", "5. adjusted close": "53.3685788903358", "6. volume": "3785560", "7. dividend amount": "0.0000", "8. split coefficient": "1.0"}, "2025-01-22": {"1. open": "54.86", "2. high": "54.95", "3. low": "53.93", "4. close": "53.96", "5. adjusted close": "53.2009701999357", "6. volume": "4950005", "7. dividend amount": "0.0000", "8. split coefficient": "1.0"}, "2025-01-21": {"1. open": "54.73", "2. high": "55.485", "3. low": "54.66", "4. close": "55.26", "5. adjusted close": "54.4826837147599", "6. volume": "5732438", "7. dividend amount": "0.0000", "8. split coefficient": "1.0"}, "2025-01-17": {"1. open": "54.65", "2. high": "55.105", "3. low": "54.46", "4. close": "54.62", "5. adjusted close": "53.8516862920772", "6. volume": "5345374", "7. dividend amount": "0.0000", "8. split coefficient": "1.0"}, "2025-01-16": {"1. open": "53.19", "2. high": "54.63", "3. low": "53.1", "4. close": "54.58", "5. adjusted close": "53.8122489531595", "6. volume": "4332035", "7. dividend amount": "0.0000", "8. split coefficient": "1.0"}, "2025-01-15": {"1. open": "54.38", "2. high": "54.4", "3. low": "53.04", "4. close": "53.17", "5. adjusted close": "52.4220827563117", "6. volume": "4978005", "7. dividend amount": "0.0000", "8. split coefficient": "1.0"}, "2025-01-14": {"1. open": "52.54", "2. high": "53.36", "3. low": "52.45", "4. close": "53.15", "5. adjusted close": "52.4023640868529", "6. volume": "4294589", "7. dividend amount": "0.0000", "8. split coefficient": "1.0"}, "2025-01-13": {"1. open": "51.75", "2. high": "52.53", "3. low": "51.6", "4. close": "52.47", "5. adjusted close": "51.7319293252525", "6. volume": "5172748", "7. dividend amount": "0.0000", "8. split coefficient": "1.0"}, "2025-01-10": {"1. open": "52.01", "2. high": "52.24", "3. low": "51.64", "4. close": "51.67", "5. adjusted close": "50.9431825468991", "6. volume": "5852120", "7. dividend amount": "0.0000", "8. split coefficient": "1.0"}, "2025-01-08": {"1. open": "52.54", "2. high": "52.54", "3. low": "51.95", "4. close": "52.51", "5. adjusted close": "51.7713666641702", "6. volume": "4727817", "7. dividend amount": "0.0000", "8. split coefficient": "1.0"}, "2025-01-07": {"1. open": "52.85", "2. high": "53.58", "3. low": "52.405", "4. close": "52.51", "5. adjusted close": "51.7713666641702", "6. volume": "4908545", "7. dividend amount": "0.0000", "8. split coefficient": "1.0"}, "2025-01-06": {"1. open": "53.21", "2. high": "53.28", "3. low": "52.47", "4. close": "52.73", "5. adjusted close": "51.9882720282173", "6. volume": "6850034", "7. dividend amount": "0.0000", "8. split coefficient": "1.0"}, "2025-01-03": {"1. open": "52.64", "2. high": "53.3083", "3. low": "52.54", "4. close": "53.28", "5. adjusted close": "52.5305354383353", "6. volume": "4076272", "7. dividend amount": "0.0000", "8. split coefficient": "1.0"}, "2025-01-02": {"1. open": "53.26", "2. high": "53.345", "3. low": "52.4", "4. close": "52.6", "5. adjusted close": "51.8601006767349", "6. volume": "4991084", "7. dividend amount": "0.2640", "8. split coefficient": "1.0"}, "2024-12-31": {"1. open": "52.96", "2. high": "53.48", "3. low": "52.87", "4. close": "53.41", "5. adjusted close": "52.3957320131736", "6. volume": "5643315", "7. dividend amount": "0.0000", "8. split coefficient": "1.0"}, "2024-12-30": {"1. open": "52.56", "2. high": "52.86", "3. low": "52.2", "4. close": "52.73", "5. adjusted close": "51.7286453670595", "6. volume": "5695297", "7. dividend amount": "0.0000", "8. split coefficient": "1.0"}, "2024-12-27": {"1. open": "52.93", "2. high": "53.48", "3. low": "52.47", "4. close": "52.66", "5. adjusted close": "51.6599746829006", "6. volume": "5373852", "7. dividend amount": "0.0000", "8. split coefficient": "1.0"}, "2024-12-26": {"1. open": "53.11", "2. high": "53.39", "3. low": "52.8855", "4. close": "53.07", "5. adjusted close": "52.0621886901165", "6. volume": "7391190", "7. dividend amount": "0.0000", "8. split coefficient": "1.0"}, "2024-12-24": {"1. open": "52.88", "2. high": "53.24", "3. low": "52.67", "4. close": "53.24", "5. adjusted close": "52.2289603516451", "6. volume": "2585016", "7. dividend amount": "0.0000", "8. split coefficient": "1.0"}, "2024-12-23": {"1. open": "52.7", "2. high": "53.07", "3. low": "52.44", "4. close": "53.0", "5. adjusted close": "51.9935180059577", "6. volume": "5474870", "7. dividend amount": "0.0000", "8. split coefficient": "1.0"}, "2024-12-20": {"1. open": "52.0", "2. high": "53.56", "3. low": "52.0", "4. close": "52.79", "5. adjusted close": "51.7875059534813", "6. volume": "14467152", "7. dividend amount": "0.0000", "8. split coefficient": "1.0"}, "2024-12-19": {"1. open": "53.17", "2. high": "53.51", "3. low": "51.74", "4. close": "51.76", "5. adjusted close": "50.7770658865731", "6. volume": "7959006", "7. dividend amount": "0.0000", "8. split coefficient": "1.0"}, "2024-12-18": {"1. open": "54.3", "2. high": "54.82", "3. low": "52.78", "4. close": "52.81", "5. adjusted close": "51.8071261489552", "6. volume": "7659414", "7. dividend amount": "0.0000", "8. split coefficient": "1.0"}, "2024-12-17": {"1. open": "54.405", "2. high": "55.15", "3. low": "54.14", "4. close": "54.52", "5. adjusted close": "53.4846528619777", "6. volume": "4951728", "7. dividend amount": "0.0000", "8. split coefficient": "1.0"}, "2024-12-16": {"1. open": "55.0", "2. high": "55.47", "3. low": "54.52", "4. close": "54.58", "5. adjusted close": "53.5435134483995", "6. volume": "5671632", "7. dividend amount": "0.0000", "8. split coefficient": "1.0"}, "2024-12-13": {"1. open": "55.0", "2. high": "55.51", "3. low": "54.765", "4. close": "55.34", "5. adjusted close": "54.2890808764095", "6. volume": "3899139", "7. dividend amount": "0.0000", "8. split coefficient": "1.0"}, "2024-12-12": {"1. open": "55.17", "2. high": "55.88", "3. low": "55.061", "4. close": "55.14", "5. adjusted close": "54.09287892167", "6. volume": "3885153", "7. dividend amount": "0.0000", "8. split coefficient": "1.0"}, "2024-12-11": {"1. open": "55.67", "2. high": "55.98", "3. low": "55.17", "4. close": "55.32", "5. adjusted close": "54.2694606809355", "6. volume": "6634565", "7. dividend amount": "0.0000", "8. split coefficient": "1.0"}, "2024-12-10": {"1. open": "56.25", "2. high": "56.32", "3. low": "55.69", "4. close": "55.78", "5. adjusted close": "54.7207251768363", "6. volume": "5089555", "7. dividend amount": "0.0000", "8. split coefficient": "1.0"}, "2024-12-09": {"1. open": "56.1", "2. high": "56.6753", "3. low": "55.77", "4. close": "56.48", "5. adjusted close": "55.4074320184244", "6. volume": "3946838", "7. dividend amount": "0.0000", "8. split coefficient": "1.0"}, "2024-12-06": {"1. open": "56.06", "2. high": "56.36", "3. low": "55.95", "4. close": "56.17", "5. adjusted close": "55.1033189885782", "6. volume": "3112184", "7. dividend amount": "0.0000", "8. split coefficient": "1.0"}, "2024-12-05": {"1. open": "55.97", "2. high": "56.17", "3. low": "55.6799", "4. close": "56.06", "5. adjusted close": "54.9954079134715", "6. volume": "3790633", "7. dividend amount": "0.0000", "8. split coefficient": "1.0"}, "2024-12-04": {"1. open": "56.35", "2. high": "56.57", "3. low": "55.94", "4. close": "56.17", "5. adjusted close": "55.1033189885782", "6. volume": "4011262", "7. dividend amount": "0.0000", "8. split coefficient": "1.0"}, "2024-12-03": {"1. open": "56.9", "2. high": "56.94", "3. low": "56.0", "4. close": "56.03", "5. adjusted close": "54.9659776202606", "6. volume": "4856200", "7. dividend amount": "0.0000", "8. split coefficient": "1.0"}, "2024-12-02": {"1. open": "57.57", "2. high": "57.67", "3. low": "56.41", "4. close": "56.69", "5. adjusted close": "55.6134440709008", "6. volume": "5052987", "7. dividend amount": "0.2635", "8. split coefficient": "1.0"}, "2024-11-29": {"1. open": "58.5", "2. high": "58.65", "3. low": "57.79", "4. close": "57.89", "5. adjusted close": "56.5279092112767", "6. volume": "3486234", "7. dividend amount": "0.0000", "8. split coefficient": "1.0"}, "2024-11-27": {"1. open": "58.14", "2. high": "58.785", "3. low": "58.13", "4. close": "58.32", "5. adjusted close": "56.9477917637184", "6. volume": "3016136", "7. dividend amount": "0.0000", "8. split coefficient": "1.0"}, "2024-11-26": {"1. open": "57.39", "2. high": "57.84", "3. low": "57.075", "4. close": "57.75", "5. adjusted close": "56.3912032639701", "6. volume": "3038864", "7. dividend amount": "0.0000", "8. split coefficient": "1.0"}, "2024-11-25": {"1. open": "57.5", "2. high": "57.7238", "3. low": "57.1701", "4. close": "57.45", "5. adjusted close": "56.0982619483131", "6. volume": "6793304", "7. dividend amount": "0.0000", "8. split coefficient": "1.0"}}}