{"Meta Data": {"1. Information": "Daily Time Series with Splits and Dividend Events", "2. Symbol": "TXT", "3. Last Refreshed": "2025-04-22", "4. Output Size": "Compact", "5. Time Zone": "US/Eastern"}, "Time Series (Daily)": {"2025-04-22": {"1. open": "65.15", "2. high": "65.57", "3. low": "63.93", "4. close": "65.45", "5. adjusted close": "65.45", "6. volume": "2352822", "7. dividend amount": "0.0000", "8. split coefficient": "1.0"}, "2025-04-21": {"1. open": "65.46", "2. high": "65.51", "3. low": "63.79", "4. close": "64.58", "5. adjusted close": "64.58", "6. volume": "1706194", "7. dividend amount": "0.0000", "8. split coefficient": "1.0"}, "2025-04-17": {"1. open": "64.72", "2. high": "66.83", "3. low": "64.72", "4. close": "66.04", "5. adjusted close": "66.04", "6. volume": "1563029", "7. dividend amount": "0.0000", "8. split coefficient": "1.0"}, "2025-04-16": {"1. open": "65.22", "2. high": "66.07", "3. low": "64.56", "4. close": "64.98", "5. adjusted close": "64.98", "6. volume": "1220228", "7. dividend amount": "0.0000", "8. split coefficient": "1.0"}, "2025-04-15": {"1. open": "65.54", "2. high": "66.55", "3. low": "65.3", "4. close": "65.42", "5. adjusted close": "65.42", "6. volume": "731723", "7. dividend amount": "0.0000", "8. split coefficient": "1.0"}, "2025-04-14": {"1. open": "66.0", "2. high": "66.72", "3. low": "65.23", "4. close": "65.99", "5. adjusted close": "65.99", "6. volume": "1343359", "7. dividend amount": "0.0000", "8. split coefficient": "1.0"}, "2025-04-11": {"1. open": "64.51", "2. high": "65.77", "3. low": "63.19", "4. close": "65.68", "5. adjusted close": "65.68", "6. volume": "1258975", "7. dividend amount": "0.0000", "8. split coefficient": "1.0"}, "2025-04-10": {"1. open": "65.0", "2. high": "65.83", "3. low": "62.75", "4. close": "64.52", "5. adjusted close": "64.52", "6. volume": "1581657", "7. dividend amount": "0.0000", "8. split coefficient": "1.0"}, "2025-04-09": {"1. open": "60.2", "2. high": "67.19", "3. low": "60.01", "4. close": "66.78", "5. adjusted close": "66.78", "6. volume": "2160661", "7. dividend amount": "0.0000", "8. split coefficient": "1.0"}, "2025-04-08": {"1. open": "63.91", "2. high": "64.01", "3. low": "59.94", "4. close": "60.93", "5. adjusted close": "60.93", "6. volume": "1703900", "7. dividend amount": "0.0000", "8. split coefficient": "1.0"}, "2025-04-07": {"1. open": "60.27", "2. high": "62.91", "3. low": "57.7", "4. close": "61.09", "5. adjusted close": "61.09", "6. volume": "2703364", "7. dividend amount": "0.0000", "8. split coefficient": "1.0"}, "2025-04-04": {"1. open": "64.84", "2. high": "64.84", "3. low": "60.38", "4. close": "60.72", "5. adjusted close": "60.72", "6. volume": "3237453", "7. dividend amount": "0.0000", "8. split coefficient": "1.0"}, "2025-04-03": {"1. open": "70.29", "2. high": "71.09", "3. low": "66.83", "4. close": "66.87", "5. adjusted close": "66.87", "6. volume": "1977196", "7. dividend amount": "0.0000", "8. split coefficient": "1.0"}, "2025-04-02": {"1. open": "71.25", "2. high": "73.02", "3. low": "71.235", "4. close": "72.48", "5. adjusted close": "72.48", "6. volume": "1148406", "7. dividend amount": "0.0000", "8. split coefficient": "1.0"}, "2025-04-01": {"1. open": "72.03", "2. high": "73.18", "3. low": "71.325", "4. close": "72.16", "5. adjusted close": "72.16", "6. volume": "1219583", "7. dividend amount": "0.0000", "8. split coefficient": "1.0"}, "2025-03-31": {"1. open": "72.65", "2. high": "73.1", "3. low": "71.8", "4. close": "72.25", "5. adjusted close": "72.25", "6. volume": "1567316", "7. dividend amount": "0.0000", "8. split coefficient": "1.0"}, "2025-03-28": {"1. open": "74.92", "2. high": "75.2699", "3. low": "72.88", "4. close": "73.0", "5. adjusted close": "73.0", "6. volume": "1075587", "7. dividend amount": "0.0000", "8. split coefficient": "1.0"}, "2025-03-27": {"1. open": "75.3", "2. high": "75.59", "3. low": "74.73", "4. close": "75.28", "5. adjusted close": "75.28", "6. volume": "1082584", "7. dividend amount": "0.0000", "8. split coefficient": "1.0"}, "2025-03-26": {"1. open": "74.92", "2. high": "75.49", "3. low": "74.67", "4. close": "75.17", "5. adjusted close": "75.17", "6. volume": "1097109", "7. dividend amount": "0.0000", "8. split coefficient": "1.0"}, "2025-03-25": {"1. open": "74.68", "2. high": "75.21", "3. low": "74.29", "4. close": "74.64", "5. adjusted close": "74.64", "6. volume": "2109717", "7. dividend amount": "0.0000", "8. split coefficient": "1.0"}, "2025-03-24": {"1. open": "73.78", "2. high": "74.78", "3. low": "73.43", "4. close": "74.28", "5. adjusted close": "74.28", "6. volume": "2190685", "7. dividend amount": "0.0000", "8. split coefficient": "1.0"}, "2025-03-21": {"1. open": "73.0", "2. high": "73.72", "3. low": "72.53", "4. close": "73.08", "5. adjusted close": "73.08", "6. volume": "3154138", "7. dividend amount": "0.0000", "8. split coefficient": "1.0"}, "2025-03-20": {"1. open": "73.88", "2. high": "74.51", "3. low": "73.3", "4. close": "73.49", "5. adjusted close": "73.49", "6. volume": "2659628", "7. dividend amount": "0.0000", "8. split coefficient": "1.0"}, "2025-03-19": {"1. open": "74.2", "2. high": "75.01", "3. low": "74.145", "4. close": "74.44", "5. adjusted close": "74.44", "6. volume": "1827809", "7. dividend amount": "0.0000", "8. split coefficient": "1.0"}, "2025-03-18": {"1. open": "74.5", "2. high": "74.94", "3. low": "73.88", "4. close": "74.25", "5. adjusted close": "74.25", "6. volume": "1057977", "7. dividend amount": "0.0000", "8. split coefficient": "1.0"}, "2025-03-17": {"1. open": "73.0", "2. high": "75.17", "3. low": "72.46", "4. close": "74.62", "5. adjusted close": "74.62", "6. volume": "1255532", "7. dividend amount": "0.0000", "8. split coefficient": "1.0"}, "2025-03-14": {"1. open": "73.08", "2. high": "73.67", "3. low": "72.665", "4. close": "73.19", "5. adjusted close": "73.19", "6. volume": "1132536", "7. dividend amount": "0.0200", "8. split coefficient": "1.0"}, "2025-03-13": {"1. open": "72.39", "2. high": "73.11", "3. low": "71.35", "4. close": "71.99", "5. adjusted close": "71.9703332878022", "6. volume": "1371489", "7. dividend amount": "0.0000", "8. split coefficient": "1.0"}, "2025-03-12": {"1. open": "73.51", "2. high": "74.3369", "3. low": "72.4296", "4. close": "72.72", "5. adjusted close": "72.7001338614943", "6. volume": "1161914", "7. dividend amount": "0.0000", "8. split coefficient": "1.0"}, "2025-03-11": {"1. open": "75.35", "2. high": "75.63", "3. low": "73.07", "4. close": "73.65", "5. adjusted close": "73.6298797978418", "6. volume": "1521523", "7. dividend amount": "0.0000", "8. split coefficient": "1.0"}, "2025-03-10": {"1. open": "74.99", "2. high": "77.1", "3. low": "74.7", "4. close": "75.44", "5. adjusted close": "75.4193907936074", "6. volume": "1452389", "7. dividend amount": "0.0000", "8. split coefficient": "1.0"}, "2025-03-07": {"1. open": "73.4", "2. high": "75.9", "3. low": "72.76", "4. close": "75.42", "5. adjusted close": "75.3993962573419", "6. volume": "2577518", "7. dividend amount": "0.0000", "8. split coefficient": "1.0"}, "2025-03-06": {"1. open": "72.0", "2. high": "73.649", "3. low": "71.6", "4. close": "73.37", "5. adjusted close": "73.3499562901243", "6. volume": "1552955", "7. dividend amount": "0.0000", "8. split coefficient": "1.0"}, "2025-03-05": {"1. open": "70.68", "2. high": "72.5", "3. low": "70.68", "4. close": "72.37", "5. adjusted close": "72.3502294768474", "6. volume": "1881619", "7. dividend amount": "0.0000", "8. split coefficient": "1.0"}, "2025-03-04": {"1. open": "73.36", "2. high": "73.47", "3. low": "70.14", "4. close": "70.19", "5. adjusted close": "70.1708250239038", "6. volume": "2459428", "7. dividend amount": "0.0000", "8. split coefficient": "1.0"}, "2025-03-03": {"1. open": "75.49", "2. high": "75.905", "3. low": "73.67", "4. close": "74.02", "5. adjusted close": "73.9997787187543", "6. volume": "1396491", "7. dividend amount": "0.0000", "8. split coefficient": "1.0"}, "2025-02-28": {"1. open": "73.72", "2. high": "74.87", "3. low": "73.4446", "4. close": "74.73", "5. adjusted close": "74.7095847561809", "6. volume": "1458474", "7. dividend amount": "0.0000", "8. split coefficient": "1.0"}, "2025-02-27": {"1. open": "73.18", "2. high": "73.73", "3. low": "72.81", "4. close": "73.25", "5. adjusted close": "73.2299890725311", "6. volume": "909038", "7. dividend amount": "0.0000", "8. split coefficient": "1.0"}, "2025-02-26": {"1. open": "73.19", "2. high": "73.63", "3. low": "72.68", "4. close": "73.07", "5. adjusted close": "73.0500382461412", "6. volume": "920914", "7. dividend amount": "0.0000", "8. split coefficient": "1.0"}, "2025-02-25": {"1. open": "72.82", "2. high": "73.52", "3. low": "72.53", "4. close": "73.24", "5. adjusted close": "73.2199918043983", "6. volume": "1170037", "7. dividend amount": "0.0000", "8. split coefficient": "1.0"}, "2025-02-24": {"1. open": "72.88", "2. high": "73.675", "3. low": "72.1217", "4. close": "72.53", "5. adjusted close": "72.5101857669717", "6. volume": "1234472", "7. dividend amount": "0.0000", "8. split coefficient": "1.0"}, "2025-02-21": {"1. open": "72.82", "2. high": "72.83", "3. low": "71.67", "4. close": "72.34", "5. adjusted close": "72.3202376724491", "6. volume": "1648802", "7. dividend amount": "0.0000", "8. split coefficient": "1.0"}, "2025-02-20": {"1. open": "72.56", "2. high": "72.84", "3. low": "72.07", "4. close": "72.43", "5. adjusted close": "72.410213085644", "6. volume": "969701", "7. dividend amount": "0.0000", "8. split coefficient": "1.0"}, "2025-02-19": {"1. open": "72.07", "2. high": "72.88", "3. low": "71.94", "4. close": "72.6", "5. adjusted close": "72.5801666439011", "6. volume": "1243166", "7. dividend amount": "0.0000", "8. split coefficient": "1.0"}, "2025-02-18": {"1. open": "72.77", "2. high": "72.795", "3. low": "71.94", "4. close": "72.44", "5. adjusted close": "72.4202103537768", "6. volume": "1645460", "7. dividend amount": "0.0000", "8. split coefficient": "1.0"}, "2025-02-14": {"1. open": "73.31", "2. high": "73.675", "3. low": "72.03", "4. close": "72.28", "5. adjusted close": "72.2602540636525", "6. volume": "1582254", "7. dividend amount": "0.0000", "8. split coefficient": "1.0"}, "2025-02-13": {"1. open": "73.18", "2. high": "74.07", "3. low": "72.92", "4. close": "73.1", "5. adjusted close": "73.0800300505395", "6. volume": "1287529", "7. dividend amount": "0.0000", "8. split coefficient": "1.0"}, "2025-02-12": {"1. open": "73.09", "2. high": "73.64", "3. low": "72.62", "4. close": "72.8", "5. adjusted close": "72.7801120065565", "6. volume": "1133189", "7. dividend amount": "0.0000", "8. split coefficient": "1.0"}, "2025-02-11": {"1. open": "73.53", "2. high": "74.59", "3. low": "73.505", "4. close": "74.0", "5. adjusted close": "73.9797841824887", "6. volume": "959749", "7. dividend amount": "0.0000", "8. split coefficient": "1.0"}, "2025-02-10": {"1. open": "74.78", "2. high": "74.84", "3. low": "73.9", "4. close": "73.93", "5. adjusted close": "73.9098033055594", "6. volume": "1166651", "7. dividend amount": "0.0000", "8. split coefficient": "1.0"}, "2025-02-07": {"1. open": "75.56", "2. high": "75.56", "3. low": "74.26", "4. close": "74.52", "5. adjusted close": "74.4996421253927", "6. volume": "1110337", "7. dividend amount": "0.0000", "8. split coefficient": "1.0"}, "2025-02-06": {"1. open": "74.64", "2. high": "75.34", "3. low": "74.34", "4. close": "75.26", "5. adjusted close": "75.2394399672176", "6. volume": "1116776", "7. dividend amount": "0.0000", "8. split coefficient": "1.0"}, "2025-02-05": {"1. open": "75.72", "2. high": "75.81", "3. low": "74.17", "4. close": "74.55", "5. adjusted close": "74.529633929791", "6. volume": "1495540", "7. dividend amount": "0.0000", "8. split coefficient": "1.0"}, "2025-02-04": {"1. open": "75.28", "2. high": "76.0097", "3. low": "75.255", "4. close": "75.39", "5. adjusted close": "75.3694044529436", "6. volume": "913146", "7. dividend amount": "0.0000", "8. split coefficient": "1.0"}, "2025-02-03": {"1. open": "75.33", "2. high": "76.0", "3. low": "74.1175", "4. close": "75.43", "5. adjusted close": "75.4093935254747", "6. volume": "1097623", "7. dividend amount": "0.0000", "8. split coefficient": "1.0"}, "2025-01-31": {"1. open": "76.8", "2. high": "77.43", "3. low": "76.215", "4. close": "76.51", "5. adjusted close": "76.4890984838137", "6. volume": "840207", "7. dividend amount": "0.0000", "8. split coefficient": "1.0"}, "2025-01-30": {"1. open": "76.56", "2. high": "77.265", "3. low": "76.245", "4. close": "76.69", "5. adjusted close": "76.6690493102035", "6. volume": "1219241", "7. dividend amount": "0.0000", "8. split coefficient": "1.0"}, "2025-01-29": {"1. open": "76.61", "2. high": "77.21", "3. low": "76.06", "4. close": "76.22", "5. adjusted close": "76.1991777079634", "6. volume": "1240200", "7. dividend amount": "0.0000", "8. split coefficient": "1.0"}, "2025-01-28": {"1. open": "78.71", "2. high": "79.18", "3. low": "76.8", "4. close": "76.82", "5. adjusted close": "76.7990137959295", "6. volume": "1581010", "7. dividend amount": "0.0000", "8. split coefficient": "1.0"}, "2025-01-27": {"1. open": "77.4", "2. high": "79.03", "3. low": "77.224", "4. close": "78.8", "5. adjusted close": "78.7784728862177", "6. volume": "1701403", "7. dividend amount": "0.0000", "8. split coefficient": "1.0"}, "2025-01-24": {"1. open": "77.455", "2. high": "78.795", "3. low": "77.17", "4. close": "77.2", "5. adjusted close": "77.1789099849747", "6. volume": "1928924", "7. dividend amount": "0.0000", "8. split coefficient": "1.0"}, "2025-01-23": {"1. open": "79.45", "2. high": "79.67", "3. low": "78.06", "4. close": "78.21", "5. adjusted close": "78.1886340663844", "6. volume": "1934473", "7. dividend amount": "0.0000", "8. split coefficient": "1.0"}, "2025-01-22": {"1. open": "77.79", "2. high": "79.4866", "3. low": "76.02", "4. close": "78.41", "5. adjusted close": "78.3885794290398", "6. volume": "2516302", "7. dividend amount": "0.0000", "8. split coefficient": "1.0"}, "2025-01-21": {"1. open": "80.0", "2. high": "81.24", "3. low": "80.0", "4. close": "81.2", "5. adjusted close": "81.1778172380822", "6. volume": "1820222", "7. dividend amount": "0.0000", "8. split coefficient": "1.0"}, "2025-01-17": {"1. open": "79.47", "2. high": "79.71", "3. low": "79.12", "4. close": "79.16", "5. adjusted close": "79.1383745389974", "6. volume": "1106723", "7. dividend amount": "0.0000", "8. split coefficient": "1.0"}, "2025-01-16": {"1. open": "78.56", "2. high": "79.015", "3. low": "78.42", "4. close": "78.84", "5. adjusted close": "78.8184619587488", "6. volume": "1028571", "7. dividend amount": "0.0000", "8. split coefficient": "1.0"}, "2025-01-15": {"1. open": "80.0", "2. high": "80.0", "3. low": "78.12", "4. close": "78.56", "5. adjusted close": "78.5385384510313", "6. volume": "1026580", "7. dividend amount": "0.0000", "8. split coefficient": "1.0"}, "2025-01-14": {"1. open": "77.39", "2. high": "78.18", "3. low": "76.98", "4. close": "78.04", "5. adjusted close": "78.0186805081273", "6. volume": "1605202", "7. dividend amount": "0.0000", "8. split coefficient": "1.0"}, "2025-01-13": {"1. open": "75.36", "2. high": "76.98", "3. low": "75.19", "4. close": "76.97", "5. adjusted close": "76.948972817921", "6. volume": "1237297", "7. dividend amount": "0.0000", "8. split coefficient": "1.0"}, "2025-01-10": {"1. open": "75.37", "2. high": "76.16", "3. low": "75.28", "4. close": "75.65", "5. adjusted close": "75.6293334243956", "6. volume": "1261716", "7. dividend amount": "0.0000", "8. split coefficient": "1.0"}, "2025-01-08": {"1. open": "75.24", "2. high": "76.35", "3. low": "74.89", "4. close": "76.0", "5. adjusted close": "75.9792378090425", "6. volume": "1066560", "7. dividend amount": "0.0000", "8. split coefficient": "1.0"}, "2025-01-07": {"1. open": "75.55", "2. high": "76.09", "3. low": "75.0", "4. close": "75.6", "5. adjusted close": "75.5793470837317", "6. volume": "1414542", "7. dividend amount": "0.0000", "8. split coefficient": "1.0"}, "2025-01-06": {"1. open": "76.34", "2. high": "77.2", "3. low": "75.18", "4. close": "75.41", "5. adjusted close": "75.3893989892091", "6. volume": "1684319", "7. dividend amount": "0.0000", "8. split coefficient": "1.0"}, "2025-01-03": {"1. open": "75.83", "2. high": "76.11", "3. low": "75.0902", "4. close": "75.73", "5. adjusted close": "75.7093115694577", "6. volume": "1191126", "7. dividend amount": "0.0000", "8. split coefficient": "1.0"}, "2025-01-02": {"1. open": "76.95", "2. high": "77.19", "3. low": "75.23", "4. close": "75.79", "5. adjusted close": "75.7692951782544", "6. volume": "1180876", "7. dividend amount": "0.0000", "8. split coefficient": "1.0"}, "2024-12-31": {"1. open": "76.64", "2. high": "77.15", "3. low": "76.05", "4. close": "76.49", "5. adjusted close": "76.4691039475481", "6. volume": "784163", "7. dividend amount": "0.0000", "8. split coefficient": "1.0"}, "2024-12-30": {"1. open": "76.12", "2. high": "76.83", "3. low": "75.34", "4. close": "76.56", "5. adjusted close": "76.5390848244775", "6. volume": "686410", "7. dividend amount": "0.0000", "8. split coefficient": "1.0"}, "2024-12-27": {"1. open": "76.8", "2. high": "77.75", "3. low": "76.2", "4. close": "77.21", "5. adjusted close": "77.1889072531075", "6. volume": "736547", "7. dividend amount": "0.0000", "8. split coefficient": "1.0"}, "2024-12-26": {"1. open": "77.0", "2. high": "77.68", "3. low": "76.695", "4. close": "77.4", "5. adjusted close": "77.3788553476301", "6. volume": "795482", "7. dividend amount": "0.0000", "8. split coefficient": "1.0"}, "2024-12-24": {"1. open": "76.19", "2. high": "77.26", "3. low": "75.7", "4. close": "77.24", "5. adjusted close": "77.2188990575058", "6. volume": "435522", "7. dividend amount": "0.0000", "8. split coefficient": "1.0"}, "2024-12-23": {"1. open": "76.15", "2. high": "76.58", "3. low": "75.48", "4. close": "76.44", "5. adjusted close": "76.4191176068843", "6. volume": "1265284", "7. dividend amount": "0.0000", "8. split coefficient": "1.0"}, "2024-12-20": {"1. open": "75.54", "2. high": "77.59", "3. low": "75.36", "4. close": "76.85", "5. adjusted close": "76.8290056003278", "6. volume": "3646146", "7. dividend amount": "0.0000", "8. split coefficient": "1.0"}, "2024-12-19": {"1. open": "76.46", "2. high": "77.2", "3. low": "75.76", "4. close": "75.82", "5. adjusted close": "75.7992869826526", "6. volume": "1630702", "7. dividend amount": "0.0000", "8. split coefficient": "1.0"}, "2024-12-18": {"1. open": "80.01", "2. high": "80.5999", "3. low": "76.03", "4. close": "76.11", "5. adjusted close": "76.0892077585029", "6. volume": "2339646", "7. dividend amount": "0.0000", "8. split coefficient": "1.0"}, "2024-12-17": {"1. open": "81.08", "2. high": "81.77", "3. low": "79.86", "4. close": "80.07", "5. adjusted close": "80.0481259390794", "6. volume": "940434", "7. dividend amount": "0.0000", "8. split coefficient": "1.0"}, "2024-12-16": {"1. open": "81.14", "2. high": "82.0", "3. low": "80.6", "4. close": "81.34", "5. adjusted close": "81.317778991941", "6. volume": "935361", "7. dividend amount": "0.0000", "8. split coefficient": "1.0"}, "2024-12-13": {"1. open": "80.95", "2. high": "81.41", "3. low": "80.67", "4. close": "80.92", "5. adjusted close": "80.8978937303647", "6. volume": "874333", "7. dividend amount": "0.0200", "8. split coefficient": "1.0"}, "2024-12-12": {"1. open": "82.01", "2. high": "82.01", "3. low": "80.97", "4. close": "81.09", "5. adjusted close": "81.0478156979895", "6. volume": "893920", "7. dividend amount": "0.0000", "8. split coefficient": "1.0"}, "2024-12-11": {"1. open": "82.56", "2. high": "82.82", "3. low": "81.91", "4. close": "82.13", "5. adjusted close": "82.0872746735218", "6. volume": "1118457", "7. dividend amount": "0.0000", "8. split coefficient": "1.0"}, "2024-12-10": {"1. open": "82.49", "2. high": "82.95", "3. low": "81.0", "4. close": "82.07", "5. adjusted close": "82.0273058864718", "6. volume": "1150442", "7. dividend amount": "0.0000", "8. split coefficient": "1.0"}, "2024-12-09": {"1. open": "82.6", "2. high": "83.33", "3. low": "82.0258", "4. close": "82.43", "5. adjusted close": "82.3871186087715", "6. volume": "1169791", "7. dividend amount": "0.0000", "8. split coefficient": "1.0"}, "2024-12-06": {"1. open": "83.55", "2. high": "84.11", "3. low": "82.37", "4. close": "82.66", "5. adjusted close": "82.6169989591296", "6. volume": "1320996", "7. dividend amount": "0.0000", "8. split coefficient": "1.0"}, "2024-12-05": {"1. open": "84.83", "2. high": "85.36", "3. low": "82.935", "4. close": "83.11", "5. adjusted close": "83.0667648620041", "6. volume": "1140143", "7. dividend amount": "0.0000", "8. split coefficient": "1.0"}, "2024-12-04": {"1. open": "85.05", "2. high": "85.38", "3. low": "84.51", "4. close": "85.07", "5. adjusted close": "85.0257452389687", "6. volume": "815464", "7. dividend amount": "0.0000", "8. split coefficient": "1.0"}, "2024-12-03": {"1. open": "85.46", "2. high": "85.685", "3. low": "84.745", "4. close": "85.18", "5. adjusted close": "85.1356880152269", "6. volume": "633377", "7. dividend amount": "0.0000", "8. split coefficient": "1.0"}, "2024-12-02": {"1. open": "85.66", "2. high": "86.12", "3. low": "84.79", "4. close": "85.46", "5. adjusted close": "85.4155423547933", "6. volume": "919291", "7. dividend amount": "0.0000", "8. split coefficient": "1.0"}, "2024-11-29": {"1. open": "85.62", "2. high": "85.93", "3. low": "85.07", "4. close": "85.63", "5. adjusted close": "85.5854539181014", "6. volume": "587996", "7. dividend amount": "0.0000", "8. split coefficient": "1.0"}, "2024-11-27": {"1. open": "85.24", "2. high": "86.2047", "3. low": "85.01", "4. close": "85.08", "5. adjusted close": "85.0357400368103", "6. volume": "664709", "7. dividend amount": "0.0000", "8. split coefficient": "1.0"}, "2024-11-26": {"1. open": "85.26", "2. high": "85.55", "3. low": "84.24", "4. close": "85.13", "5. adjusted close": "85.0857140260186", "6. volume": "849704", "7. dividend amount": "0.0000", "8. split coefficient": "1.0"}, "2024-11-25": {"1. open": "85.85", "2. high": "86.695", "3. low": "85.58", "4. close": "85.75", "5. adjusted close": "85.7053914922013", "6. volume": "1125398", "7. dividend amount": "0.0000", "8. split coefficient": "1.0"}}}