{"symbol": "TER", "annualReports": [{"fiscalDateEnding": "2024-12-31", "reportedCurrency": "USD", "grossProfit": "1648927000", "totalRevenue": "2819880000", "costOfRevenue": "1170953000", "costofGoodsAndServicesSold": "1170953000", "operatingIncome": "593788000", "sellingGeneralAndAdministrative": "617047000", "researchAndDevelopment": "460876000", "operatingExpenses": "1055139000", "investmentIncomeNet": "None", "netInterestIncome": "21185000", "interestIncome": "24772000", "interestExpense": "15298000", "nonInterestIncome": "None", "otherNonOperatingIncome": "None", "depreciation": "None", "depreciationAndAmortization": "None", "incomeBeforeTax": "609086000", "incomeTaxExpense": "59503000", "interestAndDebtExpense": "None", "netIncomeFromContinuingOperations": "542372000", "comprehensiveIncomeNetOfTax": "None", "ebit": "None", "ebitda": "593788000", "netIncome": "542372000"}, {"fiscalDateEnding": "2023-12-31", "reportedCurrency": "USD", "grossProfit": "1536748000", "totalRevenue": "2676298000", "costOfRevenue": "1139550000", "costofGoodsAndServicesSold": "1139550000", "operatingIncome": "501068000", "sellingGeneralAndAdministrative": "278384000", "researchAndDevelopment": "220525000", "operatingExpenses": "1035680000", "investmentIncomeNet": "None", "netInterestIncome": "2931000", "interestIncome": "4725000", "interestExpense": "24504000", "nonInterestIncome": "None", "otherNonOperatingIncome": "None", "depreciation": "None", "depreciationAndAmortization": "110702000", "incomeBeforeTax": "525572000", "incomeTaxExpense": "65648000", "interestAndDebtExpense": "None", "netIncomeFromContinuingOperations": "355786000", "comprehensiveIncomeNetOfTax": "None", "ebit": "501068000", "ebitda": "611770000", "netIncome": "448752000"}, {"fiscalDateEnding": "2022-12-31", "reportedCurrency": "USD", "grossProfit": "1867151000", "totalRevenue": "3155045000", "costOfRevenue": "1287894000", "costofGoodsAndServicesSold": "1287894000", "operatingIncome": "831939000", "sellingGeneralAndAdministrative": "558103000", "researchAndDevelopment": "440591000", "operatingExpenses": "1018027000", "investmentIncomeNet": "None", "netInterestIncome": "8446000", "interestIncome": "8446000", "interestExpense": "3719000", "nonInterestIncome": "None", "otherNonOperatingIncome": "12165000", "depreciation": "None", "depreciationAndAmortization": "110096000", "incomeBeforeTax": "840385000", "incomeTaxExpense": "124884000", "interestAndDebtExpense": "None", "netIncomeFromContinuingOperations": "715501000", "comprehensiveIncomeNetOfTax": "None", "ebit": "844104000", "ebitda": "954200000", "netIncome": "715501000"}, {"fiscalDateEnding": "2021-12-31", "reportedCurrency": "USD", "grossProfit": "2206656000", "totalRevenue": "3702881000", "costOfRevenue": "1496225000", "costofGoodsAndServicesSold": "1496225000", "operatingIncome": "1208720000", "sellingGeneralAndAdministrative": "547559000", "researchAndDevelopment": "427609000", "operatingExpenses": "996624000", "investmentIncomeNet": "None", "netInterestIncome": "-39765000", "interestIncome": "2627000", "interestExpense": "39765000", "nonInterestIncome": "None", "otherNonOperatingIncome": "-21945000", "depreciation": "None", "depreciationAndAmortization": "112529000", "incomeBeforeTax": "1168955000", "incomeTaxExpense": "148122000", "interestAndDebtExpense": "None", "netIncomeFromContinuingOperations": "1020833000", "comprehensiveIncomeNetOfTax": "None", "ebit": "1178775000", "ebitda": "1291304000", "netIncome": "1014589000"}, {"fiscalDateEnding": "2020-12-31", "reportedCurrency": "USD", "grossProfit": "1785741000", "totalRevenue": "3121469000", "costOfRevenue": "1335728000", "costofGoodsAndServicesSold": "1335728000", "operatingIncome": "928407000", "sellingGeneralAndAdministrative": "464769000", "researchAndDevelopment": "374964000", "operatingExpenses": "870536000", "investmentIncomeNet": "None", "netInterestIncome": "-27392000", "interestIncome": "5982000", "interestExpense": "27392000", "nonInterestIncome": "None", "otherNonOperatingIncome": "-3210000", "depreciation": "None", "depreciationAndAmortization": "110922000", "incomeBeforeTax": "901015000", "incomeTaxExpense": "116868000", "interestAndDebtExpense": "None", "netIncomeFromContinuingOperations": "784147000", "comprehensiveIncomeNetOfTax": "None", "ebit": "925197000", "ebitda": "1036119000", "netIncome": "784147000"}, {"fiscalDateEnding": "2019-12-31", "reportedCurrency": "USD", "grossProfit": "1339829000", "totalRevenue": "2294965000", "costOfRevenue": "955136000", "costofGoodsAndServicesSold": "955136000", "operatingIncome": "553653000", "sellingGeneralAndAdministrative": "437084000", "researchAndDevelopment": "322824000", "operatingExpenses": "800054000", "investmentIncomeNet": "None", "netInterestIncome": "1640000", "interestIncome": "24785000", "interestExpense": "12881000", "nonInterestIncome": "None", "otherNonOperatingIncome": "-4737000", "depreciation": "None", "depreciationAndAmortization": "120655000", "incomeBeforeTax": "540772000", "incomeTaxExpense": "61597000", "interestAndDebtExpense": "None", "netIncomeFromContinuingOperations": "467468000", "comprehensiveIncomeNetOfTax": "None", "ebit": "529743000", "ebitda": "650398000", "netIncome": "479175000"}, {"fiscalDateEnding": "2018-12-31", "reportedCurrency": "USD", "grossProfit": "1220394000", "totalRevenue": "2100802000", "costOfRevenue": "880408000", "costofGoodsAndServicesSold": "880408000", "operatingIncome": "473797000", "sellingGeneralAndAdministrative": "390669000", "researchAndDevelopment": "301505000", "operatingExpenses": "731365000", "investmentIncomeNet": "None", "netInterestIncome": "-4565000", "interestIncome": "26704000", "interestExpense": "5996000", "nonInterestIncome": "None", "otherNonOperatingIncome": "25273000", "depreciation": "None", "depreciationAndAmortization": "113224000", "incomeBeforeTax": "467801000", "incomeTaxExpense": "16022000", "interestAndDebtExpense": "None", "netIncomeFromContinuingOperations": "451779000", "comprehensiveIncomeNetOfTax": "None", "ebit": "490522000", "ebitda": "603746000", "netIncome": "451779000"}, {"fiscalDateEnding": "2017-12-31", "reportedCurrency": "USD", "grossProfit": "1223872000", "totalRevenue": "2136606000", "costOfRevenue": "912734000", "costofGoodsAndServicesSold": "912734000", "operatingIncome": "530028000", "sellingGeneralAndAdministrative": "348287000", "researchAndDevelopment": "305665000", "operatingExpenses": "684482000", "investmentIncomeNet": "None", "netInterestIncome": "-3858000", "interestIncome": "17805000", "interestExpense": "5616000", "nonInterestIncome": "None", "otherNonOperatingIncome": "16047000", "depreciation": "None", "depreciationAndAmortization": "108075000", "incomeBeforeTax": "524412000", "incomeTaxExpense": "266720000", "interestAndDebtExpense": "None", "netIncomeFromContinuingOperations": "257692000", "comprehensiveIncomeNetOfTax": "None", "ebit": "539917000", "ebitda": "647992000", "netIncome": "257692000"}, {"fiscalDateEnding": "2016-12-31", "reportedCurrency": "USD", "grossProfit": "959567000", "totalRevenue": "1753250000", "costOfRevenue": "793683000", "costofGoodsAndServicesSold": "793683000", "operatingIncome": "-60015000", "sellingGeneralAndAdministrative": "315682000", "researchAndDevelopment": "291025000", "operatingExpenses": "659355000", "investmentIncomeNet": "None", "netInterestIncome": "5659000", "interestIncome": "9296000", "interestExpense": "4955000", "nonInterestIncome": "None", "otherNonOperatingIncome": "8592000", "depreciation": "None", "depreciationAndAmortization": "120009000", "incomeBeforeTax": "-55060000", "incomeTaxExpense": "-11639000", "interestAndDebtExpense": "None", "netIncomeFromContinuingOperations": "-43421000", "comprehensiveIncomeNetOfTax": "None", "ebit": "-51923001", "ebitda": "68085999", "netIncome": "-43421000"}, {"fiscalDateEnding": "2015-12-31", "reportedCurrency": "USD", "grossProfit": "915643000", "totalRevenue": "1639578000", "costOfRevenue": "723935000", "costofGoodsAndServicesSold": "723935000", "operatingIncome": "242969000", "sellingGeneralAndAdministrative": "306313000", "researchAndDevelopment": "292250000", "operatingExpenses": "667594000", "investmentIncomeNet": "None", "netInterestIncome": "None", "interestIncome": "2291000", "interestExpense": "10155000", "nonInterestIncome": "None", "otherNonOperatingIncome": "12031000", "depreciation": "None", "depreciationAndAmortization": "140772000", "incomeBeforeTax": "253124000", "incomeTaxExpense": "46647000", "interestAndDebtExpense": "None", "netIncomeFromContinuingOperations": "206477000", "comprehensiveIncomeNetOfTax": "None", "ebit": "249666000", "ebitda": "390438000", "netIncome": "206477000"}, {"fiscalDateEnding": "2014-12-31", "reportedCurrency": "USD", "grossProfit": "878808000", "totalRevenue": "1647824000", "costOfRevenue": "769016000", "costofGoodsAndServicesSold": "769016000", "operatingIncome": "96423000", "sellingGeneralAndAdministrative": "319713000", "researchAndDevelopment": "291639000", "operatingExpenses": "682123000", "investmentIncomeNet": "None", "netInterestIncome": "None", "interestIncome": "None", "interestExpense": "1047000", "nonInterestIncome": "None", "otherNonOperatingIncome": "5887000", "depreciation": "None", "depreciationAndAmortization": "152544000", "incomeBeforeTax": "95376000", "incomeTaxExpense": "14104000", "interestAndDebtExpense": "None", "netIncomeFromContinuingOperations": "81272000", "comprehensiveIncomeNetOfTax": "None", "ebit": "203260000", "ebitda": "355804000", "netIncome": "81272000"}, {"fiscalDateEnding": "2013-12-31", "reportedCurrency": "USD", "grossProfit": "808801000", "totalRevenue": "1427933000", "costOfRevenue": "619132000", "costofGoodsAndServicesSold": "619132000", "operatingIncome": "190659000", "sellingGeneralAndAdministrative": "279560000", "researchAndDevelopment": "264055000", "operatingExpenses": "616062000", "investmentIncomeNet": "None", "netInterestIncome": "None", "interestIncome": "None", "interestExpense": "11263000", "nonInterestIncome": "None", "otherNonOperatingIncome": "4129000", "depreciation": "None", "depreciationAndAmortization": "150687000", "incomeBeforeTax": "201922000", "incomeTaxExpense": "36975000", "interestAndDebtExpense": "None", "netIncomeFromContinuingOperations": "164947000", "comprehensiveIncomeNetOfTax": "None", "ebit": "192159000", "ebitda": "342846000", "netIncome": "164947000"}, {"fiscalDateEnding": "2012-12-31", "reportedCurrency": "USD", "grossProfit": "886037000", "totalRevenue": "1656750000", "costOfRevenue": "770713000", "costofGoodsAndServicesSold": "770713000", "operatingIncome": "287368000", "sellingGeneralAndAdministrative": "281500000", "researchAndDevelopment": "251382000", "operatingExpenses": "606390000", "investmentIncomeNet": "None", "netInterestIncome": "None", "interestIncome": "None", "interestExpense": "21392000", "nonInterestIncome": "None", "otherNonOperatingIncome": "4090000", "depreciation": "None", "depreciationAndAmortization": "142799000", "incomeBeforeTax": "265976000", "incomeTaxExpense": "48927000", "interestAndDebtExpense": "None", "netIncomeFromContinuingOperations": "217049000", "comprehensiveIncomeNetOfTax": "None", "ebit": "290932000", "ebitda": "433731000", "netIncome": "217049000"}, {"fiscalDateEnding": "2011-12-31", "reportedCurrency": "USD", "grossProfit": "713693000", "totalRevenue": "1429061000", "costOfRevenue": "715368000", "costofGoodsAndServicesSold": "715368000", "operatingIncome": "235714000", "sellingGeneralAndAdministrative": "233711000", "researchAndDevelopment": "195600000", "operatingExpenses": "469776000", "investmentIncomeNet": "None", "netInterestIncome": "None", "interestIncome": "None", "interestExpense": "17077000", "nonInterestIncome": "None", "otherNonOperatingIncome": "6617000", "depreciation": "None", "depreciationAndAmortization": "113324000", "incomeBeforeTax": "218637000", "incomeTaxExpense": "-119199000", "interestAndDebtExpense": "None", "netIncomeFromContinuingOperations": "347893000", "comprehensiveIncomeNetOfTax": "None", "ebit": "240604000", "ebitda": "353928000", "netIncome": "363752000"}, {"fiscalDateEnding": "2010-12-31", "reportedCurrency": "USD", "grossProfit": "872749000", "totalRevenue": "1608650000", "costOfRevenue": "735901000", "costofGoodsAndServicesSold": "735901000", "operatingIncome": "413468000", "sellingGeneralAndAdministrative": "230101000", "researchAndDevelopment": "197022000", "operatingExpenses": "456374000", "investmentIncomeNet": "None", "netInterestIncome": "None", "interestIncome": "None", "interestExpense": "18956000", "nonInterestIncome": "None", "otherNonOperatingIncome": "-18956000", "depreciation": "None", "depreciationAndAmortization": "99757000", "incomeBeforeTax": "394512000", "incomeTaxExpense": "14782000", "interestAndDebtExpense": "None", "netIncomeFromContinuingOperations": "379730000", "comprehensiveIncomeNetOfTax": "None", "ebit": "414557000", "ebitda": "514314000", "netIncome": "379730000"}, {"fiscalDateEnding": "2009-12-31", "reportedCurrency": "USD", "grossProfit": "311633000", "totalRevenue": "819407000", "costOfRevenue": "507774000", "costofGoodsAndServicesSold": "507774000", "operatingIncome": "-122420000", "sellingGeneralAndAdministrative": "200430000", "researchAndDevelopment": "164836000", "operatingExpenses": "397561000", "investmentIncomeNet": "None", "netInterestIncome": "None", "interestIncome": "None", "interestExpense": "20217000", "nonInterestIncome": "None", "otherNonOperatingIncome": "None", "depreciation": "None", "depreciationAndAmortization": "32295000", "incomeBeforeTax": "-142637000", "incomeTaxExpense": "-8800000", "interestAndDebtExpense": "None", "netIncomeFromContinuingOperations": "None", "comprehensiveIncomeNetOfTax": "None", "ebit": "-52875000", "ebitda": "-20580000", "netIncome": "-133837000"}, {"fiscalDateEnding": "2008-12-31", "reportedCurrency": "USD", "grossProfit": "498192000", "totalRevenue": "1107042000", "costOfRevenue": "608850000", "costofGoodsAndServicesSold": "608850000", "operatingIncome": "-384347000", "sellingGeneralAndAdministrative": "247789000", "researchAndDevelopment": "216461000", "operatingExpenses": "818164000", "investmentIncomeNet": "None", "netInterestIncome": "None", "interestIncome": "None", "interestExpense": "14236000", "nonInterestIncome": "None", "otherNonOperatingIncome": "None", "depreciation": "None", "depreciationAndAmortization": "94760000", "incomeBeforeTax": "-386025000", "incomeTaxExpense": "12577000", "interestAndDebtExpense": "None", "netIncomeFromContinuingOperations": "None", "comprehensiveIncomeNetOfTax": "None", "ebit": "-384889000", "ebitda": "-290129000", "netIncome": "-397834000"}, {"fiscalDateEnding": "2007-12-31", "reportedCurrency": "USD", "grossProfit": "513433000", "totalRevenue": "1102280000", "costOfRevenue": "588847000", "costofGoodsAndServicesSold": "588847000", "operatingIncome": "42207000", "sellingGeneralAndAdministrative": "250841000", "researchAndDevelopment": "204344000", "operatingExpenses": "455185000", "investmentIncomeNet": "None", "netInterestIncome": "None", "interestIncome": "None", "interestExpense": "689000", "nonInterestIncome": "None", "otherNonOperatingIncome": "None", "depreciation": "None", "depreciationAndAmortization": "67495000", "incomeBeforeTax": "79243000", "incomeTaxExpense": "7360000", "interestAndDebtExpense": "None", "netIncomeFromContinuingOperations": "None", "comprehensiveIncomeNetOfTax": "None", "ebit": "79932000", "ebitda": "147427000", "netIncome": "77711000"}, {"fiscalDateEnding": "2006-12-31", "reportedCurrency": "USD", "grossProfit": "660432000", "totalRevenue": "1376818000", "costOfRevenue": "716386000", "costofGoodsAndServicesSold": "716386000", "operatingIncome": "196831000", "sellingGeneralAndAdministrative": "289006000", "researchAndDevelopment": "208702000", "operatingExpenses": "497708000", "investmentIncomeNet": "None", "netInterestIncome": "None", "interestIncome": "None", "interestExpense": "11060000", "nonInterestIncome": "None", "otherNonOperatingIncome": "None", "depreciation": "None", "depreciationAndAmortization": "73540000", "incomeBeforeTax": "230395000", "incomeTaxExpense": "27752000", "interestAndDebtExpense": "None", "netIncomeFromContinuingOperations": "None", "comprehensiveIncomeNetOfTax": "None", "ebit": "241455000", "ebitda": "314995000", "netIncome": "198757000"}, {"fiscalDateEnding": "2005-12-31", "reportedCurrency": "USD", "grossProfit": "411768000", "totalRevenue": "1075232000", "costOfRevenue": "663464000", "costofGoodsAndServicesSold": "663464000", "operatingIncome": "-81698000", "sellingGeneralAndAdministrative": "252807000", "researchAndDevelopment": "223015000", "operatingExpenses": "475822000", "investmentIncomeNet": "None", "netInterestIncome": "None", "interestIncome": "None", "interestExpense": "16229000", "nonInterestIncome": "None", "otherNonOperatingIncome": "None", "depreciation": "None", "depreciationAndAmortization": "91168000", "incomeBeforeTax": "-80137000", "incomeTaxExpense": "-19680000", "interestAndDebtExpense": "None", "netIncomeFromContinuingOperations": "None", "comprehensiveIncomeNetOfTax": "None", "ebit": "-63908000", "ebitda": "27260000", "netIncome": "90648000"}], "quarterlyReports": [{"fiscalDateEnding": "2024-12-31", "reportedCurrency": "USD", "grossProfit": "447287000", "totalRevenue": "752884000", "costOfRevenue": "305597000", "costofGoodsAndServicesSold": "305597000", "operatingIncome": "153584000", "sellingGeneralAndAdministrative": "155740000", "researchAndDevelopment": "128387000", "operatingExpenses": "293703000", "investmentIncomeNet": "None", "netInterestIncome": "4525000", "interestIncome": "5114000", "interestExpense": "4213000", "nonInterestIncome": "None", "otherNonOperatingIncome": "None", "depreciation": "None", "depreciationAndAmortization": "None", "incomeBeforeTax": "157797000", "incomeTaxExpense": "5408000", "interestAndDebtExpense": "None", "netIncomeFromContinuingOperations": "146253000", "comprehensiveIncomeNetOfTax": "None", "ebit": "None", "ebitda": "153584000", "netIncome": "146253000"}, {"fiscalDateEnding": "2024-09-30", "reportedCurrency": "USD", "grossProfit": "436514000", "totalRevenue": "737298000", "costOfRevenue": "300784000", "costofGoodsAndServicesSold": "300784000", "operatingIncome": "152065000", "sellingGeneralAndAdministrative": "157649000", "researchAndDevelopment": "117474000", "operatingExpenses": "284449000", "investmentIncomeNet": "None", "netInterestIncome": "4268000", "interestIncome": "5076000", "interestExpense": "808000", "nonInterestIncome": "None", "otherNonOperatingIncome": "None", "depreciation": "None", "depreciationAndAmortization": "30301000", "incomeBeforeTax": "158984000", "incomeTaxExpense": "12260000", "interestAndDebtExpense": "None", "netIncomeFromContinuingOperations": "145649000", "comprehensiveIncomeNetOfTax": "None", "ebit": "159792000", "ebitda": "190093000", "netIncome": "145649000"}, {"fiscalDateEnding": "2024-06-30", "reportedCurrency": "USD", "grossProfit": "423588000", "totalRevenue": "729879000", "costOfRevenue": "306291000", "costofGoodsAndServicesSold": "306291000", "operatingIncome": "154894000", "sellingGeneralAndAdministrative": "154470000", "researchAndDevelopment": "111816000", "operatingExpenses": "268694000", "investmentIncomeNet": "None", "netInterestIncome": "5185000", "interestIncome": "6715000", "interestExpense": "1530000", "nonInterestIncome": "None", "otherNonOperatingIncome": "None", "depreciation": "None", "depreciationAndAmortization": "30237000", "incomeBeforeTax": "219403000", "incomeTaxExpense": "33130000", "interestAndDebtExpense": "None", "netIncomeFromContinuingOperations": "186273000", "comprehensiveIncomeNetOfTax": "None", "ebit": "220933000", "ebitda": "251170000", "netIncome": "186273000"}, {"fiscalDateEnding": "2024-03-31", "reportedCurrency": "USD", "grossProfit": "337261000", "totalRevenue": "597539000", "costOfRevenue": "260278000", "costofGoodsAndServicesSold": "260278000", "operatingIncome": "79918000", "sellingGeneralAndAdministrative": "149188000", "researchAndDevelopment": "103199000", "operatingExpenses": "257343000", "investmentIncomeNet": "None", "netInterestIncome": "7206000", "interestIncome": "7867000", "interestExpense": "661000", "nonInterestIncome": "None", "otherNonOperatingIncome": "None", "depreciation": "None", "depreciationAndAmortization": "28051000", "incomeBeforeTax": "72902000", "incomeTaxExpense": "8705000", "interestAndDebtExpense": "None", "netIncomeFromContinuingOperations": "64197000", "comprehensiveIncomeNetOfTax": "None", "ebit": "73563000", "ebitda": "101614000", "netIncome": "64197000"}, {"fiscalDateEnding": "2023-12-31", "reportedCurrency": "USD", "grossProfit": "379068000", "totalRevenue": "670600000", "costOfRevenue": "291532000", "costofGoodsAndServicesSold": "291532000", "operatingIncome": "130351000", "sellingGeneralAndAdministrative": "441683000", "researchAndDevelopment": "102207000", "operatingExpenses": "248717000", "investmentIncomeNet": "None", "netInterestIncome": "23003000", "interestIncome": "26030000", "interestExpense": "812000", "nonInterestIncome": "None", "otherNonOperatingIncome": "None", "depreciation": "None", "depreciationAndAmortization": "27911000", "incomeBeforeTax": "139806000", "incomeTaxExpense": "22752000", "interestAndDebtExpense": "None", "netIncomeFromContinuingOperations": "265267000", "comprehensiveIncomeNetOfTax": "None", "ebit": "140618000", "ebitda": "168529000", "netIncome": "117054000"}, {"fiscalDateEnding": "2023-09-30", "reportedCurrency": "USD", "grossProfit": "400685000", "totalRevenue": "699772000", "costOfRevenue": "299087000", "costofGoodsAndServicesSold": "299087000", "operatingIncome": "146868000", "sellingGeneralAndAdministrative": "138330000", "researchAndDevelopment": "104413000", "operatingExpenses": "253817000", "investmentIncomeNet": "None", "netInterestIncome": "308000", "interestIncome": "6873000", "interestExpense": "963000", "nonInterestIncome": "None", "otherNonOperatingIncome": "None", "depreciation": "None", "depreciationAndAmortization": "28347000", "incomeBeforeTax": "144280000", "incomeTaxExpense": "16164000", "interestAndDebtExpense": "None", "netIncomeFromContinuingOperations": "128116000", "comprehensiveIncomeNetOfTax": "None", "ebit": "145243000", "ebitda": "173590000", "netIncome": "128116000"}, {"fiscalDateEnding": "2023-06-30", "reportedCurrency": "USD", "grossProfit": "402206000", "totalRevenue": "684023000", "costOfRevenue": "281817000", "costofGoodsAndServicesSold": "281817000", "operatingIncome": "145852000", "sellingGeneralAndAdministrative": "145695000", "researchAndDevelopment": "105706000", "operatingExpenses": "256353999", "investmentIncomeNet": "None", "netInterestIncome": "4494000", "interestIncome": "6354000", "interestExpense": "1044999", "nonInterestIncome": "None", "otherNonOperatingIncome": "None", "depreciation": "None", "depreciationAndAmortization": "27376000", "incomeBeforeTax": "144402000", "incomeTaxExpense": "24352000", "interestAndDebtExpense": "None", "netIncomeFromContinuingOperations": "120050000", "comprehensiveIncomeNetOfTax": "None", "ebit": "145447000", "ebitda": "172823000", "netIncome": "120050000"}, {"fiscalDateEnding": "2023-03-31", "reportedCurrency": "USD", "grossProfit": "352630000", "totalRevenue": "615991000", "costOfRevenue": "263361000", "costofGoodsAndServicesSold": "263361000", "operatingIncome": "91363000", "sellingGeneralAndAdministrative": "150955000", "researchAndDevelopment": "105762000", "operatingExpenses": "261267000", "investmentIncomeNet": "None", "netInterestIncome": "4220000", "interestIncome": "5258000", "interestExpense": "987000", "nonInterestIncome": "None", "otherNonOperatingIncome": "5207000", "depreciation": "None", "depreciationAndAmortization": "27482000", "incomeBeforeTax": "97084000", "incomeTaxExpense": "13553000", "interestAndDebtExpense": "None", "netIncomeFromContinuingOperations": "83531000", "comprehensiveIncomeNetOfTax": "None", "ebit": "98071000", "ebitda": "125553000", "netIncome": "83531000"}, {"fiscalDateEnding": "2022-12-31", "reportedCurrency": "USD", "grossProfit": "420449000", "totalRevenue": "731836000", "costOfRevenue": "311387000", "costofGoodsAndServicesSold": "311387000", "operatingIncome": "166586000", "sellingGeneralAndAdministrative": "142753000", "researchAndDevelopment": "108810000", "operatingExpenses": "256232000", "investmentIncomeNet": "None", "netInterestIncome": "28651000", "interestIncome": "28651000", "interestExpense": "1015000", "nonInterestIncome": "None", "otherNonOperatingIncome": "29665000", "depreciation": "None", "depreciationAndAmortization": "27531000", "incomeBeforeTax": "195237000", "incomeTaxExpense": "22936000", "interestAndDebtExpense": "None", "netIncomeFromContinuingOperations": "172301000", "comprehensiveIncomeNetOfTax": "None", "ebit": "196252000", "ebitda": "223783000", "netIncome": "172301000"}, {"fiscalDateEnding": "2022-09-30", "reportedCurrency": "USD", "grossProfit": "485379000", "totalRevenue": "827073000", "costOfRevenue": "341694000", "costofGoodsAndServicesSold": "341694000", "operatingIncome": "232707000", "sellingGeneralAndAdministrative": "135632000", "researchAndDevelopment": "111715000", "operatingExpenses": "259721000", "investmentIncomeNet": "None", "netInterestIncome": "-5310000", "interestIncome": "1318000", "interestExpense": "779000", "nonInterestIncome": "None", "otherNonOperatingIncome": "-4531000", "depreciation": "None", "depreciationAndAmortization": "28358999", "incomeBeforeTax": "226197000", "incomeTaxExpense": "42712000", "interestAndDebtExpense": "None", "netIncomeFromContinuingOperations": "183485000", "comprehensiveIncomeNetOfTax": "None", "ebit": "226788001", "ebitda": "255147000", "netIncome": "183485000"}, {"fiscalDateEnding": "2022-06-30", "reportedCurrency": "USD", "grossProfit": "506389000", "totalRevenue": "840766000", "costOfRevenue": "334377000", "costofGoodsAndServicesSold": "334377000", "operatingIncome": "247990000", "sellingGeneralAndAdministrative": "139533000", "researchAndDevelopment": "111951000", "operatingExpenses": "256355000", "investmentIncomeNet": "None", "netInterestIncome": "-9398000", "interestIncome": "951000", "interestExpense": "9398000", "nonInterestIncome": "None", "otherNonOperatingIncome": "-8485000", "depreciation": "None", "depreciationAndAmortization": "26828000", "incomeBeforeTax": "238592000", "incomeTaxExpense": "40805000", "interestAndDebtExpense": "None", "netIncomeFromContinuingOperations": "197787000", "comprehensiveIncomeNetOfTax": "None", "ebit": "247981000", "ebitda": "274809000", "netIncome": "197787000"}, {"fiscalDateEnding": "2022-03-31", "reportedCurrency": "USD", "grossProfit": "454933000", "totalRevenue": "755370000", "costOfRevenue": "300437000", "costofGoodsAndServicesSold": "300437000", "operatingIncome": "185855000", "sellingGeneralAndAdministrative": "140185000", "researchAndDevelopment": "108116000", "operatingExpenses": "253364000", "investmentIncomeNet": "None", "netInterestIncome": "-5496000", "interestIncome": "703000", "interestExpense": "5496000", "nonInterestIncome": "None", "otherNonOperatingIncome": "-4484000", "depreciation": "None", "depreciationAndAmortization": "27566000", "incomeBeforeTax": "180359000", "incomeTaxExpense": "18431000", "interestAndDebtExpense": "None", "netIncomeFromContinuingOperations": "161928000", "comprehensiveIncomeNetOfTax": "None", "ebit": "181371000", "ebitda": "208937000", "netIncome": "161928000"}, {"fiscalDateEnding": "2021-12-31", "reportedCurrency": "USD", "grossProfit": "527049000", "totalRevenue": "885047000", "costOfRevenue": "357998000", "costofGoodsAndServicesSold": "357998000", "operatingIncome": "264436000", "sellingGeneralAndAdministrative": "142747000", "researchAndDevelopment": "109965000", "operatingExpenses": "257875000", "investmentIncomeNet": "None", "netInterestIncome": "-1256000", "interestIncome": "561000", "interestExpense": "1256000", "nonInterestIncome": "None", "otherNonOperatingIncome": "-1805000", "depreciation": "None", "depreciationAndAmortization": "28370000", "incomeBeforeTax": "263180000", "incomeTaxExpense": "32896000", "interestAndDebtExpense": "None", "netIncomeFromContinuingOperations": "230284000", "comprehensiveIncomeNetOfTax": "None", "ebit": "265646000", "ebitda": "294016000", "netIncome": "224040000"}, {"fiscalDateEnding": "2021-09-30", "reportedCurrency": "USD", "grossProfit": "571001000", "totalRevenue": "950501000", "costOfRevenue": "379500000", "costofGoodsAndServicesSold": "379500000", "operatingIncome": "322400000", "sellingGeneralAndAdministrative": "134829000", "researchAndDevelopment": "107220000", "operatingExpenses": "247404000", "investmentIncomeNet": "None", "netInterestIncome": "-24645000", "interestIncome": "626000", "interestExpense": "24645000", "nonInterestIncome": "None", "otherNonOperatingIncome": "-20860000", "depreciation": "None", "depreciationAndAmortization": "27373000", "incomeBeforeTax": "297755000", "incomeTaxExpense": "41037000", "interestAndDebtExpense": "None", "netIncomeFromContinuingOperations": "256718000", "comprehensiveIncomeNetOfTax": "None", "ebit": "301540000", "ebitda": "328913000", "netIncome": "256718000"}, {"fiscalDateEnding": "2021-06-30", "reportedCurrency": "USD", "grossProfit": "646989000", "totalRevenue": "1085728000", "costOfRevenue": "438739000", "costofGoodsAndServicesSold": "438739000", "operatingIncome": "388872000", "sellingGeneralAndAdministrative": "140187000", "researchAndDevelopment": "110021000", "operatingExpenses": "255610000", "investmentIncomeNet": "None", "netInterestIncome": "-4846000", "interestIncome": "633000", "interestExpense": "4846000", "nonInterestIncome": "None", "otherNonOperatingIncome": "720000", "depreciation": "None", "depreciationAndAmortization": "27340000", "incomeBeforeTax": "384026000", "incomeTaxExpense": "55707000", "interestAndDebtExpense": "None", "netIncomeFromContinuingOperations": "328319000", "comprehensiveIncomeNetOfTax": "None", "ebit": "392991000", "ebitda": "420331000", "netIncome": "328319000"}, {"fiscalDateEnding": "2021-03-31", "reportedCurrency": "USD", "grossProfit": "461618000", "totalRevenue": "781606000", "costOfRevenue": "319988000", "costofGoodsAndServicesSold": "319988000", "operatingIncome": "233013000", "sellingGeneralAndAdministrative": "129797000", "researchAndDevelopment": "100402000", "operatingExpenses": "235735000", "investmentIncomeNet": "None", "netInterestIncome": "-9020000", "interestIncome": "808000", "interestExpense": "9020000", "nonInterestIncome": "None", "otherNonOperatingIncome": "None", "depreciation": "None", "depreciationAndAmortization": "33732000", "incomeBeforeTax": "223993000", "incomeTaxExpense": "18481000", "interestAndDebtExpense": "None", "netIncomeFromContinuingOperations": "205512000", "comprehensiveIncomeNetOfTax": "None", "ebit": "225273000", "ebitda": "259005000", "netIncome": "205512000"}, {"fiscalDateEnding": "2020-12-31", "reportedCurrency": "USD", "grossProfit": "449789000", "totalRevenue": "758968000", "costOfRevenue": "309179000", "costofGoodsAndServicesSold": "309179000", "operatingIncome": "234080000", "sellingGeneralAndAdministrative": "348928000", "researchAndDevelopment": "100795000", "operatingExpenses": "230826000", "investmentIncomeNet": "None", "netInterestIncome": "-11155000", "interestIncome": "793000", "interestExpense": "11155000", "nonInterestIncome": "None", "otherNonOperatingIncome": "-4804000", "depreciation": "None", "depreciationAndAmortization": "32055000", "incomeBeforeTax": "222925000", "incomeTaxExpense": "26595000", "interestAndDebtExpense": "None", "netIncomeFromContinuingOperations": "196330000", "comprehensiveIncomeNetOfTax": "None", "ebit": "211167000", "ebitda": "243222000", "netIncome": "196332000"}, {"fiscalDateEnding": "2020-09-30", "reportedCurrency": "USD", "grossProfit": "458928000", "totalRevenue": "819484000", "costOfRevenue": "360556000", "costofGoodsAndServicesSold": "360556000", "operatingIncome": "269661000", "sellingGeneralAndAdministrative": "115840000", "researchAndDevelopment": "94909000", "operatingExpenses": "216968000", "investmentIncomeNet": "None", "netInterestIncome": "-5166000", "interestIncome": "1071000", "interestExpense": "6237000", "nonInterestIncome": "None", "otherNonOperatingIncome": "307000", "depreciation": "None", "depreciationAndAmortization": "30149000", "incomeBeforeTax": "263731000", "incomeTaxExpense": "41013000", "interestAndDebtExpense": "None", "netIncomeFromContinuingOperations": "222718000", "comprehensiveIncomeNetOfTax": "None", "ebit": "238726000", "ebitda": "268875000", "netIncome": "222718000"}, {"fiscalDateEnding": "2020-06-30", "reportedCurrency": "USD", "grossProfit": "471473000", "totalRevenue": "838661000", "costOfRevenue": "367188000", "costofGoodsAndServicesSold": "367188000", "operatingIncome": "217949000", "sellingGeneralAndAdministrative": "113259000", "researchAndDevelopment": "94102000", "operatingExpenses": "216302000", "investmentIncomeNet": "None", "netInterestIncome": "-4675000", "interestIncome": "1368000", "interestExpense": "6043000", "nonInterestIncome": "None", "otherNonOperatingIncome": "5385000", "depreciation": "None", "depreciationAndAmortization": "32659000", "incomeBeforeTax": "217291000", "incomeTaxExpense": "28383000", "interestAndDebtExpense": "None", "netIncomeFromContinuingOperations": "188908000", "comprehensiveIncomeNetOfTax": "None", "ebit": "254308000", "ebitda": "286967000", "netIncome": "188908000"}, {"fiscalDateEnding": "2020-03-31", "reportedCurrency": "USD", "grossProfit": "405550000", "totalRevenue": "704355000", "costOfRevenue": "298805000", "costofGoodsAndServicesSold": "298805000", "operatingIncome": "206718000", "sellingGeneralAndAdministrative": "111388000", "researchAndDevelopment": "85159000", "operatingExpenses": "206438000", "investmentIncomeNet": "None", "netInterestIncome": "-2800000", "interestIncome": "2751000", "interestExpense": "9649000", "nonInterestIncome": "None", "otherNonOperatingIncome": "-4098000", "depreciation": "None", "depreciationAndAmortization": "31880000", "incomeBeforeTax": "197069000", "incomeTaxExpense": "20878000", "interestAndDebtExpense": "None", "netIncomeFromContinuingOperations": "176191000", "comprehensiveIncomeNetOfTax": "None", "ebit": "198757000", "ebitda": "230637000", "netIncome": "176191000"}, {"fiscalDateEnding": "2019-12-31", "reportedCurrency": "USD", "grossProfit": "383238000", "totalRevenue": "654650000", "costOfRevenue": "271412000", "costofGoodsAndServicesSold": "271412000", "operatingIncome": "171656000", "sellingGeneralAndAdministrative": "117094000", "researchAndDevelopment": "86794000", "operatingExpenses": "213670000", "investmentIncomeNet": "None", "netInterestIncome": "194000", "interestIncome": "6144000", "interestExpense": "7770000", "nonInterestIncome": "None", "otherNonOperatingIncome": "-16821000", "depreciation": "None", "depreciationAndAmortization": "32298000", "incomeBeforeTax": "163886000", "incomeTaxExpense": "27103000", "interestAndDebtExpense": "None", "netIncomeFromContinuingOperations": "125073000", "comprehensiveIncomeNetOfTax": "None", "ebit": "159766000", "ebitda": "192064000", "netIncome": "125073000"}, {"fiscalDateEnding": "2019-09-30", "reportedCurrency": "USD", "grossProfit": "345038000", "totalRevenue": "582038000", "costOfRevenue": "237000000", "costofGoodsAndServicesSold": "237000000", "operatingIncome": "154921000", "sellingGeneralAndAdministrative": "317882000", "researchAndDevelopment": "77804000", "operatingExpenses": "196617000", "investmentIncomeNet": "None", "netInterestIncome": "-523000", "interestIncome": "5159000", "interestExpense": "3188000", "nonInterestIncome": "None", "otherNonOperatingIncome": "2494000", "depreciation": "None", "depreciationAndAmortization": "29499000", "incomeBeforeTax": "151733000", "incomeTaxExpense": "15873000", "interestAndDebtExpense": "None", "netIncomeFromContinuingOperations": "135860000", "comprehensiveIncomeNetOfTax": "None", "ebit": "148162000", "ebitda": "177661000", "netIncome": "135860000"}, {"fiscalDateEnding": "2019-06-30", "reportedCurrency": "USD", "grossProfit": "323918000", "totalRevenue": "564178000", "costOfRevenue": "240260000", "costofGoodsAndServicesSold": "240260000", "operatingIncome": "133994000", "sellingGeneralAndAdministrative": "108811000", "researchAndDevelopment": "81434000", "operatingExpenses": "200328000", "investmentIncomeNet": "None", "netInterestIncome": "-370000", "interestIncome": "5430000", "interestExpense": "2817000", "nonInterestIncome": "None", "otherNonOperatingIncome": "2983000", "depreciation": "None", "depreciationAndAmortization": "29265000", "incomeBeforeTax": "131177000", "incomeTaxExpense": "33780000", "interestAndDebtExpense": "None", "netIncomeFromContinuingOperations": "97397000", "comprehensiveIncomeNetOfTax": "None", "ebit": "123623000", "ebitda": "152888000", "netIncome": "97397000"}, {"fiscalDateEnding": "2019-03-31", "reportedCurrency": "USD", "grossProfit": "287635000", "totalRevenue": "494099000", "costOfRevenue": "206464000", "costofGoodsAndServicesSold": "206464000", "operatingIncome": "93085000", "sellingGeneralAndAdministrative": "102013000", "researchAndDevelopment": "76791000", "operatingExpenses": "189438000", "investmentIncomeNet": "None", "netInterestIncome": "2339000", "interestIncome": "8052000", "interestExpense": "894000", "nonInterestIncome": "None", "otherNonOperatingIncome": "6607000", "depreciation": "None", "depreciationAndAmortization": "29593000", "incomeBeforeTax": "93979000", "incomeTaxExpense": "-15159000", "interestAndDebtExpense": "None", "netIncomeFromContinuingOperations": "109138000", "comprehensiveIncomeNetOfTax": "None", "ebit": "98149000", "ebitda": "127742000", "netIncome": "109138000"}, {"fiscalDateEnding": "2018-12-31", "reportedCurrency": "USD", "grossProfit": "309536000", "totalRevenue": "519558000", "costOfRevenue": "210022000", "costofGoodsAndServicesSold": "210022000", "operatingIncome": "112273000", "sellingGeneralAndAdministrative": "100554000", "researchAndDevelopment": "74706000", "operatingExpenses": "185817000", "investmentIncomeNet": "None", "netInterestIncome": "None", "interestIncome": "None", "interestExpense": "1144000", "nonInterestIncome": "None", "otherNonOperatingIncome": "12038000", "depreciation": "None", "depreciationAndAmortization": "30385000", "incomeBeforeTax": "111129000", "incomeTaxExpense": "-32662000", "interestAndDebtExpense": "None", "netIncomeFromContinuingOperations": "143787000", "comprehensiveIncomeNetOfTax": "None", "ebit": "126800000", "ebitda": "157185000", "netIncome": "143788000"}, {"fiscalDateEnding": "2018-09-30", "reportedCurrency": "USD", "grossProfit": "333693000", "totalRevenue": "566848000", "costOfRevenue": "233155000", "costofGoodsAndServicesSold": "233155000", "operatingIncome": "143593000", "sellingGeneralAndAdministrative": "100199000", "researchAndDevelopment": "77049000", "operatingExpenses": "188390000", "investmentIncomeNet": "None", "netInterestIncome": "None", "interestIncome": "None", "interestExpense": "2749000", "nonInterestIncome": "None", "otherNonOperatingIncome": "2808000", "depreciation": "None", "depreciationAndAmortization": "29506000", "incomeBeforeTax": "140844000", "incomeTaxExpense": "20863000", "interestAndDebtExpense": "None", "netIncomeFromContinuingOperations": "119981000", "comprehensiveIncomeNetOfTax": "None", "ebit": "144744000", "ebitda": "174250000", "netIncome": "119981000"}, {"fiscalDateEnding": "2018-06-30", "reportedCurrency": "USD", "grossProfit": "307334000", "totalRevenue": "526929000", "costOfRevenue": "219595000", "costofGoodsAndServicesSold": "219595000", "operatingIncome": "120400000", "sellingGeneralAndAdministrative": "11000", "researchAndDevelopment": "75342000", "operatingExpenses": "184545000", "investmentIncomeNet": "None", "netInterestIncome": "None", "interestIncome": "None", "interestExpense": "388000", "nonInterestIncome": "None", "otherNonOperatingIncome": "5251000", "depreciation": "None", "depreciationAndAmortization": "27793000", "incomeBeforeTax": "120012000", "incomeTaxExpense": "18975000", "interestAndDebtExpense": "None", "netIncomeFromContinuingOperations": "101037000", "comprehensiveIncomeNetOfTax": "None", "ebit": "121893000", "ebitda": "149686000", "netIncome": "101037000"}, {"fiscalDateEnding": "2018-03-31", "reportedCurrency": "USD", "grossProfit": "269832000", "totalRevenue": "487467000", "costOfRevenue": "217635000", "costofGoodsAndServicesSold": "217635000", "operatingIncome": "97534000", "sellingGeneralAndAdministrative": "5000", "researchAndDevelopment": "74408000", "operatingExpenses": "172611000", "investmentIncomeNet": "None", "netInterestIncome": "None", "interestIncome": "None", "interestExpense": "1714000", "nonInterestIncome": "None", "otherNonOperatingIncome": "5176000", "depreciation": "None", "depreciationAndAmortization": "25540000", "incomeBeforeTax": "95820000", "incomeTaxExpense": "8846000", "interestAndDebtExpense": "None", "netIncomeFromContinuingOperations": "86974000", "comprehensiveIncomeNetOfTax": "None", "ebit": "97240000", "ebitda": "122780000", "netIncome": "86974000"}, {"fiscalDateEnding": "2017-12-31", "reportedCurrency": "USD", "grossProfit": "272935000", "totalRevenue": "479415000", "costOfRevenue": "206480000", "costofGoodsAndServicesSold": "206480000", "operatingIncome": "98011000", "sellingGeneralAndAdministrative": "88005000", "researchAndDevelopment": "70564000", "operatingExpenses": "165954000", "investmentIncomeNet": "None", "netInterestIncome": "None", "interestIncome": "None", "interestExpense": "73000", "nonInterestIncome": "None", "otherNonOperatingIncome": "5453000", "depreciation": "None", "depreciationAndAmortization": "26519000", "incomeBeforeTax": "98084000", "incomeTaxExpense": "204007000", "interestAndDebtExpense": "None", "netIncomeFromContinuingOperations": "-105925000", "comprehensiveIncomeNetOfTax": "None", "ebit": "108911000", "ebitda": "135430000", "netIncome": "-105923000"}, {"fiscalDateEnding": "2017-09-30", "reportedCurrency": "USD", "grossProfit": "294786000", "totalRevenue": "503378000", "costOfRevenue": "208592000", "costofGoodsAndServicesSold": "208592000", "operatingIncome": "128731000", "sellingGeneralAndAdministrative": "145000", "researchAndDevelopment": "77190000", "operatingExpenses": "170462000", "investmentIncomeNet": "None", "netInterestIncome": "None", "interestIncome": "None", "interestExpense": "1294000", "nonInterestIncome": "None", "otherNonOperatingIncome": "4078000", "depreciation": "None", "depreciationAndAmortization": "26670000", "incomeBeforeTax": "127437000", "incomeTaxExpense": "24017000", "interestAndDebtExpense": "None", "netIncomeFromContinuingOperations": "103420000", "comprehensiveIncomeNetOfTax": "None", "ebit": "124315000", "ebitda": "150985000", "netIncome": "103420000"}, {"fiscalDateEnding": "2017-06-30", "reportedCurrency": "USD", "grossProfit": "391219000", "totalRevenue": "696901000", "costOfRevenue": "305682000", "costofGoodsAndServicesSold": "305682000", "operatingIncome": "209906000", "sellingGeneralAndAdministrative": "969000", "researchAndDevelopment": "81728000", "operatingExpenses": "179025000", "investmentIncomeNet": "None", "netInterestIncome": "None", "interestIncome": "None", "interestExpense": "3029000", "nonInterestIncome": "None", "otherNonOperatingIncome": "2480000", "depreciation": "None", "depreciationAndAmortization": "27673000", "incomeBeforeTax": "206877000", "incomeTaxExpense": "31901000", "interestAndDebtExpense": "None", "netIncomeFromContinuingOperations": "174976000", "comprehensiveIncomeNetOfTax": "None", "ebit": "212194000", "ebitda": "239867000", "netIncome": "174976000"}, {"fiscalDateEnding": "2017-03-31", "reportedCurrency": "USD", "grossProfit": "264933000", "totalRevenue": "456913000", "costOfRevenue": "191980000", "costofGoodsAndServicesSold": "191980000", "operatingIncome": "93382000", "sellingGeneralAndAdministrative": "106000", "researchAndDevelopment": "76182000", "operatingExpenses": "169040000", "investmentIncomeNet": "None", "netInterestIncome": "None", "interestIncome": "None", "interestExpense": "1366000", "nonInterestIncome": "None", "otherNonOperatingIncome": "4036000", "depreciation": "None", "depreciationAndAmortization": "27213000", "incomeBeforeTax": "92016000", "incomeTaxExpense": "6795000", "interestAndDebtExpense": "None", "netIncomeFromContinuingOperations": "85221000", "comprehensiveIncomeNetOfTax": "None", "ebit": "95893000", "ebitda": "123106000", "netIncome": "85221000"}, {"fiscalDateEnding": "2016-12-31", "reportedCurrency": "USD", "grossProfit": "219006000", "totalRevenue": "379989000", "costOfRevenue": "160983000", "costofGoodsAndServicesSold": "160983000", "operatingIncome": "59172000", "sellingGeneralAndAdministrative": "76289000", "researchAndDevelopment": "70052000", "operatingExpenses": "154264000", "investmentIncomeNet": "None", "netInterestIncome": "None", "interestIncome": "None", "interestExpense": "288000", "nonInterestIncome": "None", "otherNonOperatingIncome": "1315000", "depreciation": "None", "depreciationAndAmortization": "25297000", "incomeBeforeTax": "58884000", "incomeTaxExpense": "-7461000", "interestAndDebtExpense": "None", "netIncomeFromContinuingOperations": "66345000", "comprehensiveIncomeNetOfTax": "None", "ebit": "64790000", "ebitda": "90087000", "netIncome": "66346000"}, {"fiscalDateEnding": "2016-09-30", "reportedCurrency": "USD", "grossProfit": "227359000", "totalRevenue": "410475000", "costOfRevenue": "183116000", "costofGoodsAndServicesSold": "183116000", "operatingIncome": "56501000", "sellingGeneralAndAdministrative": "6000", "researchAndDevelopment": "71400000", "operatingExpenses": "158681000", "investmentIncomeNet": "None", "netInterestIncome": "None", "interestIncome": "None", "interestExpense": "3180000", "nonInterestIncome": "None", "otherNonOperatingIncome": "3813000", "depreciation": "None", "depreciationAndAmortization": "25364000", "incomeBeforeTax": "59681000", "incomeTaxExpense": "-4113000", "interestAndDebtExpense": "None", "netIncomeFromContinuingOperations": "63794000", "comprehensiveIncomeNetOfTax": "None", "ebit": "68677000", "ebitda": "94041000", "netIncome": "63794000"}, {"fiscalDateEnding": "2016-06-30", "reportedCurrency": "USD", "grossProfit": "282870000", "totalRevenue": "531792000", "costOfRevenue": "248922000", "costofGoodsAndServicesSold": "248922000", "operatingIncome": "-231801000", "sellingGeneralAndAdministrative": "25000", "researchAndDevelopment": "76109000", "operatingExpenses": "173778000", "investmentIncomeNet": "None", "netInterestIncome": "None", "interestIncome": "None", "interestExpense": "984000", "nonInterestIncome": "None", "otherNonOperatingIncome": "1675000", "depreciation": "None", "depreciationAndAmortization": "32686000", "incomeBeforeTax": "-230817000", "incomeTaxExpense": "-7271000", "interestAndDebtExpense": "None", "netIncomeFromContinuingOperations": "-223546000", "comprehensiveIncomeNetOfTax": "None", "ebit": "-264487000", "ebitda": "-231801000", "netIncome": "-223546000"}, {"fiscalDateEnding": "2016-03-31", "reportedCurrency": "USD", "grossProfit": "230332000", "totalRevenue": "430994000", "costOfRevenue": "200662000", "costofGoodsAndServicesSold": "200662000", "operatingIncome": "56113000", "sellingGeneralAndAdministrative": "26000", "researchAndDevelopment": "73464000", "operatingExpenses": "172632000", "investmentIncomeNet": "None", "netInterestIncome": "None", "interestIncome": "None", "interestExpense": "1079000", "nonInterestIncome": "None", "otherNonOperatingIncome": "1789000", "depreciation": "None", "depreciationAndAmortization": "36662000", "incomeBeforeTax": "57192000", "incomeTaxExpense": "7206000", "interestAndDebtExpense": "None", "netIncomeFromContinuingOperations": "49986000", "comprehensiveIncomeNetOfTax": "None", "ebit": "57700000", "ebitda": "94362000", "netIncome": "49986000"}, {"fiscalDateEnding": "2015-12-31", "reportedCurrency": "USD", "grossProfit": "166026000", "totalRevenue": "318444000", "costOfRevenue": "152418000", "costofGoodsAndServicesSold": "152418000", "operatingIncome": "-9748000", "sellingGeneralAndAdministrative": "79718000", "researchAndDevelopment": "70941000", "operatingExpenses": "170570000", "investmentIncomeNet": "None", "netInterestIncome": "None", "interestIncome": "None", "interestExpense": "891000", "nonInterestIncome": "None", "otherNonOperatingIncome": "1653000", "depreciation": "None", "depreciationAndAmortization": "36082000", "incomeBeforeTax": "-8857000", "incomeTaxExpense": "-8216000", "interestAndDebtExpense": "None", "netIncomeFromContinuingOperations": "-642000", "comprehensiveIncomeNetOfTax": "None", "ebit": "-8094000", "ebitda": "27988000", "netIncome": "-641000"}, {"fiscalDateEnding": "2015-09-30", "reportedCurrency": "USD", "grossProfit": "258626000", "totalRevenue": "465994000", "costOfRevenue": "207368000", "costofGoodsAndServicesSold": "207368000", "operatingIncome": "86804000", "sellingGeneralAndAdministrative": "19000", "researchAndDevelopment": "74027000", "operatingExpenses": "171561000", "investmentIncomeNet": "None", "netInterestIncome": "None", "interestIncome": "None", "interestExpense": "604000", "nonInterestIncome": "None", "otherNonOperatingIncome": "1112000", "depreciation": "None", "depreciationAndAmortization": "37065000", "incomeBeforeTax": "87408000", "incomeTaxExpense": "15955000", "interestAndDebtExpense": "None", "netIncomeFromContinuingOperations": "71453000", "comprehensiveIncomeNetOfTax": "None", "ebit": "88037000", "ebitda": "125102000", "netIncome": "71453000"}, {"fiscalDateEnding": "2015-06-30", "reportedCurrency": "USD", "grossProfit": "298568000", "totalRevenue": "512739000", "costOfRevenue": "214171000", "costofGoodsAndServicesSold": "214171000", "operatingIncome": "130790000", "sellingGeneralAndAdministrative": "27000", "researchAndDevelopment": "75832000", "operatingExpenses": "168163000", "investmentIncomeNet": "None", "netInterestIncome": "None", "interestIncome": "None", "interestExpense": "1346000", "nonInterestIncome": "None", "otherNonOperatingIncome": "1790000", "depreciation": "None", "depreciationAndAmortization": "33141000", "incomeBeforeTax": "132136000", "incomeTaxExpense": "29257000", "interestAndDebtExpense": "None", "netIncomeFromContinuingOperations": "102879000", "comprehensiveIncomeNetOfTax": "None", "ebit": "131000000", "ebitda": "164141000", "netIncome": "102879000"}, {"fiscalDateEnding": "2015-03-31", "reportedCurrency": "USD", "grossProfit": "192423000", "totalRevenue": "342401000", "costOfRevenue": "149978000", "costofGoodsAndServicesSold": "149978000", "operatingIncome": "35124000", "sellingGeneralAndAdministrative": "41000", "researchAndDevelopment": "71450000", "operatingExpenses": "157299000", "investmentIncomeNet": "None", "netInterestIncome": "None", "interestIncome": "None", "interestExpense": "7314000", "nonInterestIncome": "None", "otherNonOperatingIncome": "7476000", "depreciation": "None", "depreciationAndAmortization": "34484000", "incomeBeforeTax": "42438000", "incomeTaxExpense": "9651000", "interestAndDebtExpense": "None", "netIncomeFromContinuingOperations": "32787000", "comprehensiveIncomeNetOfTax": "None", "ebit": "35124000", "ebitda": "69608000", "netIncome": "32787000"}, {"fiscalDateEnding": "2014-12-31", "reportedCurrency": "USD", "grossProfit": "160226000", "totalRevenue": "323236000", "costOfRevenue": "163010000", "costofGoodsAndServicesSold": "163010000", "operatingIncome": "-126171000", "sellingGeneralAndAdministrative": "91157000", "researchAndDevelopment": "79188000", "operatingExpenses": "186302000", "investmentIncomeNet": "None", "netInterestIncome": "None", "interestIncome": "None", "interestExpense": "1358000", "nonInterestIncome": "None", "otherNonOperatingIncome": "1663000", "depreciation": "None", "depreciationAndAmortization": "37590000", "incomeBeforeTax": "-124813000", "incomeTaxExpense": "-21002000", "interestAndDebtExpense": "None", "netIncomeFromContinuingOperations": "-103811000", "comprehensiveIncomeNetOfTax": "None", "ebit": "-124507000", "ebitda": "-86917000", "netIncome": "-103811000"}, {"fiscalDateEnding": "2014-09-30", "reportedCurrency": "USD", "grossProfit": "261121000", "totalRevenue": "478010000", "costOfRevenue": "216889000", "costofGoodsAndServicesSold": "216889000", "operatingIncome": "98238000", "sellingGeneralAndAdministrative": "36000", "researchAndDevelopment": "71953000", "operatingExpenses": "163288000", "investmentIncomeNet": "None", "netInterestIncome": "None", "interestIncome": "None", "interestExpense": "2432000", "nonInterestIncome": "None", "otherNonOperatingIncome": "1922000", "depreciation": "None", "depreciationAndAmortization": "38179000", "incomeBeforeTax": "100670000", "incomeTaxExpense": "17721000", "interestAndDebtExpense": "None", "netIncomeFromContinuingOperations": "82949000", "comprehensiveIncomeNetOfTax": "None", "ebit": "97833000", "ebitda": "136012000", "netIncome": "82949000"}, {"fiscalDateEnding": "2014-06-30", "reportedCurrency": "USD", "grossProfit": "290413000", "totalRevenue": "525567000", "costOfRevenue": "235154000", "costofGoodsAndServicesSold": "235154000", "operatingIncome": "120667000", "sellingGeneralAndAdministrative": "11000", "researchAndDevelopment": "73414000", "operatingExpenses": "169174000", "investmentIncomeNet": "None", "netInterestIncome": "None", "interestIncome": "None", "interestExpense": "725000", "nonInterestIncome": "None", "otherNonOperatingIncome": "1266000", "depreciation": "None", "depreciationAndAmortization": "37591000", "incomeBeforeTax": "121392000", "incomeTaxExpense": "20187000", "interestAndDebtExpense": "None", "netIncomeFromContinuingOperations": "101205000", "comprehensiveIncomeNetOfTax": "None", "ebit": "121239000", "ebitda": "158830000", "netIncome": "101205000"}, {"fiscalDateEnding": "2014-03-31", "reportedCurrency": "USD", "grossProfit": "167047000", "totalRevenue": "321010000", "costOfRevenue": "153963000", "costofGoodsAndServicesSold": "153963000", "operatingIncome": "3688000", "sellingGeneralAndAdministrative": "3000", "researchAndDevelopment": "67085000", "operatingExpenses": "163359000", "investmentIncomeNet": "None", "netInterestIncome": "None", "interestIncome": "None", "interestExpense": "5561000", "nonInterestIncome": "None", "otherNonOperatingIncome": "1036000", "depreciation": "None", "depreciationAndAmortization": "39184000", "incomeBeforeTax": "-1873000", "incomeTaxExpense": "-2802000", "interestAndDebtExpense": "None", "netIncomeFromContinuingOperations": "929000", "comprehensiveIncomeNetOfTax": "None", "ebit": "10286000", "ebitda": "49470000", "netIncome": "929000"}, {"fiscalDateEnding": "2013-12-31", "reportedCurrency": "USD", "grossProfit": "159857000", "totalRevenue": "285301000", "costOfRevenue": "125444000", "costofGoodsAndServicesSold": "125444000", "operatingIncome": "6837000", "sellingGeneralAndAdministrative": "69523000", "researchAndDevelopment": "64613000", "operatingExpenses": "152420000", "investmentIncomeNet": "None", "netInterestIncome": "None", "interestIncome": "None", "interestExpense": "28602000", "nonInterestIncome": "None", "otherNonOperatingIncome": "1206000", "depreciation": "None", "depreciationAndAmortization": "39319000", "incomeBeforeTax": "35439000", "incomeTaxExpense": "13096000", "interestAndDebtExpense": "None", "netIncomeFromContinuingOperations": "22343000", "comprehensiveIncomeNetOfTax": "None", "ebit": "6894000", "ebitda": "46213000", "netIncome": "22343000"}, {"fiscalDateEnding": "2013-09-30", "reportedCurrency": "USD", "grossProfit": "254294000", "totalRevenue": "433376000", "costOfRevenue": "179082000", "costofGoodsAndServicesSold": "179082000", "operatingIncome": "93506000", "sellingGeneralAndAdministrative": "17000", "researchAndDevelopment": "68918000", "operatingExpenses": "159899000", "investmentIncomeNet": "None", "netInterestIncome": "None", "interestIncome": "None", "interestExpense": "5954000", "nonInterestIncome": "None", "otherNonOperatingIncome": "948000", "depreciation": "None", "depreciationAndAmortization": "36496000", "incomeBeforeTax": "87552000", "incomeTaxExpense": "18093000", "interestAndDebtExpense": "None", "netIncomeFromContinuingOperations": "69459000", "comprehensiveIncomeNetOfTax": "None", "ebit": "95662999", "ebitda": "132158999", "netIncome": "69459000"}, {"fiscalDateEnding": "2013-06-30", "reportedCurrency": "USD", "grossProfit": "241233000", "totalRevenue": "428889000", "costOfRevenue": "187656000", "costofGoodsAndServicesSold": "187656000", "operatingIncome": "85908000", "sellingGeneralAndAdministrative": "69230000", "researchAndDevelopment": "67773000", "operatingExpenses": "155066000", "investmentIncomeNet": "None", "netInterestIncome": "None", "interestIncome": "None", "interestExpense": "5551000", "nonInterestIncome": "None", "otherNonOperatingIncome": "903000", "depreciation": "None", "depreciationAndAmortization": "35478000", "incomeBeforeTax": "80357000", "incomeTaxExpense": "13801000", "interestAndDebtExpense": "None", "netIncomeFromContinuingOperations": "66556000", "comprehensiveIncomeNetOfTax": "None", "ebit": "87820000", "ebitda": "123298000", "netIncome": "66556000"}, {"fiscalDateEnding": "2013-03-31", "reportedCurrency": "USD", "grossProfit": "153417000", "totalRevenue": "280367000", "costOfRevenue": "126950000", "costofGoodsAndServicesSold": "126950000", "operatingIncome": "4408000", "sellingGeneralAndAdministrative": "67890000", "researchAndDevelopment": "62751000", "operatingExpenses": "148677000", "investmentIncomeNet": "None", "netInterestIncome": "None", "interestIncome": "None", "interestExpense": "5834000", "nonInterestIncome": "None", "otherNonOperatingIncome": "1072000", "depreciation": "None", "depreciationAndAmortization": "35999000", "incomeBeforeTax": "-1426000", "incomeTaxExpense": "-8015000", "interestAndDebtExpense": "None", "netIncomeFromContinuingOperations": "6589000", "comprehensiveIncomeNetOfTax": "None", "ebit": "6598000", "ebitda": "42597000", "netIncome": "6589000"}, {"fiscalDateEnding": "2012-12-31", "reportedCurrency": "USD", "grossProfit": "125405000", "totalRevenue": "248404000", "costOfRevenue": "122999000", "costofGoodsAndServicesSold": "122999000", "operatingIncome": "-24595000", "sellingGeneralAndAdministrative": "70436000", "researchAndDevelopment": "61660000", "operatingExpenses": "150317000", "investmentIncomeNet": "None", "netInterestIncome": "None", "interestIncome": "None", "interestExpense": "5690000", "nonInterestIncome": "None", "otherNonOperatingIncome": "1256000", "depreciation": "None", "depreciationAndAmortization": "37197000", "incomeBeforeTax": "-30285000", "incomeTaxExpense": "-13742000", "interestAndDebtExpense": "None", "netIncomeFromContinuingOperations": "-16543000", "comprehensiveIncomeNetOfTax": "None", "ebit": "-23339000", "ebitda": "13858000", "netIncome": "-16543000"}, {"fiscalDateEnding": "2012-09-30", "reportedCurrency": "USD", "grossProfit": "260200000", "totalRevenue": "463394000", "costOfRevenue": "203194000", "costofGoodsAndServicesSold": "203194000", "operatingIncome": "108112000", "sellingGeneralAndAdministrative": "69921000", "researchAndDevelopment": "63055000", "operatingExpenses": "151405000", "investmentIncomeNet": "None", "netInterestIncome": "None", "interestIncome": "None", "interestExpense": "5087000", "nonInterestIncome": "None", "otherNonOperatingIncome": "1067000", "depreciation": "None", "depreciationAndAmortization": "36280000", "incomeBeforeTax": "103025000", "incomeTaxExpense": "14384000", "interestAndDebtExpense": "None", "netIncomeFromContinuingOperations": "88641000", "comprehensiveIncomeNetOfTax": "None", "ebit": "110755000", "ebitda": "147035000", "netIncome": "88641000"}, {"fiscalDateEnding": "2012-06-30", "reportedCurrency": "USD", "grossProfit": "309506000", "totalRevenue": "548284000", "costOfRevenue": "238778000", "costofGoodsAndServicesSold": "238778000", "operatingIncome": "157441000", "sellingGeneralAndAdministrative": "1266000", "researchAndDevelopment": "66532000", "operatingExpenses": "158327000", "investmentIncomeNet": "None", "netInterestIncome": "None", "interestIncome": "None", "interestExpense": "5449000", "nonInterestIncome": "None", "otherNonOperatingIncome": "874000", "depreciation": "None", "depreciationAndAmortization": "35219000", "incomeBeforeTax": "151992000", "incomeTaxExpense": "40605000", "interestAndDebtExpense": "None", "netIncomeFromContinuingOperations": "111387000", "comprehensiveIncomeNetOfTax": "None", "ebit": "158315000", "ebitda": "193534000", "netIncome": "111387000"}, {"fiscalDateEnding": "2012-03-31", "reportedCurrency": "USD", "grossProfit": "190926000", "totalRevenue": "396668000", "costOfRevenue": "205742000", "costofGoodsAndServicesSold": "205742000", "operatingIncome": "46410000", "sellingGeneralAndAdministrative": "1177000", "researchAndDevelopment": "60135000", "operatingExpenses": "146341000", "investmentIncomeNet": "None", "netInterestIncome": "None", "interestIncome": "None", "interestExpense": "5166000", "nonInterestIncome": "None", "otherNonOperatingIncome": "893000", "depreciation": "None", "depreciationAndAmortization": "34103000", "incomeBeforeTax": "41244000", "incomeTaxExpense": "7680000", "interestAndDebtExpense": "None", "netIncomeFromContinuingOperations": "33564000", "comprehensiveIncomeNetOfTax": "None", "ebit": "47303000", "ebitda": "81406000", "netIncome": "33564000"}, {"fiscalDateEnding": "2011-12-31", "reportedCurrency": "USD", "grossProfit": "136353000", "totalRevenue": "296992000", "costOfRevenue": "160639000", "costofGoodsAndServicesSold": "160639000", "operatingIncome": "-3950000", "sellingGeneralAndAdministrative": "62697000", "researchAndDevelopment": "53431000", "operatingExpenses": "135257000", "investmentIncomeNet": "None", "netInterestIncome": "None", "interestIncome": "None", "interestExpense": "5256000", "nonInterestIncome": "None", "otherNonOperatingIncome": "878000", "depreciation": "None", "depreciationAndAmortization": "37351000", "incomeBeforeTax": "-9206000", "incomeTaxExpense": "-134283000", "interestAndDebtExpense": "None", "netIncomeFromContinuingOperations": "135134000", "comprehensiveIncomeNetOfTax": "None", "ebit": "-3072000", "ebitda": "34279000", "netIncome": "135134000"}, {"fiscalDateEnding": "2011-09-30", "reportedCurrency": "USD", "grossProfit": "169845000", "totalRevenue": "344389000", "costOfRevenue": "174544000", "costofGoodsAndServicesSold": "174544000", "operatingIncome": "59523000", "sellingGeneralAndAdministrative": "504000", "researchAndDevelopment": "46799000", "operatingExpenses": "108857000", "investmentIncomeNet": "None", "netInterestIncome": "None", "interestIncome": "None", "interestExpense": "3019000", "nonInterestIncome": "None", "otherNonOperatingIncome": "3049000", "depreciation": "None", "depreciationAndAmortization": "25037000", "incomeBeforeTax": "56504000", "incomeTaxExpense": "1759000", "interestAndDebtExpense": "None", "netIncomeFromContinuingOperations": "54745000", "comprehensiveIncomeNetOfTax": "None", "ebit": "62299000", "ebitda": "87336000", "netIncome": "56706000"}, {"fiscalDateEnding": "2011-06-30", "reportedCurrency": "USD", "grossProfit": "215086000", "totalRevenue": "410519000", "costOfRevenue": "195433000", "costofGoodsAndServicesSold": "195433000", "operatingIncome": "101642000", "sellingGeneralAndAdministrative": "519000", "researchAndDevelopment": "47393000", "operatingExpenses": "112165000", "investmentIncomeNet": "None", "netInterestIncome": "None", "interestIncome": "None", "interestExpense": "3913000", "nonInterestIncome": "None", "otherNonOperatingIncome": "1403000", "depreciation": "None", "depreciationAndAmortization": "25437000", "incomeBeforeTax": "97729000", "incomeTaxExpense": "7839000", "interestAndDebtExpense": "None", "netIncomeFromContinuingOperations": "89890000", "comprehensiveIncomeNetOfTax": "None", "ebit": "98851000", "ebitda": "124288000", "netIncome": "87252000"}, {"fiscalDateEnding": "2011-03-31", "reportedCurrency": "USD", "grossProfit": "192409000", "totalRevenue": "377161000", "costOfRevenue": "184752000", "costofGoodsAndServicesSold": "184752000", "operatingIncome": "78499000", "sellingGeneralAndAdministrative": "629000", "researchAndDevelopment": "47977000", "operatingExpenses": "113497000", "investmentIncomeNet": "None", "netInterestIncome": "None", "interestIncome": "None", "interestExpense": "4889000", "nonInterestIncome": "None", "otherNonOperatingIncome": "1287000", "depreciation": "None", "depreciationAndAmortization": "25499000", "incomeBeforeTax": "73610000", "incomeTaxExpense": "5486000", "interestAndDebtExpense": "None", "netIncomeFromContinuingOperations": "68124000", "comprehensiveIncomeNetOfTax": "None", "ebit": "79513000", "ebitda": "105012000", "netIncome": "96844000"}, {"fiscalDateEnding": "2010-12-31", "reportedCurrency": "USD", "grossProfit": "169127000", "totalRevenue": "322165000", "costOfRevenue": "153038000", "costofGoodsAndServicesSold": "153038000", "operatingIncome": "58801000", "sellingGeneralAndAdministrative": "54778000", "researchAndDevelopment": "47455000", "operatingExpenses": "109524000", "investmentIncomeNet": "None", "netInterestIncome": "None", "interestIncome": "None", "interestExpense": "7041000", "nonInterestIncome": "None", "otherNonOperatingIncome": "None", "depreciation": "None", "depreciationAndAmortization": "25092000", "incomeBeforeTax": "53874000", "incomeTaxExpense": "-6267000", "interestAndDebtExpense": "None", "netIncomeFromContinuingOperations": "0", "comprehensiveIncomeNetOfTax": "None", "ebit": "60915000", "ebitda": "86007000", "netIncome": "60141000"}, {"fiscalDateEnding": "2010-09-30", "reportedCurrency": "USD", "grossProfit": "275775000", "totalRevenue": "502086000", "costOfRevenue": "226311000", "costofGoodsAndServicesSold": "226311000", "operatingIncome": "158112000", "sellingGeneralAndAdministrative": "509000", "researchAndDevelopment": "50122000", "operatingExpenses": "118522000", "investmentIncomeNet": "None", "netInterestIncome": "None", "interestIncome": "None", "interestExpense": "4096000", "nonInterestIncome": "None", "otherNonOperatingIncome": "1466000", "depreciation": "None", "depreciationAndAmortization": "24664000", "incomeBeforeTax": "154016000", "incomeTaxExpense": "6676000", "interestAndDebtExpense": "None", "netIncomeFromContinuingOperations": "147340000", "comprehensiveIncomeNetOfTax": "None", "ebit": "158250000", "ebitda": "182914000", "netIncome": "147340000"}, {"fiscalDateEnding": "2010-06-30", "reportedCurrency": "USD", "grossProfit": "254303000", "totalRevenue": "454776000", "costOfRevenue": "200473000", "costofGoodsAndServicesSold": "200473000", "operatingIncome": "136554000", "sellingGeneralAndAdministrative": "643000", "researchAndDevelopment": "50393000", "operatingExpenses": "116049000", "investmentIncomeNet": "None", "netInterestIncome": "None", "interestIncome": "None", "interestExpense": "2580000", "nonInterestIncome": "None", "otherNonOperatingIncome": "3681000", "depreciation": "None", "depreciationAndAmortization": "7313000", "incomeBeforeTax": "131692000", "incomeTaxExpense": "9543000", "interestAndDebtExpense": "None", "netIncomeFromContinuingOperations": "122149000", "comprehensiveIncomeNetOfTax": "None", "ebit": "138254000", "ebitda": "145567000", "netIncome": "122149000"}, {"fiscalDateEnding": "2010-03-31", "reportedCurrency": "USD", "grossProfit": "173544000", "totalRevenue": "329623000", "costOfRevenue": "156079000", "costofGoodsAndServicesSold": "156079000", "operatingIncome": "60001000", "sellingGeneralAndAdministrative": "1171000", "researchAndDevelopment": "49052000", "operatingExpenses": "112279000", "investmentIncomeNet": "None", "netInterestIncome": "None", "interestIncome": "None", "interestExpense": "5071000", "nonInterestIncome": "None", "otherNonOperatingIncome": "None", "depreciation": "None", "depreciationAndAmortization": "7356000", "incomeBeforeTax": "54930000", "incomeTaxExpense": "4830000", "interestAndDebtExpense": "None", "netIncomeFromContinuingOperations": "0", "comprehensiveIncomeNetOfTax": "None", "ebit": "61265000", "ebitda": "68621000", "netIncome": "50100000"}, {"fiscalDateEnding": "2009-12-31", "reportedCurrency": "USD", "grossProfit": "124389000", "totalRevenue": "267057000", "costOfRevenue": "142668000", "costofGoodsAndServicesSold": "142668000", "operatingIncome": "24285000", "sellingGeneralAndAdministrative": "51486000", "researchAndDevelopment": "40920000", "operatingExpenses": "100035000", "investmentIncomeNet": "None", "netInterestIncome": "None", "interestIncome": "None", "interestExpense": "5158000", "nonInterestIncome": "None", "otherNonOperatingIncome": "None", "depreciation": "None", "depreciationAndAmortization": "27115000", "incomeBeforeTax": "19624000", "incomeTaxExpense": "2700000", "interestAndDebtExpense": "None", "netIncomeFromContinuingOperations": "0", "comprehensiveIncomeNetOfTax": "None", "ebit": "24782000", "ebitda": "51897000", "netIncome": "16924000"}, {"fiscalDateEnding": "2009-09-30", "reportedCurrency": "USD", "grossProfit": "106755000", "totalRevenue": "262162000", "costOfRevenue": "155407000", "costofGoodsAndServicesSold": "155407000", "operatingIncome": "8772000", "sellingGeneralAndAdministrative": "14000", "researchAndDevelopment": "38266000", "operatingExpenses": "92794000", "investmentIncomeNet": "None", "netInterestIncome": "None", "interestIncome": "None", "interestExpense": "4600000", "nonInterestIncome": "None", "otherNonOperatingIncome": "None", "depreciation": "None", "depreciationAndAmortization": "8214000", "incomeBeforeTax": "5175000", "incomeTaxExpense": "-1500000", "interestAndDebtExpense": "None", "netIncomeFromContinuingOperations": "0", "comprehensiveIncomeNetOfTax": "None", "ebit": "28933000", "ebitda": "37147000", "netIncome": "6675000"}, {"fiscalDateEnding": "2009-06-30", "reportedCurrency": "USD", "grossProfit": "47129000", "totalRevenue": "169580000", "costOfRevenue": "122451000", "costofGoodsAndServicesSold": "122451000", "operatingIncome": "-62063000", "sellingGeneralAndAdministrative": "43000", "researchAndDevelopment": "38451000", "operatingExpenses": "93922000", "investmentIncomeNet": "None", "netInterestIncome": "None", "interestIncome": "None", "interestExpense": "8046000", "nonInterestIncome": "None", "otherNonOperatingIncome": "None", "depreciation": "None", "depreciationAndAmortization": "8214000", "incomeBeforeTax": "-68968000", "incomeTaxExpense": "-2200000", "interestAndDebtExpense": "None", "netIncomeFromContinuingOperations": "0", "comprehensiveIncomeNetOfTax": "None", "ebit": "-70277000", "ebitda": "-62063000", "netIncome": "-66768000"}, {"fiscalDateEnding": "2009-03-31", "reportedCurrency": "USD", "grossProfit": "33360000", "totalRevenue": "120608000", "costOfRevenue": "87248000", "costofGoodsAndServicesSold": "87248000", "operatingIncome": "-93415000", "sellingGeneralAndAdministrative": "27000", "researchAndDevelopment": "47198000", "operatingExpenses": "110810000", "investmentIncomeNet": "None", "netInterestIncome": "None", "interestIncome": "None", "interestExpense": "5830000", "nonInterestIncome": "None", "otherNonOperatingIncome": "None", "depreciation": "None", "depreciationAndAmortization": "25493000", "incomeBeforeTax": "-98468000", "incomeTaxExpense": "-7800000", "interestAndDebtExpense": "None", "netIncomeFromContinuingOperations": "0", "comprehensiveIncomeNetOfTax": "None", "ebit": "-92638000", "ebitda": "-67145000", "netIncome": "-90668000"}, {"fiscalDateEnding": "2008-12-31", "reportedCurrency": "USD", "grossProfit": "77911000", "totalRevenue": "194767000", "costOfRevenue": "116856000", "costofGoodsAndServicesSold": "116856000", "operatingIncome": "-383187000", "sellingGeneralAndAdministrative": "58491000", "researchAndDevelopment": "52189000", "operatingExpenses": "450923000", "investmentIncomeNet": "None", "netInterestIncome": "None", "interestIncome": "None", "interestExpense": "0", "nonInterestIncome": "None", "otherNonOperatingIncome": "None", "depreciation": "None", "depreciationAndAmortization": "22786000", "incomeBeforeTax": "-389284000", "incomeTaxExpense": "-693000", "interestAndDebtExpense": "None", "netIncomeFromContinuingOperations": "0", "comprehensiveIncomeNetOfTax": "None", "ebit": "-373012000", "ebitda": "-350226000", "netIncome": "-388591000"}, {"fiscalDateEnding": "2008-09-30", "reportedCurrency": "USD", "grossProfit": "127930000", "totalRevenue": "297255000", "costOfRevenue": "169325000", "costofGoodsAndServicesSold": "169325000", "operatingIncome": "-17276000", "sellingGeneralAndAdministrative": "14000", "researchAndDevelopment": "52969000", "operatingExpenses": "116617000", "investmentIncomeNet": "None", "netInterestIncome": "None", "interestIncome": "None", "interestExpense": "5851000", "nonInterestIncome": "None", "otherNonOperatingIncome": "None", "depreciation": "None", "depreciationAndAmortization": "23177000", "incomeBeforeTax": "-20387000", "incomeTaxExpense": "3070000", "interestAndDebtExpense": "None", "netIncomeFromContinuingOperations": "0", "comprehensiveIncomeNetOfTax": "None", "ebit": "-14536000", "ebitda": "8641000", "netIncome": "-22689000"}, {"fiscalDateEnding": "2008-06-30", "reportedCurrency": "USD", "grossProfit": "153848000", "totalRevenue": "317705000", "costOfRevenue": "163857000", "costofGoodsAndServicesSold": "163857000", "operatingIncome": "14731000", "sellingGeneralAndAdministrative": "37000", "researchAndDevelopment": "56154000", "operatingExpenses": "126391000", "investmentIncomeNet": "None", "netInterestIncome": "None", "interestIncome": "None", "interestExpense": "484000", "nonInterestIncome": "None", "otherNonOperatingIncome": "None", "depreciation": "None", "depreciationAndAmortization": "25367000", "incomeBeforeTax": "17179000", "incomeTaxExpense": "6100000", "interestAndDebtExpense": "None", "netIncomeFromContinuingOperations": "0", "comprehensiveIncomeNetOfTax": "None", "ebit": "17663000", "ebitda": "43030000", "netIncome": "11079000"}, {"fiscalDateEnding": "2008-03-31", "reportedCurrency": "USD", "grossProfit": "138503000", "totalRevenue": "297315000", "costOfRevenue": "158812000", "costofGoodsAndServicesSold": "158812000", "operatingIncome": "1385000", "sellingGeneralAndAdministrative": "21000", "researchAndDevelopment": "55149000", "operatingExpenses": "124233000", "investmentIncomeNet": "None", "netInterestIncome": "None", "interestIncome": "None", "interestExpense": "470000", "nonInterestIncome": "None", "otherNonOperatingIncome": "None", "depreciation": "None", "depreciationAndAmortization": "23430000", "incomeBeforeTax": "6467000", "incomeTaxExpense": "4100000", "interestAndDebtExpense": "None", "netIncomeFromContinuingOperations": "0", "comprehensiveIncomeNetOfTax": "None", "ebit": "6937000", "ebitda": "30367000", "netIncome": "2367000"}, {"fiscalDateEnding": "2007-12-31", "reportedCurrency": "USD", "grossProfit": "118570000", "totalRevenue": "260416000", "costOfRevenue": "141846000", "costofGoodsAndServicesSold": "141846000", "operatingIncome": "6306000", "sellingGeneralAndAdministrative": "62199000", "researchAndDevelopment": "50420000", "operatingExpenses": "112619000", "investmentIncomeNet": "None", "netInterestIncome": "None", "interestIncome": "None", "interestExpense": "689000", "nonInterestIncome": "None", "otherNonOperatingIncome": "None", "depreciation": "None", "depreciationAndAmortization": "16242000", "incomeBeforeTax": "14957000", "incomeTaxExpense": "-2196000", "interestAndDebtExpense": "None", "netIncomeFromContinuingOperations": "0", "comprehensiveIncomeNetOfTax": "None", "ebit": "5951000", "ebitda": "22193000", "netIncome": "16704000"}, {"fiscalDateEnding": "2007-09-30", "reportedCurrency": "USD", "grossProfit": "144246000", "totalRevenue": "299461000", "costOfRevenue": "155215000", "costofGoodsAndServicesSold": "155215000", "operatingIncome": "32250000", "sellingGeneralAndAdministrative": "62870000", "researchAndDevelopment": "52245000", "operatingExpenses": "115115000", "investmentIncomeNet": "None", "netInterestIncome": "None", "interestIncome": "None", "interestExpense": "0", "nonInterestIncome": "None", "otherNonOperatingIncome": "None", "depreciation": "None", "depreciationAndAmortization": "16384000", "incomeBeforeTax": "39915000", "incomeTaxExpense": "4717000", "interestAndDebtExpense": "None", "netIncomeFromContinuingOperations": "0", "comprehensiveIncomeNetOfTax": "None", "ebit": "28869000", "ebitda": "45253000", "netIncome": "40989000"}, {"fiscalDateEnding": "2007-06-30", "reportedCurrency": "USD", "grossProfit": "137220000", "totalRevenue": "288710000", "costOfRevenue": "151490000", "costofGoodsAndServicesSold": "151490000", "operatingIncome": "21475000", "sellingGeneralAndAdministrative": "63547000", "researchAndDevelopment": "52417000", "operatingExpenses": "115177000", "investmentIncomeNet": "None", "netInterestIncome": "None", "interestIncome": "None", "interestExpense": "74000", "nonInterestIncome": "None", "otherNonOperatingIncome": "None", "depreciation": "None", "depreciationAndAmortization": "16496000", "incomeBeforeTax": "30700000", "incomeTaxExpense": "3454000", "interestAndDebtExpense": "None", "netIncomeFromContinuingOperations": "0", "comprehensiveIncomeNetOfTax": "None", "ebit": "22043000", "ebitda": "38539000", "netIncome": "27654000"}, {"fiscalDateEnding": "2007-03-31", "reportedCurrency": "USD", "grossProfit": "115536000", "totalRevenue": "258058000", "costOfRevenue": "142522000", "costofGoodsAndServicesSold": "142522000", "operatingIncome": "-17731000", "sellingGeneralAndAdministrative": "62875000", "researchAndDevelopment": "50199000", "operatingExpenses": "114150000", "investmentIncomeNet": "None", "netInterestIncome": "None", "interestIncome": "None", "interestExpense": "436000", "nonInterestIncome": "None", "otherNonOperatingIncome": "None", "depreciation": "None", "depreciationAndAmortization": "18373000", "incomeBeforeTax": "-6236000", "incomeTaxExpense": "1400000", "interestAndDebtExpense": "None", "netIncomeFromContinuingOperations": "0", "comprehensiveIncomeNetOfTax": "None", "ebit": "1386000", "ebitda": "19759000", "netIncome": "-7636000"}, {"fiscalDateEnding": "2006-12-31", "reportedCurrency": "USD", "grossProfit": "121444000", "totalRevenue": "263147000", "costOfRevenue": "141703000", "costofGoodsAndServicesSold": "141703000", "operatingIncome": "536000", "sellingGeneralAndAdministrative": "69460000", "researchAndDevelopment": "49638000", "operatingExpenses": "119098000", "investmentIncomeNet": "None", "netInterestIncome": "None", "interestIncome": "None", "interestExpense": "701000", "nonInterestIncome": "None", "otherNonOperatingIncome": "None", "depreciation": "None", "depreciationAndAmortization": "17489000", "incomeBeforeTax": "10864000", "incomeTaxExpense": "-10000", "interestAndDebtExpense": "None", "netIncomeFromContinuingOperations": "0", "comprehensiveIncomeNetOfTax": "None", "ebit": "2346000", "ebitda": "19835000", "netIncome": "10874000"}, {"fiscalDateEnding": "2006-09-30", "reportedCurrency": "USD", "grossProfit": "175291000", "totalRevenue": "359122000", "costOfRevenue": "183831000", "costofGoodsAndServicesSold": "183831000", "operatingIncome": "65346000", "sellingGeneralAndAdministrative": "1274000", "researchAndDevelopment": "53289000", "operatingExpenses": "125063000", "investmentIncomeNet": "None", "netInterestIncome": "None", "interestIncome": "None", "interestExpense": "3518000", "nonInterestIncome": "None", "otherNonOperatingIncome": "None", "depreciation": "None", "depreciationAndAmortization": "18415000", "incomeBeforeTax": "74281000", "incomeTaxExpense": "9830000", "interestAndDebtExpense": "None", "netIncomeFromContinuingOperations": "0", "comprehensiveIncomeNetOfTax": "None", "ebit": "52051000", "ebitda": "70466000", "netIncome": "60565000"}, {"fiscalDateEnding": "2006-06-30", "reportedCurrency": "USD", "grossProfit": "193059000", "totalRevenue": "391635000", "costOfRevenue": "198576000", "costofGoodsAndServicesSold": "198576000", "operatingIncome": "83593000", "sellingGeneralAndAdministrative": "1687000", "researchAndDevelopment": "53581000", "operatingExpenses": "129168000", "investmentIncomeNet": "None", "netInterestIncome": "None", "interestIncome": "None", "interestExpense": "3470000", "nonInterestIncome": "None", "otherNonOperatingIncome": "None", "depreciation": "None", "depreciationAndAmortization": "18092000", "incomeBeforeTax": "91782000", "incomeTaxExpense": "9377000", "interestAndDebtExpense": "None", "netIncomeFromContinuingOperations": "0", "comprehensiveIncomeNetOfTax": "None", "ebit": "64564000", "ebitda": "82656000", "netIncome": "82405000"}, {"fiscalDateEnding": "2006-03-31", "reportedCurrency": "USD", "grossProfit": "170638000", "totalRevenue": "362914000", "costOfRevenue": "192276000", "costofGoodsAndServicesSold": "192276000", "operatingIncome": "47356000", "sellingGeneralAndAdministrative": "1785000", "researchAndDevelopment": "52194000", "operatingExpenses": "124379000", "investmentIncomeNet": "None", "netInterestIncome": "None", "interestIncome": "None", "interestExpense": "3371000", "nonInterestIncome": "None", "otherNonOperatingIncome": "None", "depreciation": "None", "depreciationAndAmortization": "19544000", "incomeBeforeTax": "53468000", "incomeTaxExpense": "8555000", "interestAndDebtExpense": "None", "netIncomeFromContinuingOperations": "0", "comprehensiveIncomeNetOfTax": "None", "ebit": "46259000", "ebitda": "65803000", "netIncome": "44913000"}, {"fiscalDateEnding": "2005-12-31", "reportedCurrency": "USD", "grossProfit": "120822000", "totalRevenue": "62787000", "costOfRevenue": "-58035000", "costofGoodsAndServicesSold": "-58035000", "operatingIncome": "42096000", "sellingGeneralAndAdministrative": "54641000", "researchAndDevelopment": "41601000", "operatingExpenses": "96854000", "investmentIncomeNet": "None", "netInterestIncome": "None", "interestIncome": "None", "interestExpense": "3583000", "nonInterestIncome": "None", "otherNonOperatingIncome": "None", "depreciation": "None", "depreciationAndAmortization": "192000", "incomeBeforeTax": "44085000", "incomeTaxExpense": "-28872000", "interestAndDebtExpense": "None", "netIncomeFromContinuingOperations": "0", "comprehensiveIncomeNetOfTax": "None", "ebit": "23968000", "ebitda": "24160000", "netIncome": "224062000"}, {"fiscalDateEnding": "2005-09-30", "reportedCurrency": "USD", "grossProfit": "103641000", "totalRevenue": "386692000", "costOfRevenue": "283051000", "costofGoodsAndServicesSold": "283051000", "operatingIncome": "-32264000", "sellingGeneralAndAdministrative": "62602000", "researchAndDevelopment": "56259000", "operatingExpenses": "121568000", "investmentIncomeNet": "None", "netInterestIncome": "None", "interestIncome": "None", "interestExpense": "4059000", "nonInterestIncome": "None", "otherNonOperatingIncome": "None", "depreciation": "None", "depreciationAndAmortization": "31043000", "incomeBeforeTax": "-32351000", "incomeTaxExpense": "3027000", "interestAndDebtExpense": "None", "netIncomeFromContinuingOperations": "0", "comprehensiveIncomeNetOfTax": "None", "ebit": "-63307000", "ebitda": "-32264000", "netIncome": "-35378000"}, {"fiscalDateEnding": "2005-06-30", "reportedCurrency": "USD", "grossProfit": "98165000", "totalRevenue": "320172000", "costOfRevenue": "222007000", "costofGoodsAndServicesSold": "222007000", "operatingIncome": "-40487000", "sellingGeneralAndAdministrative": "64900000", "researchAndDevelopment": "60915000", "operatingExpenses": "128457000", "investmentIncomeNet": "None", "netInterestIncome": "None", "interestIncome": "None", "interestExpense": "4153000", "nonInterestIncome": "None", "otherNonOperatingIncome": "None", "depreciation": "None", "depreciationAndAmortization": "31631000", "incomeBeforeTax": "-40799000", "incomeTaxExpense": "4665000", "interestAndDebtExpense": "None", "netIncomeFromContinuingOperations": "0", "comprehensiveIncomeNetOfTax": "None", "ebit": "-43933000", "ebitda": "-12302000", "netIncome": "-45464000"}, {"fiscalDateEnding": "2005-03-31", "reportedCurrency": "USD", "grossProfit": "89140000", "totalRevenue": "305581000", "costOfRevenue": "216441000", "costofGoodsAndServicesSold": "216441000", "operatingIncome": "-51043000", "sellingGeneralAndAdministrative": "64279000", "researchAndDevelopment": "64240000", "operatingExpenses": "129555000", "investmentIncomeNet": "None", "netInterestIncome": "None", "interestIncome": "None", "interestExpense": "4434000", "nonInterestIncome": "None", "otherNonOperatingIncome": "None", "depreciation": "None", "depreciationAndAmortization": "28302000", "incomeBeforeTax": "-51072000", "incomeTaxExpense": "1500000", "interestAndDebtExpense": "None", "netIncomeFromContinuingOperations": "0", "comprehensiveIncomeNetOfTax": "None", "ebit": "-53701000", "ebitda": "-25399000", "netIncome": "-52572000"}, {"fiscalDateEnding": "2004-12-31", "reportedCurrency": "USD", "grossProfit": "132814000", "totalRevenue": "377014000", "costOfRevenue": "244200000", "costofGoodsAndServicesSold": "244200000", "operatingIncome": "2469000", "sellingGeneralAndAdministrative": "62073000", "researchAndDevelopment": "63149000", "operatingExpenses": "125222000", "investmentIncomeNet": "None", "netInterestIncome": "None", "interestIncome": "None", "interestExpense": "4529000", "nonInterestIncome": "None", "otherNonOperatingIncome": "None", "depreciation": "None", "depreciationAndAmortization": "27834000", "incomeBeforeTax": "3741000", "incomeTaxExpense": "393000", "interestAndDebtExpense": "None", "netIncomeFromContinuingOperations": "0", "comprehensiveIncomeNetOfTax": "None", "ebit": "7592000", "ebitda": "35426000", "netIncome": "3348000"}]}