{"Symbol": "TXN", "AssetType": "Common Stock", "Name": "Texas Instruments Incorporated", "Description": "Texas Instruments Incorporated (TI) is an American technology company headquartered in Dallas, Texas, that designs and manufactures semiconductors and various integrated circuits, which it sells to electronics designers and manufacturers globally. It is one of the top 10 semiconductor companies worldwide based on sales volume.", "CIK": "97476", "Exchange": "NASDAQ", "Currency": "USD", "Country": "USA", "Sector": "MANUFACTURING", "Industry": "SEMICONDUCTORS & RELATED DEVICES", "Address": "P.O. BOX 660199, DALLAS, TX, US", "OfficialSite": "https://www.ti.com", "FiscalYearEnd": "December", "LatestQuarter": "2024-12-31", "MarketCapitalization": "136134861000", "EBITDA": "6858000000", "PERatio": "28.22", "PEGRatio": "1.511", "BookValue": "18.55", "DividendPerShare": "5.26", "DividendYield": "0.0374", "EPS": "5.2", "RevenuePerShareTTM": "17.15", "ProfitMargin": "0.307", "OperatingMarginTTM": "0.349", "ReturnOnAssetsTTM": "0.0985", "ReturnOnEquityTTM": "0.284", "RevenueTTM": "15641000000", "GrossProfitTTM": "9094000000", "DilutedEPSTTM": "5.2", "QuarterlyEarningsGrowthYOY": "-0.121", "QuarterlyRevenueGrowthYOY": "-0.017", "AnalystTargetPrice": "195.29", "AnalystRatingStrongBuy": "2", "AnalystRatingBuy": "10", "AnalystRatingHold": "20", "AnalystRatingSell": "1", "AnalystRatingStrongSell": "2", "TrailingPE": "28.22", "ForwardPE": "27.62", "PriceToSalesRatioTTM": "8.7", "PriceToBookRatio": "7.84", "EVToRevenue": "8.86", "EVToEBITDA": "18.37", "Beta": "0.976", "52WeekHigh": "218.77", "52WeekLow": "139.95", "50DayMovingAverage": "177.85", "200DayMovingAverage": "193.4", "SharesOutstanding": "909918000", "DividendDate": "2025-02-11", "ExDividendDate": "2025-04-30"}