{"Meta Data": {"1. Information": "Daily Time Series with Splits and Dividend Events", "2. Symbol": "LNT", "3. Last Refreshed": "2025-04-22", "4. Output Size": "Compact", "5. Time Zone": "US/Eastern"}, "Time Series (Daily)": {"2025-04-22": {"1. open": "59.5", "2. high": "61.07", "3. low": "59.31", "4. close": "61.03", "5. adjusted close": "61.03", "6. volume": "2164179", "7. dividend amount": "0.0000", "8. split coefficient": "1.0"}, "2025-04-21": {"1. open": "60.8", "2. high": "60.92", "3. low": "58.67", "4. close": "59.29", "5. adjusted close": "59.29", "6. volume": "1822232", "7. dividend amount": "0.0000", "8. split coefficient": "1.0"}, "2025-04-17": {"1. open": "60.67", "2. high": "61.7725", "3. low": "60.29", "4. close": "60.8", "5. adjusted close": "60.8", "6. volume": "2462917", "7. dividend amount": "0.0000", "8. split coefficient": "1.0"}, "2025-04-16": {"1. open": "61.78", "2. high": "61.93", "3. low": "60.275", "4. close": "60.42", "5. adjusted close": "60.42", "6. volume": "1945372", "7. dividend amount": "0.0000", "8. split coefficient": "1.0"}, "2025-04-15": {"1. open": "61.99", "2. high": "62.375", "3. low": "61.51", "4. close": "61.6", "5. adjusted close": "61.6", "6. volume": "1651583", "7. dividend amount": "0.0000", "8. split coefficient": "1.0"}, "2025-04-14": {"1. open": "60.8", "2. high": "62.21", "3. low": "60.55", "4. close": "61.81", "5. adjusted close": "61.81", "6. volume": "1867395", "7. dividend amount": "0.0000", "8. split coefficient": "1.0"}, "2025-04-11": {"1. open": "60.29", "2. high": "60.9", "3. low": "59.29", "4. close": "60.59", "5. adjusted close": "60.59", "6. volume": "1527863", "7. dividend amount": "0.0000", "8. split coefficient": "1.0"}, "2025-04-10": {"1. open": "60.39", "2. high": "61.14", "3. low": "59.04", "4. close": "60.21", "5. adjusted close": "60.21", "6. volume": "1859318", "7. dividend amount": "0.0000", "8. split coefficient": "1.0"}, "2025-04-09": {"1. open": "58.21", "2. high": "60.57", "3. low": "57.09", "4. close": "60.42", "5. adjusted close": "60.42", "6. volume": "2672347", "7. dividend amount": "0.0000", "8. split coefficient": "1.0"}, "2025-04-08": {"1. open": "60.38", "2. high": "61.11", "3. low": "58.2", "4. close": "58.79", "5. adjusted close": "58.79", "6. volume": "3188553", "7. dividend amount": "0.0000", "8. split coefficient": "1.0"}, "2025-04-07": {"1. open": "61.51", "2. high": "61.51", "3. low": "58.8025", "4. close": "59.81", "5. adjusted close": "59.81", "6. volume": "3748791", "7. dividend amount": "0.0000", "8. split coefficient": "1.0"}, "2025-04-04": {"1. open": "64.97", "2. high": "65.17", "3. low": "60.91", "4. close": "61.36", "5. adjusted close": "61.36", "6. volume": "3087928", "7. dividend amount": "0.0000", "8. split coefficient": "1.0"}, "2025-04-03": {"1. open": "65.1", "2. high": "65.72", "3. low": "64.5127", "4. close": "64.85", "5. adjusted close": "64.85", "6. volume": "1924037", "7. dividend amount": "0.0000", "8. split coefficient": "1.0"}, "2025-04-02": {"1. open": "64.66", "2. high": "64.9", "3. low": "63.935", "4. close": "64.49", "5. adjusted close": "64.49", "6. volume": "1253470", "7. dividend amount": "0.0000", "8. split coefficient": "1.0"}, "2025-04-01": {"1. open": "64.02", "2. high": "64.56", "3. low": "63.86", "4. close": "64.42", "5. adjusted close": "64.42", "6. volume": "1420096", "7. dividend amount": "0.0000", "8. split coefficient": "1.0"}, "2025-03-31": {"1. open": "63.99", "2. high": "64.745", "3. low": "63.63", "4. close": "64.35", "5. adjusted close": "64.35", "6. volume": "2144014", "7. dividend amount": "0.0000", "8. split coefficient": "1.0"}, "2025-03-28": {"1. open": "63.62", "2. high": "64.07", "3. low": "63.29", "4. close": "63.58", "5. adjusted close": "63.58", "6. volume": "2369765", "7. dividend amount": "0.0000", "8. split coefficient": "1.0"}, "2025-03-27": {"1. open": "62.94", "2. high": "63.51", "3. low": "62.785", "4. close": "63.12", "5. adjusted close": "63.12", "6. volume": "1318025", "7. dividend amount": "0.0000", "8. split coefficient": "1.0"}, "2025-03-26": {"1. open": "62.14", "2. high": "63.28", "3. low": "62.14", "4. close": "62.86", "5. adjusted close": "62.86", "6. volume": "2150991", "7. dividend amount": "0.0000", "8. split coefficient": "1.0"}, "2025-03-25": {"1. open": "62.84", "2. high": "62.895", "3. low": "61.73", "4. close": "62.1", "5. adjusted close": "62.1", "6. volume": "1881587", "7. dividend amount": "0.0000", "8. split coefficient": "1.0"}, "2025-03-24": {"1. open": "63.31", "2. high": "63.61", "3. low": "62.92", "4. close": "62.98", "5. adjusted close": "62.98", "6. volume": "1393362", "7. dividend amount": "0.0000", "8. split coefficient": "1.0"}, "2025-03-21": {"1. open": "63.5", "2. high": "63.91", "3. low": "62.58", "4. close": "63.05", "5. adjusted close": "63.05", "6. volume": "3631046", "7. dividend amount": "0.0000", "8. split coefficient": "1.0"}, "2025-03-20": {"1. open": "63.44", "2. high": "63.72", "3. low": "63.2", "4. close": "63.55", "5. adjusted close": "63.55", "6. volume": "1780793", "7. dividend amount": "0.0000", "8. split coefficient": "1.0"}, "2025-03-19": {"1. open": "63.24", "2. high": "63.68", "3. low": "62.93", "4. close": "63.51", "5. adjusted close": "63.51", "6. volume": "1502625", "7. dividend amount": "0.0000", "8. split coefficient": "1.0"}, "2025-03-18": {"1. open": "63.34", "2. high": "63.5", "3. low": "62.84", "4. close": "63.35", "5. adjusted close": "63.35", "6. volume": "2028227", "7. dividend amount": "0.0000", "8. split coefficient": "1.0"}, "2025-03-17": {"1. open": "62.96", "2. high": "64.2", "3. low": "62.915", "4. close": "63.53", "5. adjusted close": "63.53", "6. volume": "2907197", "7. dividend amount": "0.0000", "8. split coefficient": "1.0"}, "2025-03-14": {"1. open": "62.36", "2. high": "63.02", "3. low": "61.88", "4. close": "62.95", "5. adjusted close": "62.95", "6. volume": "1888818", "7. dividend amount": "0.0000", "8. split coefficient": "1.0"}, "2025-03-13": {"1. open": "62.24", "2. high": "62.92", "3. low": "61.88", "4. close": "62.23", "5. adjusted close": "62.23", "6. volume": "1948137", "7. dividend amount": "0.0000", "8. split coefficient": "1.0"}, "2025-03-12": {"1. open": "62.21", "2. high": "62.88", "3. low": "62.07", "4. close": "62.18", "5. adjusted close": "62.18", "6. volume": "1416671", "7. dividend amount": "0.0000", "8. split coefficient": "1.0"}, "2025-03-11": {"1. open": "63.4", "2. high": "63.81", "3. low": "62.47", "4. close": "62.62", "5. adjusted close": "62.62", "6. volume": "2224751", "7. dividend amount": "0.0000", "8. split coefficient": "1.0"}, "2025-03-10": {"1. open": "62.6", "2. high": "64.28", "3. low": "62.51", "4. close": "63.27", "5. adjusted close": "63.27", "6. volume": "3180755", "7. dividend amount": "0.0000", "8. split coefficient": "1.0"}, "2025-03-07": {"1. open": "62.16", "2. high": "62.98", "3. low": "62.0", "4. close": "62.49", "5. adjusted close": "62.49", "6. volume": "3130567", "7. dividend amount": "0.0000", "8. split coefficient": "1.0"}, "2025-03-06": {"1. open": "63.09", "2. high": "63.2149", "3. low": "62.08", "4. close": "62.2", "5. adjusted close": "62.2", "6. volume": "2851329", "7. dividend amount": "0.0000", "8. split coefficient": "1.0"}, "2025-03-05": {"1. open": "64.0", "2. high": "64.57", "3. low": "63.27", "4. close": "63.44", "5. adjusted close": "63.44", "6. volume": "2091357", "7. dividend amount": "0.0000", "8. split coefficient": "1.0"}, "2025-03-04": {"1. open": "66.53", "2. high": "66.54", "3. low": "64.21", "4. close": "64.26", "5. adjusted close": "64.26", "6. volume": "2405048", "7. dividend amount": "0.0000", "8. split coefficient": "1.0"}, "2025-03-03": {"1. open": "64.49", "2. high": "66.15", "3. low": "64.49", "4. close": "66.04", "5. adjusted close": "66.04", "6. volume": "2296508", "7. dividend amount": "0.0000", "8. split coefficient": "1.0"}, "2025-02-28": {"1. open": "64.14", "2. high": "64.76", "3. low": "63.77", "4. close": "64.53", "5. adjusted close": "64.53", "6. volume": "1921836", "7. dividend amount": "0.0000", "8. split coefficient": "1.0"}, "2025-02-27": {"1. open": "63.63", "2. high": "64.35", "3. low": "63.31", "4. close": "63.85", "5. adjusted close": "63.85", "6. volume": "2104915", "7. dividend amount": "0.0000", "8. split coefficient": "1.0"}, "2025-02-26": {"1. open": "63.57", "2. high": "64.05", "3. low": "63.3", "4. close": "63.98", "5. adjusted close": "63.98", "6. volume": "1941034", "7. dividend amount": "0.0000", "8. split coefficient": "1.0"}, "2025-02-25": {"1. open": "64.0", "2. high": "64.1492", "3. low": "63.395", "4. close": "63.75", "5. adjusted close": "63.75", "6. volume": "2856142", "7. dividend amount": "0.0000", "8. split coefficient": "1.0"}, "2025-02-24": {"1. open": "63.1", "2. high": "63.97", "3. low": "62.6", "4. close": "63.85", "5. adjusted close": "63.85", "6. volume": "3474953", "7. dividend amount": "0.0000", "8. split coefficient": "1.0"}, "2025-02-21": {"1. open": "61.49", "2. high": "63.3", "3. low": "61.32", "4. close": "62.81", "5. adjusted close": "62.81", "6. volume": "3902912", "7. dividend amount": "0.0000", "8. split coefficient": "1.0"}, "2025-02-20": {"1. open": "61.88", "2. high": "61.9", "3. low": "61.12", "4. close": "61.62", "5. adjusted close": "61.62", "6. volume": "3247059", "7. dividend amount": "0.0000", "8. split coefficient": "1.0"}, "2025-02-19": {"1. open": "61.67", "2. high": "61.935", "3. low": "61.48", "4. close": "61.64", "5. adjusted close": "61.64", "6. volume": "2000107", "7. dividend amount": "0.0000", "8. split coefficient": "1.0"}, "2025-02-18": {"1. open": "61.33", "2. high": "62.04", "3. low": "61.02", "4. close": "61.67", "5. adjusted close": "61.67", "6. volume": "2466237", "7. dividend amount": "0.0000", "8. split coefficient": "1.0"}, "2025-02-14": {"1. open": "61.31", "2. high": "62.08", "3. low": "61.12", "4. close": "61.33", "5. adjusted close": "61.33", "6. volume": "2146363", "7. dividend amount": "0.0000", "8. split coefficient": "1.0"}, "2025-02-13": {"1. open": "60.59", "2. high": "61.45", "3. low": "60.5", "4. close": "61.1", "5. adjusted close": "61.1", "6. volume": "2070905", "7. dividend amount": "0.0000", "8. split coefficient": "1.0"}, "2025-02-12": {"1. open": "59.61", "2. high": "60.725", "3. low": "59.44", "4. close": "60.63", "5. adjusted close": "60.63", "6. volume": "1733830", "7. dividend amount": "0.0000", "8. split coefficient": "1.0"}, "2025-02-11": {"1. open": "59.72", "2. high": "60.355", "3. low": "59.21", "4. close": "60.31", "5. adjusted close": "60.31", "6. volume": "1523712", "7. dividend amount": "0.0000", "8. split coefficient": "1.0"}, "2025-02-10": {"1. open": "59.63", "2. high": "59.98", "3. low": "59.07", "4. close": "59.87", "5. adjusted close": "59.87", "6. volume": "1098786", "7. dividend amount": "0.0000", "8. split coefficient": "1.0"}, "2025-02-07": {"1. open": "59.5", "2. high": "59.68", "3. low": "59.115", "4. close": "59.47", "5. adjusted close": "59.47", "6. volume": "1107633", "7. dividend amount": "0.0000", "8. split coefficient": "1.0"}, "2025-02-06": {"1. open": "59.91", "2. high": "60.0299", "3. low": "59.22", "4. close": "59.54", "5. adjusted close": "59.54", "6. volume": "1115101", "7. dividend amount": "0.0000", "8. split coefficient": "1.0"}, "2025-02-05": {"1. open": "59.68", "2. high": "60.11", "3. low": "59.37", "4. close": "59.73", "5. adjusted close": "59.73", "6. volume": "1359627", "7. dividend amount": "0.0000", "8. split coefficient": "1.0"}, "2025-02-04": {"1. open": "58.83", "2. high": "59.52", "3. low": "58.355", "4. close": "59.24", "5. adjusted close": "59.24", "6. volume": "1073724", "7. dividend amount": "0.0000", "8. split coefficient": "1.0"}, "2025-02-03": {"1. open": "58.53", "2. high": "59.375", "3. low": "58.095", "4. close": "59.27", "5. adjusted close": "59.27", "6. volume": "1862666", "7. dividend amount": "0.0000", "8. split coefficient": "1.0"}, "2025-01-31": {"1. open": "58.91", "2. high": "59.25", "3. low": "58.64", "4. close": "58.88", "5. adjusted close": "58.88", "6. volume": "1741961", "7. dividend amount": "0.5075", "8. split coefficient": "1.0"}, "2025-01-30": {"1. open": "59.12", "2. high": "59.5999", "3. low": "58.84", "4. close": "59.34", "5. adjusted close": "58.8329059145443", "6. volume": "1047290", "7. dividend amount": "0.0000", "8. split coefficient": "1.0"}, "2025-01-29": {"1. open": "58.81", "2. high": "59.36", "3. low": "58.56", "4. close": "58.59", "5. adjusted close": "58.0893150915597", "6. volume": "971127", "7. dividend amount": "0.0000", "8. split coefficient": "1.0"}, "2025-01-28": {"1. open": "59.86", "2. high": "59.92", "3. low": "58.62", "4. close": "58.87", "5. adjusted close": "58.3669223321406", "6. volume": "1277730", "7. dividend amount": "0.0000", "8. split coefficient": "1.0"}, "2025-01-27": {"1. open": "59.38", "2. high": "60.03", "3. low": "58.31", "4. close": "60.0", "5. adjusted close": "59.4872658387708", "6. volume": "2493780", "7. dividend amount": "0.0000", "8. split coefficient": "1.0"}, "2025-01-24": {"1. open": "58.63", "2. high": "59.08", "3. low": "58.45", "4. close": "58.77", "5. adjusted close": "58.267776889076", "6. volume": "1345335", "7. dividend amount": "0.0000", "8. split coefficient": "1.0"}, "2025-01-23": {"1. open": "59.02", "2. high": "59.21", "3. low": "58.55", "4. close": "58.69", "5. adjusted close": "58.1884605346243", "6. volume": "1429737", "7. dividend amount": "0.0000", "8. split coefficient": "1.0"}, "2025-01-22": {"1. open": "60.66", "2. high": "60.835", "3. low": "59.045", "4. close": "59.09", "5. adjusted close": "58.5850423068828", "6. volume": "1293655", "7. dividend amount": "0.0000", "8. split coefficient": "1.0"}, "2025-01-21": {"1. open": "61.24", "2. high": "61.93", "3. low": "60.77", "4. close": "61.0", "5. adjusted close": "60.478720269417", "6. volume": "1552572", "7. dividend amount": "0.0000", "8. split coefficient": "1.0"}, "2025-01-17": {"1. open": "60.22", "2. high": "60.73", "3. low": "59.955", "4. close": "60.55", "5. adjusted close": "60.0325657756262", "6. volume": "1697669", "7. dividend amount": "0.0000", "8. split coefficient": "1.0"}, "2025-01-16": {"1. open": "58.61", "2. high": "60.11", "3. low": "58.3", "4. close": "60.07", "5. adjusted close": "59.556667648916", "6. volume": "1233843", "7. dividend amount": "0.0000", "8. split coefficient": "1.0"}, "2025-01-15": {"1. open": "58.3", "2. high": "58.87", "3. low": "58.14", "4. close": "58.47", "5. adjusted close": "57.9703405598821", "6. volume": "1419013", "7. dividend amount": "0.0000", "8. split coefficient": "1.0"}, "2025-01-14": {"1. open": "56.83", "2. high": "57.86", "3. low": "56.81", "4. close": "57.79", "5. adjusted close": "57.2961515470427", "6. volume": "1565066", "7. dividend amount": "0.0000", "8. split coefficient": "1.0"}, "2025-01-13": {"1. open": "56.78", "2. high": "57.17", "3. low": "56.3", "4. close": "56.98", "5. adjusted close": "56.4930734582193", "6. volume": "1388156", "7. dividend amount": "0.0000", "8. split coefficient": "1.0"}, "2025-01-10": {"1. open": "57.83", "2. high": "57.93", "3. low": "56.64", "4. close": "56.66", "5. adjusted close": "56.1758080404125", "6. volume": "1381048", "7. dividend amount": "0.0000", "8. split coefficient": "1.0"}, "2025-01-08": {"1. open": "57.28", "2. high": "58.25", "3. low": "56.87", "4. close": "58.2", "5. adjusted close": "57.7026478636077", "6. volume": "1174109", "7. dividend amount": "0.0000", "8. split coefficient": "1.0"}, "2025-01-07": {"1. open": "57.18", "2. high": "57.935", "3. low": "57.06", "4. close": "57.36", "5. adjusted close": "56.8698261418649", "6. volume": "1260768", "7. dividend amount": "0.0000", "8. split coefficient": "1.0"}, "2025-01-06": {"1. open": "58.02", "2. high": "58.23", "3. low": "57.13", "4. close": "57.31", "5. adjusted close": "56.8202534203326", "6. volume": "2018676", "7. dividend amount": "0.0000", "8. split coefficient": "1.0"}, "2025-01-03": {"1. open": "58.71", "2. high": "58.72", "3. low": "58.23", "4. close": "58.34", "5. adjusted close": "57.8414514838981", "6. volume": "1440685", "7. dividend amount": "0.0000", "8. split coefficient": "1.0"}, "2025-01-02": {"1. open": "59.31", "2. high": "59.73", "3. low": "58.45", "4. close": "58.51", "5. adjusted close": "58.009998737108", "6. volume": "1008998", "7. dividend amount": "0.0000", "8. split coefficient": "1.0"}, "2024-12-31": {"1. open": "59.53", "2. high": "59.7", "3. low": "58.83", "4. close": "59.14", "5. adjusted close": "58.6346150284151", "6. volume": "864721", "7. dividend amount": "0.0000", "8. split coefficient": "1.0"}, "2024-12-30": {"1. open": "59.53", "2. high": "59.53", "3. low": "58.84", "4. close": "59.33", "5. adjusted close": "58.8229913702378", "6. volume": "1267256", "7. dividend amount": "0.0000", "8. split coefficient": "1.0"}, "2024-12-27": {"1. open": "59.28", "2. high": "60.085", "3. low": "58.64", "4. close": "59.54", "5. adjusted close": "59.0311968006735", "6. volume": "728937", "7. dividend amount": "0.0000", "8. split coefficient": "1.0"}, "2024-12-26": {"1. open": "59.38", "2. high": "59.83", "3. low": "59.3", "4. close": "59.65", "5. adjusted close": "59.1402567880446", "6. volume": "844458", "7. dividend amount": "0.0000", "8. split coefficient": "1.0"}, "2024-12-24": {"1. open": "59.22", "2. high": "59.63", "3. low": "59.005", "4. close": "59.62", "5. adjusted close": "59.1105131551252", "6. volume": "397346", "7. dividend amount": "0.0000", "8. split coefficient": "1.0"}, "2024-12-23": {"1. open": "58.73", "2. high": "59.325", "3. low": "58.33", "4. close": "59.26", "5. adjusted close": "58.7535895600926", "6. volume": "1239225", "7. dividend amount": "0.0000", "8. split coefficient": "1.0"}, "2024-12-20": {"1. open": "58.48", "2. high": "59.1", "3. low": "58.37", "4. close": "58.95", "5. adjusted close": "58.4462386865923", "6. volume": "2617740", "7. dividend amount": "0.0000", "8. split coefficient": "1.0"}, "2024-12-19": {"1. open": "57.89", "2. high": "59.08", "3. low": "57.89", "4. close": "58.26", "5. adjusted close": "57.7621351294464", "6. volume": "1730250", "7. dividend amount": "0.0000", "8. split coefficient": "1.0"}, "2024-12-18": {"1. open": "59.62", "2. high": "59.71", "3. low": "58.11", "4. close": "58.15", "5. adjusted close": "57.6530751420754", "6. volume": "2036951", "7. dividend amount": "0.0000", "8. split coefficient": "1.0"}, "2024-12-17": {"1. open": "59.52", "2. high": "59.93", "3. low": "59.25", "4. close": "59.57", "5. adjusted close": "59.0609404335929", "6. volume": "1509017", "7. dividend amount": "0.0000", "8. split coefficient": "1.0"}, "2024-12-16": {"1. open": "60.41", "2. high": "60.735", "3. low": "59.85", "4. close": "59.88", "5. adjusted close": "59.3682913070932", "6. volume": "1382371", "7. dividend amount": "0.0000", "8. split coefficient": "1.0"}, "2024-12-13": {"1. open": "60.51", "2. high": "60.94", "3. low": "60.31", "4. close": "60.45", "5. adjusted close": "59.9334203325616", "6. volume": "855918", "7. dividend amount": "0.0000", "8. split coefficient": "1.0"}, "2024-12-12": {"1. open": "60.39", "2. high": "60.7", "3. low": "59.91", "4. close": "60.47", "5. adjusted close": "59.9532494211745", "6. volume": "1264824", "7. dividend amount": "0.0000", "8. split coefficient": "1.0"}, "2024-12-11": {"1. open": "60.8", "2. high": "60.82", "3. low": "60.24", "4. close": "60.41", "5. adjusted close": "59.8937621553357", "6. volume": "1251243", "7. dividend amount": "0.0000", "8. split coefficient": "1.0"}, "2024-12-10": {"1. open": "60.65", "2. high": "61.05", "3. low": "59.71", "4. close": "60.7", "5. adjusted close": "60.1812839402231", "6. volume": "1052250", "7. dividend amount": "0.0000", "8. split coefficient": "1.0"}, "2024-12-09": {"1. open": "60.85", "2. high": "61.1613", "3. low": "60.63", "4. close": "60.91", "5. adjusted close": "60.3894893706588", "6. volume": "1387059", "7. dividend amount": "0.0000", "8. split coefficient": "1.0"}, "2024-12-06": {"1. open": "61.57", "2. high": "61.68", "3. low": "60.8", "4. close": "61.06", "5. adjusted close": "60.5382075352557", "6. volume": "1773094", "7. dividend amount": "0.0000", "8. split coefficient": "1.0"}, "2024-12-05": {"1. open": "61.58", "2. high": "62.12", "3. low": "61.24", "4. close": "61.54", "5. adjusted close": "61.0141056619659", "6. volume": "1232839", "7. dividend amount": "0.0000", "8. split coefficient": "1.0"}, "2024-12-04": {"1. open": "61.95", "2. high": "62.12", "3. low": "61.57", "4. close": "61.78", "5. adjusted close": "61.252054725321", "6. volume": "1488403", "7. dividend amount": "0.0000", "8. split coefficient": "1.0"}, "2024-12-03": {"1. open": "62.66", "2. high": "62.815", "3. low": "61.81", "4. close": "61.83", "5. adjusted close": "61.3016274468533", "6. volume": "1165683", "7. dividend amount": "0.0000", "8. split coefficient": "1.0"}, "2024-12-02": {"1. open": "63.2", "2. high": "63.38", "3. low": "61.895", "4. close": "62.28", "5. adjusted close": "61.7477819406441", "6. volume": "1368444", "7. dividend amount": "0.0000", "8. split coefficient": "1.0"}, "2024-11-29": {"1. open": "63.33", "2. high": "63.57", "3. low": "63.11", "4. close": "63.2", "5. adjusted close": "62.6599200168386", "6. volume": "838038", "7. dividend amount": "0.0000", "8. split coefficient": "1.0"}, "2024-11-27": {"1. open": "63.72", "2. high": "64.05", "3. low": "63.37", "4. close": "63.59", "5. adjusted close": "63.0465872447906", "6. volume": "1383219", "7. dividend amount": "0.0000", "8. split coefficient": "1.0"}, "2024-11-26": {"1. open": "63.91", "2. high": "63.92", "3. low": "63.08", "4. close": "63.34", "5. adjusted close": "62.798723637129", "6. volume": "1715232", "7. dividend amount": "0.0000", "8. split coefficient": "1.0"}, "2024-11-25": {"1. open": "63.84", "2. high": "64.19", "3. low": "63.14", "4. close": "63.63", "5. adjusted close": "63.0862454220164", "6. volume": "2362816", "7. dividend amount": "0.0000", "8. split coefficient": "1.0"}}}