{"Meta Data": {"1. Information": "Daily Time Series with Splits and Dividend Events", "2. Symbol": "ESS", "3. Last Refreshed": "2025-04-22", "4. Output Size": "Compact", "5. Time Zone": "US/Eastern"}, "Time Series (Daily)": {"2025-04-22": {"1. open": "275.84", "2. high": "277.595", "3. low": "272.6", "4. close": "276.37", "5. adjusted close": "276.37", "6. volume": "403131", "7. dividend amount": "0.0000", "8. split coefficient": "1.0"}, "2025-04-21": {"1. open": "272.3", "2. high": "274.72", "3. low": "267.22", "4. close": "270.89", "5. adjusted close": "270.89", "6. volume": "253560", "7. dividend amount": "0.0000", "8. split coefficient": "1.0"}, "2025-04-17": {"1. open": "273.01", "2. high": "279.05", "3. low": "273.01", "4. close": "275.29", "5. adjusted close": "275.29", "6. volume": "361682", "7. dividend amount": "0.0000", "8. split coefficient": "1.0"}, "2025-04-16": {"1. open": "272.33", "2. high": "278.5", "3. low": "271.235", "4. close": "271.9", "5. adjusted close": "271.9", "6. volume": "615790", "7. dividend amount": "0.0000", "8. split coefficient": "1.0"}, "2025-04-15": {"1. open": "274.03", "2. high": "277.79", "3. low": "273.025", "4. close": "273.39", "5. adjusted close": "273.39", "6. volume": "697507", "7. dividend amount": "0.0000", "8. split coefficient": "1.0"}, "2025-04-14": {"1. open": "265.48", "2. high": "273.33", "3. low": "264.56", "4. close": "272.66", "5. adjusted close": "272.66", "6. volume": "596782", "7. dividend amount": "0.0000", "8. split coefficient": "1.0"}, "2025-04-11": {"1. open": "259.96", "2. high": "266.045", "3. low": "254.775", "4. close": "263.48", "5. adjusted close": "263.48", "6. volume": "552261", "7. dividend amount": "0.0000", "8. split coefficient": "1.0"}, "2025-04-10": {"1. open": "269.25", "2. high": "274.035", "3. low": "258.63", "4. close": "262.85", "5. adjusted close": "262.85", "6. volume": "737038", "7. dividend amount": "0.0000", "8. split coefficient": "1.0"}, "2025-04-09": {"1. open": "249.0", "2. high": "273.135", "3. low": "243.85", "4. close": "271.95", "5. adjusted close": "271.95", "6. volume": "892648", "7. dividend amount": "0.0000", "8. split coefficient": "1.0"}, "2025-04-08": {"1. open": "270.27", "2. high": "270.27", "3. low": "251.68", "4. close": "254.65", "5. adjusted close": "254.65", "6. volume": "563007", "7. dividend amount": "0.0000", "8. split coefficient": "1.0"}, "2025-04-07": {"1. open": "268.13", "2. high": "276.7", "3. low": "256.18", "4. close": "262.39", "5. adjusted close": "262.39", "6. volume": "708843", "7. dividend amount": "0.0000", "8. split coefficient": "1.0"}, "2025-04-04": {"1. open": "288.38", "2. high": "289.91", "3. low": "270.93", "4. close": "271.03", "5. adjusted close": "271.03", "6. volume": "686909", "7. dividend amount": "0.0000", "8. split coefficient": "1.0"}, "2025-04-03": {"1. open": "305.37", "2. high": "307.0", "3. low": "292.59", "4. close": "294.35", "5. adjusted close": "294.35", "6. volume": "627200", "7. dividend amount": "0.0000", "8. split coefficient": "1.0"}, "2025-04-02": {"1. open": "304.13", "2. high": "308.52", "3. low": "302.4303", "4. close": "307.2", "5. adjusted close": "307.2", "6. volume": "516037", "7. dividend amount": "0.0000", "8. split coefficient": "1.0"}, "2025-04-01": {"1. open": "306.99", "2. high": "308.15", "3. low": "301.705", "4. close": "305.51", "5. adjusted close": "305.51", "6. volume": "411415", "7. dividend amount": "0.0000", "8. split coefficient": "1.0"}, "2025-03-31": {"1. open": "304.73", "2. high": "309.07", "3. low": "302.8", "4. close": "306.57", "5. adjusted close": "306.57", "6. volume": "568094", "7. dividend amount": "2.5700", "8. split coefficient": "1.0"}, "2025-03-28": {"1. open": "306.84", "2. high": "306.84", "3. low": "303.27", "4. close": "306.0", "5. adjusted close": "303.456104030536", "6. volume": "288731", "7. dividend amount": "0.0000", "8. split coefficient": "1.0"}, "2025-03-27": {"1. open": "306.96", "2. high": "310.1", "3. low": "304.3", "4. close": "304.8", "5. adjusted close": "302.266080093162", "6. volume": "287599", "7. dividend amount": "0.0000", "8. split coefficient": "1.0"}, "2025-03-26": {"1. open": "304.09", "2. high": "307.27", "3. low": "302.54", "4. close": "306.23", "5. adjusted close": "303.684191951866", "6. volume": "574732", "7. dividend amount": "0.0000", "8. split coefficient": "1.0"}, "2025-03-25": {"1. open": "305.16", "2. high": "308.22", "3. low": "300.12", "4. close": "303.01", "5. adjusted close": "300.490961053244", "6. volume": "376238", "7. dividend amount": "0.0000", "8. split coefficient": "1.0"}, "2025-03-24": {"1. open": "301.25", "2. high": "305.51", "3. low": "299.43", "4. close": "305.22", "5. adjusted close": "302.682588471243", "6. volume": "454640", "7. dividend amount": "0.0000", "8. split coefficient": "1.0"}, "2025-03-21": {"1. open": "301.3", "2. high": "303.51", "3. low": "295.85", "4. close": "300.06", "5. adjusted close": "297.565485540532", "6. volume": "849599", "7. dividend amount": "0.0000", "8. split coefficient": "1.0"}, "2025-03-20": {"1. open": "300.45", "2. high": "303.51", "3. low": "297.335", "4. close": "302.08", "5. adjusted close": "299.568692501779", "6. volume": "445325", "7. dividend amount": "0.0000", "8. split coefficient": "1.0"}, "2025-03-19": {"1. open": "298.77", "2. high": "301.68", "3. low": "296.235", "4. close": "299.25", "5. adjusted close": "296.762219382804", "6. volume": "354624", "7. dividend amount": "0.0000", "8. split coefficient": "1.0"}, "2025-03-18": {"1. open": "300.59", "2. high": "302.67", "3. low": "295.2503", "4. close": "298.9", "5. adjusted close": "296.415129067736", "6. volume": "435971", "7. dividend amount": "0.0000", "8. split coefficient": "1.0"}, "2025-03-17": {"1. open": "294.59", "2. high": "301.97", "3. low": "294.59", "4. close": "300.29", "5. adjusted close": "297.793573461862", "6. volume": "403812", "7. dividend amount": "0.0000", "8. split coefficient": "1.0"}, "2025-03-14": {"1. open": "290.34", "2. high": "295.8", "3. low": "289.08", "4. close": "295.01", "5. adjusted close": "292.557468137413", "6. volume": "578985", "7. dividend amount": "0.0000", "8. split coefficient": "1.0"}, "2025-03-13": {"1. open": "292.98", "2. high": "294.24", "3. low": "287.22", "4. close": "288.62", "5. adjusted close": "286.220590670893", "6. volume": "332698", "7. dividend amount": "0.0000", "8. split coefficient": "1.0"}, "2025-03-12": {"1. open": "294.64", "2. high": "295.72", "3. low": "291.03", "4. close": "292.88", "5. adjusted close": "290.445175648573", "6. volume": "350572", "7. dividend amount": "0.0000", "8. split coefficient": "1.0"}, "2025-03-11": {"1. open": "300.8", "2. high": "300.8", "3. low": "291.7", "4. close": "295.54", "5. adjusted close": "293.083062043087", "6. volume": "487356", "7. dividend amount": "0.0000", "8. split coefficient": "1.0"}, "2025-03-10": {"1. open": "300.87", "2. high": "304.57", "3. low": "298.26", "4. close": "299.12", "5. adjusted close": "296.633300122922", "6. volume": "483321", "7. dividend amount": "0.0000", "8. split coefficient": "1.0"}, "2025-03-07": {"1. open": "302.24", "2. high": "306.75", "3. low": "299.52", "4. close": "301.74", "5. adjusted close": "299.231519052856", "6. volume": "554556", "7. dividend amount": "0.0000", "8. split coefficient": "1.0"}, "2025-03-06": {"1. open": "305.34", "2. high": "305.34", "3. low": "298.1", "4. close": "301.44", "5. adjusted close": "298.934013068513", "6. volume": "398063", "7. dividend amount": "0.0000", "8. split coefficient": "1.0"}, "2025-03-05": {"1. open": "303.95", "2. high": "308.66", "3. low": "303.0", "4. close": "308.22", "5. adjusted close": "305.657648314679", "6. volume": "275846", "7. dividend amount": "0.0000", "8. split coefficient": "1.0"}, "2025-03-04": {"1. open": "314.09", "2. high": "316.29", "3. low": "307.22", "4. close": "307.59", "5. adjusted close": "305.032885747558", "6. volume": "392729", "7. dividend amount": "0.0000", "8. split coefficient": "1.0"}, "2025-03-03": {"1. open": "311.64", "2. high": "315.7", "3. low": "311.1682", "4. close": "313.85", "5. adjusted close": "311.240843954195", "6. volume": "468302", "7. dividend amount": "0.0000", "8. split coefficient": "1.0"}, "2025-02-28": {"1. open": "306.79", "2. high": "312.1", "3. low": "306.385", "4. close": "311.57", "5. adjusted close": "308.979798473184", "6. volume": "884944", "7. dividend amount": "0.0000", "8. split coefficient": "1.0"}, "2025-02-27": {"1. open": "300.96", "2. high": "305.78", "3. low": "300.96", "4. close": "303.91", "5. adjusted close": "301.383479006275", "6. volume": "297602", "7. dividend amount": "0.0000", "8. split coefficient": "1.0"}, "2025-02-26": {"1. open": "301.3", "2. high": "305.0", "3. low": "300.52", "4. close": "301.55", "5. adjusted close": "299.043098596105", "6. volume": "308465", "7. dividend amount": "0.0000", "8. split coefficient": "1.0"}, "2025-02-25": {"1. open": "299.56", "2. high": "303.03", "3. low": "299.56", "4. close": "301.24", "5. adjusted close": "298.735675745617", "6. volume": "357170", "7. dividend amount": "0.0000", "8. split coefficient": "1.0"}, "2025-02-24": {"1. open": "295.53", "2. high": "301.46", "3. low": "292.2", "4. close": "298.47", "5. adjusted close": "295.98870382351", "6. volume": "591884", "7. dividend amount": "0.0000", "8. split coefficient": "1.0"}, "2025-02-21": {"1. open": "295.23", "2. high": "296.39", "3. low": "291.66", "4. close": "294.74", "5. adjusted close": "292.289712751504", "6. volume": "456279", "7. dividend amount": "0.0000", "8. split coefficient": "1.0"}, "2025-02-20": {"1. open": "290.63", "2. high": "295.28", "3. low": "289.915", "4. close": "294.41", "5. adjusted close": "291.962456168726", "6. volume": "492882", "7. dividend amount": "0.0000", "8. split coefficient": "1.0"}, "2025-02-19": {"1. open": "288.04", "2. high": "292.905", "3. low": "288.04", "4. close": "291.2", "5. adjusted close": "288.779142136249", "6. volume": "594142", "7. dividend amount": "0.0000", "8. split coefficient": "1.0"}, "2025-02-18": {"1. open": "288.08", "2. high": "292.02", "3. low": "287.37", "4. close": "290.78", "5. adjusted close": "288.362633758168", "6. volume": "595030", "7. dividend amount": "0.0000", "8. split coefficient": "1.0"}, "2025-02-14": {"1. open": "291.86", "2. high": "293.79", "3. low": "287.68", "4. close": "288.37", "5. adjusted close": "285.972669017274", "6. volume": "441879", "7. dividend amount": "0.0000", "8. split coefficient": "1.0"}, "2025-02-13": {"1. open": "291.21", "2. high": "292.4299", "3. low": "289.67", "4. close": "291.62", "5. adjusted close": "289.19565051433", "6. volume": "422323", "7. dividend amount": "0.0000", "8. split coefficient": "1.0"}, "2025-02-12": {"1. open": "285.85", "2. high": "294.045", "3. low": "285.85", "4. close": "290.42", "5. adjusted close": "288.005626576955", "6. volume": "356728", "7. dividend amount": "0.0000", "8. split coefficient": "1.0"}, "2025-02-11": {"1. open": "287.93", "2. high": "291.62", "3. low": "287.715", "4. close": "291.59", "5. adjusted close": "289.165899915896", "6. volume": "460758", "7. dividend amount": "0.0000", "8. split coefficient": "1.0"}, "2025-02-10": {"1. open": "292.08", "2. high": "292.695", "3. low": "286.82", "4. close": "291.21", "5. adjusted close": "288.789059002394", "6. volume": "422750", "7. dividend amount": "0.0000", "8. split coefficient": "1.0"}, "2025-02-07": {"1. open": "298.05", "2. high": "299.66", "3. low": "291.55", "4. close": "292.14", "5. adjusted close": "289.711327553859", "6. volume": "444466", "7. dividend amount": "0.0000", "8. split coefficient": "1.0"}, "2025-02-06": {"1. open": "296.68", "2. high": "300.34", "3. low": "295.5", "4. close": "298.07", "5. adjusted close": "295.592029177719", "6. volume": "683882", "7. dividend amount": "0.0000", "8. split coefficient": "1.0"}, "2025-02-05": {"1. open": "283.0", "2. high": "297.26", "3. low": "282.865", "4. close": "295.79", "5. adjusted close": "293.330983696707", "6. volume": "790919", "7. dividend amount": "0.0000", "8. split coefficient": "1.0"}, "2025-02-04": {"1. open": "284.02", "2. high": "287.96", "3. low": "281.11", "4. close": "287.14", "5. adjusted close": "284.752894481465", "6. volume": "530862", "7. dividend amount": "0.0000", "8. split coefficient": "1.0"}, "2025-02-03": {"1. open": "281.12", "2. high": "287.39", "3. low": "280.33", "4. close": "284.39", "5. adjusted close": "282.025756291648", "6. volume": "406996", "7. dividend amount": "0.0000", "8. split coefficient": "1.0"}, "2025-01-31": {"1. open": "280.8", "2. high": "284.69", "3. low": "278.27", "4. close": "284.57", "5. adjusted close": "282.204259882254", "6. volume": "534526", "7. dividend amount": "0.0000", "8. split coefficient": "1.0"}, "2025-01-30": {"1. open": "279.75", "2. high": "283.41", "3. low": "278.84", "4. close": "281.16", "5. adjusted close": "278.822608526881", "6. volume": "290348", "7. dividend amount": "0.0000", "8. split coefficient": "1.0"}, "2025-01-29": {"1. open": "281.27", "2. high": "282.65", "3. low": "275.76", "4. close": "276.62", "5. adjusted close": "274.320351297147", "6. volume": "282949", "7. dividend amount": "0.0000", "8. split coefficient": "1.0"}, "2025-01-28": {"1. open": "282.36", "2. high": "286.31", "3. low": "280.29", "4. close": "281.2", "5. adjusted close": "278.86227599146", "6. volume": "271051", "7. dividend amount": "0.0000", "8. split coefficient": "1.0"}, "2025-01-27": {"1. open": "279.0", "2. high": "286.72", "3. low": "278.27", "4. close": "283.09", "5. adjusted close": "280.736563692825", "6. volume": "431781", "7. dividend amount": "0.0000", "8. split coefficient": "1.0"}, "2025-01-24": {"1. open": "276.33", "2. high": "278.44", "3. low": "274.45", "4. close": "277.93", "5. adjusted close": "275.619460762114", "6. volume": "411064", "7. dividend amount": "0.0000", "8. split coefficient": "1.0"}, "2025-01-23": {"1. open": "279.66", "2. high": "280.225", "3. low": "274.45", "4. close": "277.63", "5. adjusted close": "275.321954777771", "6. volume": "461073", "7. dividend amount": "0.0000", "8. split coefficient": "1.0"}, "2025-01-22": {"1. open": "282.03", "2. high": "282.99", "3. low": "278.61", "4. close": "279.9", "5. adjusted close": "277.573083392638", "6. volume": "426719", "7. dividend amount": "0.0000", "8. split coefficient": "1.0"}, "2025-01-21": {"1. open": "284.33", "2. high": "287.14", "3. low": "282.44", "4. close": "285.24", "5. adjusted close": "282.868689913955", "6. volume": "363545", "7. dividend amount": "0.0000", "8. split coefficient": "1.0"}, "2025-01-17": {"1. open": "284.6", "2. high": "285.205", "3. low": "282.62", "4. close": "283.41", "5. adjusted close": "281.053903409458", "6. volume": "364616", "7. dividend amount": "0.0000", "8. split coefficient": "1.0"}, "2025-01-16": {"1. open": "284.05", "2. high": "284.28", "3. low": "280.08", "4. close": "283.75", "5. adjusted close": "281.391076858381", "6. volume": "338853", "7. dividend amount": "0.0000", "8. split coefficient": "1.0"}, "2025-01-15": {"1. open": "289.75", "2. high": "291.48", "3. low": "281.64", "4. close": "282.85", "5. adjusted close": "280.49855890535", "6. volume": "499657", "7. dividend amount": "0.0000", "8. split coefficient": "1.0"}, "2025-01-14": {"1. open": "283.08", "2. high": "288.4", "3. low": "282.8", "4. close": "284.46", "5. adjusted close": "282.095174354661", "6. volume": "505838", "7. dividend amount": "0.0000", "8. split coefficient": "1.0"}, "2025-01-13": {"1. open": "274.57", "2. high": "284.22", "3. low": "274.0", "4. close": "282.95", "5. adjusted close": "280.597727566798", "6. volume": "781214", "7. dividend amount": "0.0000", "8. split coefficient": "1.0"}, "2025-01-10": {"1. open": "270.15", "2. high": "277.42", "3. low": "269.505", "4. close": "271.9", "5. adjusted close": "269.639590476807", "6. volume": "1105590", "7. dividend amount": "0.0000", "8. split coefficient": "1.0"}, "2025-01-08": {"1. open": "270.39", "2. high": "273.1", "3. low": "267.955", "4. close": "272.64", "5. adjusted close": "270.373438571521", "6. volume": "541321", "7. dividend amount": "0.0000", "8. split coefficient": "1.0"}, "2025-01-07": {"1. open": "274.72", "2. high": "275.75", "3. low": "269.56", "4. close": "270.06", "5. adjusted close": "267.814887106165", "6. volume": "606744", "7. dividend amount": "0.0000", "8. split coefficient": "1.0"}, "2025-01-06": {"1. open": "281.86", "2. high": "284.41", "3. low": "272.14", "4. close": "272.79", "5. adjusted close": "270.522191563693", "6. volume": "371728", "7. dividend amount": "0.0000", "8. split coefficient": "1.0"}, "2025-01-03": {"1. open": "279.91", "2. high": "284.68", "3. low": "279.45", "4. close": "284.25", "5. adjusted close": "281.886920165621", "6. volume": "331220", "7. dividend amount": "0.0000", "8. split coefficient": "1.0"}, "2025-01-02": {"1. open": "282.4", "2. high": "284.615", "3. low": "279.08", "4. close": "279.52", "5. adjusted close": "277.196242479136", "6. volume": "282743", "7. dividend amount": "2.4500", "8. split coefficient": "1.0"}, "2024-12-31": {"1. open": "284.31", "2. high": "285.71", "3. low": "282.25", "4. close": "285.44", "5. adjusted close": "280.607495312425", "6. volume": "339962", "7. dividend amount": "0.0000", "8. split coefficient": "1.0"}, "2024-12-30": {"1. open": "282.32", "2. high": "283.62", "3. low": "278.74", "4. close": "282.8", "5. adjusted close": "278.012190563179", "6. volume": "249517", "7. dividend amount": "0.0000", "8. split coefficient": "1.0"}, "2024-12-27": {"1. open": "285.9", "2. high": "288.55", "3. low": "283.43", "4. close": "284.43", "5. adjusted close": "279.614594631842", "6. volume": "298667", "7. dividend amount": "0.0000", "8. split coefficient": "1.0"}, "2024-12-26": {"1. open": "286.18", "2. high": "289.2", "3. low": "285.715", "4. close": "287.71", "5. adjusted close": "282.839064168784", "6. volume": "231604", "7. dividend amount": "0.0000", "8. split coefficient": "1.0"}, "2024-12-24": {"1. open": "284.6", "2. high": "286.81", "3. low": "282.27", "4. close": "286.79", "5. adjusted close": "281.934639786471", "6. volume": "121587", "7. dividend amount": "0.0000", "8. split coefficient": "1.0"}, "2024-12-23": {"1. open": "282.31", "2. high": "284.94", "3. low": "281.1", "4. close": "284.33", "5. adjusted close": "279.516287633765", "6. volume": "386497", "7. dividend amount": "0.0000", "8. split coefficient": "1.0"}, "2024-12-20": {"1. open": "280.42", "2. high": "287.245", "3. low": "280.31", "4. close": "283.76", "5. adjusted close": "278.955937744723", "6. volume": "1417592", "7. dividend amount": "0.0000", "8. split coefficient": "1.0"}, "2024-12-19": {"1. open": "283.62", "2. high": "287.0", "3. low": "278.14", "4. close": "279.01", "5. adjusted close": "274.286355336042", "6. volume": "448814", "7. dividend amount": "0.0000", "8. split coefficient": "1.0"}, "2024-12-18": {"1. open": "293.75", "2. high": "297.955", "3. low": "283.7", "4. close": "283.99", "5. adjusted close": "279.182043840301", "6. volume": "430649", "7. dividend amount": "0.0000", "8. split coefficient": "1.0"}, "2024-12-17": {"1. open": "295.0", "2. high": "297.37", "3. low": "292.71", "4. close": "294.1", "5. adjusted close": "289.120881345937", "6. volume": "509245", "7. dividend amount": "0.0000", "8. split coefficient": "1.0"}, "2024-12-16": {"1. open": "300.02", "2. high": "303.52", "3. low": "298.73", "4. close": "299.05", "5. adjusted close": "293.987077750773", "6. volume": "320500", "7. dividend amount": "0.0000", "8. split coefficient": "1.0"}, "2024-12-13": {"1. open": "301.41", "2. high": "303.25", "3. low": "298.55", "4. close": "299.79", "5. adjusted close": "294.714549536547", "6. volume": "213399", "7. dividend amount": "0.0000", "8. split coefficient": "1.0"}, "2024-12-12": {"1. open": "298.23", "2. high": "306.325", "3. low": "296.65", "4. close": "302.3", "5. adjusted close": "297.182055188292", "6. volume": "241808", "7. dividend amount": "0.0000", "8. split coefficient": "1.0"}, "2024-12-11": {"1. open": "300.13", "2. high": "302.0", "3. low": "296.82", "4. close": "298.04", "5. adjusted close": "292.99417707019", "6. volume": "293926", "7. dividend amount": "0.0000", "8. split coefficient": "1.0"}, "2024-12-10": {"1. open": "301.75", "2. high": "301.76", "3. low": "295.9", "4. close": "297.63", "5. adjusted close": "292.591118378073", "6. volume": "372912", "7. dividend amount": "0.0000", "8. split coefficient": "1.0"}, "2024-12-09": {"1. open": "299.83", "2. high": "301.53", "3. low": "296.83", "4. close": "301.0", "5. adjusted close": "295.904064213285", "6. volume": "421719", "7. dividend amount": "0.0000", "8. split coefficient": "1.0"}, "2024-12-06": {"1. open": "301.65", "2. high": "301.655", "3. low": "298.46", "4. close": "300.1", "5. adjusted close": "295.019301230587", "6. volume": "318988", "7. dividend amount": "0.0000", "8. split coefficient": "1.0"}, "2024-12-05": {"1. open": "298.96", "2. high": "302.305", "3. low": "298.89", "4. close": "299.67", "5. adjusted close": "294.596581138854", "6. volume": "261834", "7. dividend amount": "0.0000", "8. split coefficient": "1.0"}, "2024-12-04": {"1. open": "301.87", "2. high": "301.87", "3. low": "299.33", "4. close": "301.39", "5. adjusted close": "296.287461505787", "6. volume": "272559", "7. dividend amount": "0.0000", "8. split coefficient": "1.0"}, "2024-12-03": {"1. open": "305.5", "2. high": "305.5", "3. low": "300.96", "4. close": "301.0", "5. adjusted close": "295.904064213285", "6. volume": "322897", "7. dividend amount": "0.0000", "8. split coefficient": "1.0"}, "2024-12-02": {"1. open": "308.5", "2. high": "308.5", "3. low": "302.925", "4. close": "304.09", "5. adjusted close": "298.941750453879", "6. volume": "295214", "7. dividend amount": "0.0000", "8. split coefficient": "1.0"}, "2024-11-29": {"1. open": "313.31", "2. high": "313.7", "3. low": "309.66", "4. close": "310.46", "5. adjusted close": "305.203906231416", "6. volume": "238721", "7. dividend amount": "0.0000", "8. split coefficient": "1.0"}, "2024-11-27": {"1. open": "312.0", "2. high": "314.65", "3. low": "311.515", "4. close": "312.84", "5. adjusted close": "307.543612785661", "6. volume": "220732", "7. dividend amount": "0.0000", "8. split coefficient": "1.0"}, "2024-11-26": {"1. open": "310.0", "2. high": "311.25", "3. low": "308.24", "4. close": "309.75", "5. adjusted close": "304.505926545066", "6. volume": "284788", "7. dividend amount": "0.0000", "8. split coefficient": "1.0"}, "2024-11-25": {"1. open": "306.87", "2. high": "311.74", "3. low": "305.38", "4. close": "309.6", "5. adjusted close": "304.35846604795", "6. volume": "432939", "7. dividend amount": "0.0000", "8. split coefficient": "1.0"}}}