{"Symbol": "EQIX", "AssetType": "Common Stock", "Name": "Equinix Inc", "Description": "Equinix, Inc. is an American multinational company headquartered in Redwood City, California, that specializes in Internet connection and data centers.", "CIK": "1101239", "Exchange": "NASDAQ", "Currency": "USD", "Country": "USA", "Sector": "REAL ESTATE & CONSTRUCTION", "Industry": "REAL ESTATE INVESTMENT TRUSTS", "Address": "ONE LAGOON DRIVE, REDWOOD CITY, CA, US", "OfficialSite": "https://www.equinix.com", "FiscalYearEnd": "December", "LatestQuarter": "2024-12-31", "MarketCapitalization": "77386015000", "EBITDA": "3625000000", "PERatio": "93.51", "PEGRatio": "3.166", "BookValue": "139.05", "DividendPerShare": "17.04", "DividendYield": "0.0237", "EPS": "8.46", "RevenuePerShareTTM": "91.53", "ProfitMargin": "0.0933", "OperatingMarginTTM": "0.177", "ReturnOnAssetsTTM": "0.0297", "ReturnOnEquityTTM": "0.0625", "RevenueTTM": "8737000000", "GrossProfitTTM": "4270000000", "DilutedEPSTTM": "8.46", "QuarterlyEarningsGrowthYOY": "0.058", "QuarterlyRevenueGrowthYOY": "0.069", "AnalystTargetPrice": "1011.27", "AnalystRatingStrongBuy": "7", "AnalystRatingBuy": "17", "AnalystRatingHold": "3", "AnalystRatingSell": "0", "AnalystRatingStrongSell": "0", "TrailingPE": "93.51", "ForwardPE": "57.14", "PriceToSalesRatioTTM": "8.86", "PriceToBookRatio": "5.59", "EVToRevenue": "10.4", "EVToEBITDA": "26.44", "Beta": "0.945", "52WeekHigh": "988.89", "52WeekLow": "670.3", "50DayMovingAverage": "854.42", "200DayMovingAverage": "873.44", "SharesOutstanding": "97818000", "DividendDate": "2025-03-19", "ExDividendDate": "2025-02-26"}