{"Symbol": "ROK", "AssetType": "Common Stock", "Name": "Rockwell Automation Inc", "Description": "Rockwell Automation, Inc. is an American provider of industrial automation and information technology. Its brands include Allen-Bradley and Factory Talk software.", "CIK": "1024478", "Exchange": "NYSE", "Currency": "USD", "Country": "USA", "Sector": "LIFE SCIENCES", "Industry": "MEASURING & CONTROLLING DEVICES, NEC", "Address": "1201 SOUTH 2ND STREET, MILWAUKEE, WI, US", "OfficialSite": "https://www.rockwellautomation.com", "FiscalYearEnd": "September", "LatestQuarter": "2024-12-31", "MarketCapitalization": "26506572000", "EBITDA": "1574700000", "PERatio": "29.16", "PEGRatio": "2.984", "BookValue": "29.94", "DividendPerShare": "5.06", "DividendYield": "0.0224", "EPS": "8.04", "RevenuePerShareTTM": "71.24", "ProfitMargin": "0.114", "OperatingMarginTTM": "0.131", "ReturnOnAssetsTTM": "0.0711", "ReturnOnEquityTTM": "0.248", "RevenueTTM": "8093200000", "GrossProfitTTM": "3151900000", "DilutedEPSTTM": "8.04", "QuarterlyEarningsGrowthYOY": "-0.134", "QuarterlyRevenueGrowthYOY": "-0.083", "AnalystTargetPrice": "278.97", "AnalystRatingStrongBuy": "3", "AnalystRatingBuy": "10", "AnalystRatingHold": "12", "AnalystRatingSell": "1", "AnalystRatingStrongSell": "3", "TrailingPE": "29.16", "ForwardPE": "25.19", "PriceToSalesRatioTTM": "3.275", "PriceToBookRatio": "7.58", "EVToRevenue": "3.61", "EVToEBITDA": "19.08", "Beta": "1.391", "52WeekHigh": "307.32", "52WeekLow": "215", "50DayMovingAverage": "264.73", "200DayMovingAverage": "272.08", "SharesOutstanding": "113073000", "DividendDate": "2025-06-10", "ExDividendDate": "2025-05-19"}