{"Meta Data": {"1. Information": "Daily Time Series with Splits and Dividend Events", "2. Symbol": "PNW", "3. Last Refreshed": "2025-04-22", "4. Output Size": "Compact", "5. Time Zone": "US/Eastern"}, "Time Series (Daily)": {"2025-04-22": {"1. open": "94.03", "2. high": "95.78", "3. low": "93.855", "4. close": "95.01", "5. adjusted close": "95.01", "6. volume": "2151819", "7. dividend amount": "0.0000", "8. split coefficient": "1.0"}, "2025-04-21": {"1. open": "94.19", "2. high": "94.19", "3. low": "92.26", "4. close": "93.24", "5. adjusted close": "93.24", "6. volume": "1297336", "7. dividend amount": "0.0000", "8. split coefficient": "1.0"}, "2025-04-17": {"1. open": "93.68", "2. high": "96.13", "3. low": "93.655", "4. close": "94.45", "5. adjusted close": "94.45", "6. volume": "2215855", "7. dividend amount": "0.0000", "8. split coefficient": "1.0"}, "2025-04-16": {"1. open": "94.96", "2. high": "94.98", "3. low": "93.09", "4. close": "93.41", "5. adjusted close": "93.41", "6. volume": "1682868", "7. dividend amount": "0.0000", "8. split coefficient": "1.0"}, "2025-04-15": {"1. open": "94.04", "2. high": "95.0", "3. low": "93.6", "4. close": "94.27", "5. adjusted close": "94.27", "6. volume": "1191556", "7. dividend amount": "0.0000", "8. split coefficient": "1.0"}, "2025-04-14": {"1. open": "92.28", "2. high": "94.003", "3. low": "92.15", "4. close": "93.71", "5. adjusted close": "93.71", "6. volume": "1064413", "7. dividend amount": "0.0000", "8. split coefficient": "1.0"}, "2025-04-11": {"1. open": "90.5", "2. high": "92.53", "3. low": "89.13", "4. close": "91.91", "5. adjusted close": "91.91", "6. volume": "1123858", "7. dividend amount": "0.0000", "8. split coefficient": "1.0"}, "2025-04-10": {"1. open": "90.29", "2. high": "91.32", "3. low": "88.25", "4. close": "90.28", "5. adjusted close": "90.28", "6. volume": "1061139", "7. dividend amount": "0.0000", "8. split coefficient": "1.0"}, "2025-04-09": {"1. open": "87.89", "2. high": "91.46", "3. low": "86.545", "4. close": "90.62", "5. adjusted close": "90.62", "6. volume": "1784398", "7. dividend amount": "0.0000", "8. split coefficient": "1.0"}, "2025-04-08": {"1. open": "91.05", "2. high": "91.75", "3. low": "87.96", "4. close": "88.82", "5. adjusted close": "88.82", "6. volume": "1879501", "7. dividend amount": "0.0000", "8. split coefficient": "1.0"}, "2025-04-07": {"1. open": "89.93", "2. high": "91.58", "3. low": "87.435", "4. close": "89.62", "5. adjusted close": "89.62", "6. volume": "2556999", "7. dividend amount": "0.0000", "8. split coefficient": "1.0"}, "2025-04-04": {"1. open": "95.3", "2. high": "95.88", "3. low": "90.49", "4. close": "91.09", "5. adjusted close": "91.09", "6. volume": "1787373", "7. dividend amount": "0.0000", "8. split coefficient": "1.0"}, "2025-04-03": {"1. open": "95.72", "2. high": "96.5", "3. low": "95.04", "4. close": "95.21", "5. adjusted close": "95.21", "6. volume": "1073601", "7. dividend amount": "0.0000", "8. split coefficient": "1.0"}, "2025-04-02": {"1. open": "95.5", "2. high": "95.84", "3. low": "94.51", "4. close": "95.43", "5. adjusted close": "95.43", "6. volume": "668886", "7. dividend amount": "0.0000", "8. split coefficient": "1.0"}, "2025-04-01": {"1. open": "95.2", "2. high": "95.34", "3. low": "94.23", "4. close": "95.28", "5. adjusted close": "95.28", "6. volume": "865711", "7. dividend amount": "0.0000", "8. split coefficient": "1.0"}, "2025-03-31": {"1. open": "94.71", "2. high": "95.83", "3. low": "94.5", "4. close": "95.25", "5. adjusted close": "95.25", "6. volume": "899886", "7. dividend amount": "0.0000", "8. split coefficient": "1.0"}, "2025-03-28": {"1. open": "93.45", "2. high": "95.04", "3. low": "93.3214", "4. close": "94.17", "5. adjusted close": "94.17", "6. volume": "1537013", "7. dividend amount": "0.0000", "8. split coefficient": "1.0"}, "2025-03-27": {"1. open": "93.2", "2. high": "93.96", "3. low": "92.9", "4. close": "93.02", "5. adjusted close": "93.02", "6. volume": "1044751", "7. dividend amount": "0.0000", "8. split coefficient": "1.0"}, "2025-03-26": {"1. open": "91.56", "2. high": "93.18", "3. low": "91.56", "4. close": "92.99", "5. adjusted close": "92.99", "6. volume": "967762", "7. dividend amount": "0.0000", "8. split coefficient": "1.0"}, "2025-03-25": {"1. open": "92.95", "2. high": "92.965", "3. low": "90.98", "4. close": "91.51", "5. adjusted close": "91.51", "6. volume": "1153706", "7. dividend amount": "0.0000", "8. split coefficient": "1.0"}, "2025-03-24": {"1. open": "93.76", "2. high": "94.23", "3. low": "92.91", "4. close": "93.09", "5. adjusted close": "93.09", "6. volume": "1169345", "7. dividend amount": "0.0000", "8. split coefficient": "1.0"}, "2025-03-21": {"1. open": "93.84", "2. high": "94.71", "3. low": "93.25", "4. close": "93.76", "5. adjusted close": "93.76", "6. volume": "2078638", "7. dividend amount": "0.0000", "8. split coefficient": "1.0"}, "2025-03-20": {"1. open": "94.25", "2. high": "94.52", "3. low": "93.8", "4. close": "94.2", "5. adjusted close": "94.2", "6. volume": "1001334", "7. dividend amount": "0.0000", "8. split coefficient": "1.0"}, "2025-03-19": {"1. open": "93.31", "2. high": "94.51", "3. low": "93.0975", "4. close": "94.2", "5. adjusted close": "94.2", "6. volume": "1441780", "7. dividend amount": "0.0000", "8. split coefficient": "1.0"}, "2025-03-18": {"1. open": "93.67", "2. high": "94.28", "3. low": "92.95", "4. close": "93.38", "5. adjusted close": "93.38", "6. volume": "1131743", "7. dividend amount": "0.0000", "8. split coefficient": "1.0"}, "2025-03-17": {"1. open": "93.91", "2. high": "94.86", "3. low": "93.69", "4. close": "94.26", "5. adjusted close": "94.26", "6. volume": "938646", "7. dividend amount": "0.0000", "8. split coefficient": "1.0"}, "2025-03-14": {"1. open": "91.76", "2. high": "93.86", "3. low": "91.6", "4. close": "93.71", "5. adjusted close": "93.71", "6. volume": "1134807", "7. dividend amount": "0.0000", "8. split coefficient": "1.0"}, "2025-03-13": {"1. open": "91.4", "2. high": "92.37", "3. low": "91.16", "4. close": "91.82", "5. adjusted close": "91.82", "6. volume": "917746", "7. dividend amount": "0.0000", "8. split coefficient": "1.0"}, "2025-03-12": {"1. open": "90.55", "2. high": "91.76", "3. low": "90.12", "4. close": "91.23", "5. adjusted close": "91.23", "6. volume": "966379", "7. dividend amount": "0.0000", "8. split coefficient": "1.0"}, "2025-03-11": {"1. open": "91.8", "2. high": "92.29", "3. low": "90.665", "4. close": "90.97", "5. adjusted close": "90.97", "6. volume": "1350857", "7. dividend amount": "0.0000", "8. split coefficient": "1.0"}, "2025-03-10": {"1. open": "92.12", "2. high": "93.62", "3. low": "91.03", "4. close": "92.12", "5. adjusted close": "92.12", "6. volume": "1283468", "7. dividend amount": "0.0000", "8. split coefficient": "1.0"}, "2025-03-07": {"1. open": "90.82", "2. high": "92.67", "3. low": "90.55", "4. close": "91.99", "5. adjusted close": "91.99", "6. volume": "1131234", "7. dividend amount": "0.0000", "8. split coefficient": "1.0"}, "2025-03-06": {"1. open": "90.73", "2. high": "91.02", "3. low": "89.48", "4. close": "90.76", "5. adjusted close": "90.76", "6. volume": "902493", "7. dividend amount": "0.0000", "8. split coefficient": "1.0"}, "2025-03-05": {"1. open": "90.96", "2. high": "92.09", "3. low": "90.63", "4. close": "91.04", "5. adjusted close": "91.04", "6. volume": "1073404", "7. dividend amount": "0.0000", "8. split coefficient": "1.0"}, "2025-03-04": {"1. open": "94.475", "2. high": "94.57", "3. low": "91.77", "4. close": "91.8", "5. adjusted close": "91.8", "6. volume": "1288899", "7. dividend amount": "0.0000", "8. split coefficient": "1.0"}, "2025-03-03": {"1. open": "92.26", "2. high": "94.27", "3. low": "92.19", "4. close": "94.18", "5. adjusted close": "94.18", "6. volume": "1290818", "7. dividend amount": "0.0000", "8. split coefficient": "1.0"}, "2025-02-28": {"1. open": "91.7", "2. high": "92.56", "3. low": "91.14", "4. close": "92.54", "5. adjusted close": "92.54", "6. volume": "938189", "7. dividend amount": "0.0000", "8. split coefficient": "1.0"}, "2025-02-27": {"1. open": "91.24", "2. high": "92.27", "3. low": "90.68", "4. close": "90.86", "5. adjusted close": "90.86", "6. volume": "1119968", "7. dividend amount": "0.0000", "8. split coefficient": "1.0"}, "2025-02-26": {"1. open": "92.44", "2. high": "93.22", "3. low": "91.49", "4. close": "91.64", "5. adjusted close": "91.64", "6. volume": "1279546", "7. dividend amount": "0.0000", "8. split coefficient": "1.0"}, "2025-02-25": {"1. open": "93.25", "2. high": "93.54", "3. low": "91.935", "4. close": "93.16", "5. adjusted close": "93.16", "6. volume": "1444951", "7. dividend amount": "0.0000", "8. split coefficient": "1.0"}, "2025-02-24": {"1. open": "91.77", "2. high": "92.56", "3. low": "91.08", "4. close": "92.11", "5. adjusted close": "92.11", "6. volume": "1194443", "7. dividend amount": "0.0000", "8. split coefficient": "1.0"}, "2025-02-21": {"1. open": "90.55", "2. high": "91.79", "3. low": "90.55", "4. close": "91.58", "5. adjusted close": "91.58", "6. volume": "1148678", "7. dividend amount": "0.0000", "8. split coefficient": "1.0"}, "2025-02-20": {"1. open": "90.07", "2. high": "91.08", "3. low": "89.4729", "4. close": "90.77", "5. adjusted close": "90.77", "6. volume": "733425", "7. dividend amount": "0.0000", "8. split coefficient": "1.0"}, "2025-02-19": {"1. open": "89.85", "2. high": "90.96", "3. low": "89.74", "4. close": "90.4", "5. adjusted close": "90.4", "6. volume": "675260", "7. dividend amount": "0.0000", "8. split coefficient": "1.0"}, "2025-02-18": {"1. open": "89.0", "2. high": "90.03", "3. low": "89.0", "4. close": "89.89", "5. adjusted close": "89.89", "6. volume": "933824", "7. dividend amount": "0.0000", "8. split coefficient": "1.0"}, "2025-02-14": {"1. open": "89.56", "2. high": "90.185", "3. low": "89.17", "4. close": "89.26", "5. adjusted close": "89.26", "6. volume": "1003110", "7. dividend amount": "0.0000", "8. split coefficient": "1.0"}, "2025-02-13": {"1. open": "89.07", "2. high": "89.665", "3. low": "88.8", "4. close": "89.35", "5. adjusted close": "89.35", "6. volume": "670755", "7. dividend amount": "0.0000", "8. split coefficient": "1.0"}, "2025-02-12": {"1. open": "87.79", "2. high": "89.22", "3. low": "87.63", "4. close": "89.01", "5. adjusted close": "89.01", "6. volume": "1187278", "7. dividend amount": "0.0000", "8. split coefficient": "1.0"}, "2025-02-11": {"1. open": "87.69", "2. high": "89.22", "3. low": "87.16", "4. close": "89.16", "5. adjusted close": "89.16", "6. volume": "1032726", "7. dividend amount": "0.0000", "8. split coefficient": "1.0"}, "2025-02-10": {"1. open": "87.13", "2. high": "88.01", "3. low": "86.67", "4. close": "87.83", "5. adjusted close": "87.83", "6. volume": "698855", "7. dividend amount": "0.0000", "8. split coefficient": "1.0"}, "2025-02-07": {"1. open": "87.74", "2. high": "88.215", "3. low": "86.84", "4. close": "86.97", "5. adjusted close": "86.97", "6. volume": "1026407", "7. dividend amount": "0.0000", "8. split coefficient": "1.0"}, "2025-02-06": {"1. open": "88.48", "2. high": "88.63", "3. low": "87.64", "4. close": "87.75", "5. adjusted close": "87.75", "6. volume": "557808", "7. dividend amount": "0.0000", "8. split coefficient": "1.0"}, "2025-02-05": {"1. open": "87.82", "2. high": "88.635", "3. low": "87.36", "4. close": "88.29", "5. adjusted close": "88.29", "6. volume": "929732", "7. dividend amount": "0.0000", "8. split coefficient": "1.0"}, "2025-02-04": {"1. open": "86.36", "2. high": "87.62", "3. low": "85.41", "4. close": "87.12", "5. adjusted close": "87.12", "6. volume": "1051441", "7. dividend amount": "0.0000", "8. split coefficient": "1.0"}, "2025-02-03": {"1. open": "85.5", "2. high": "87.06", "3. low": "85.03", "4. close": "86.82", "5. adjusted close": "86.82", "6. volume": "777540", "7. dividend amount": "0.8950", "8. split coefficient": "1.0"}, "2025-01-31": {"1. open": "86.81", "2. high": "87.27", "3. low": "86.41", "4. close": "86.96", "5. adjusted close": "86.0727036424785", "6. volume": "1137042", "7. dividend amount": "0.0000", "8. split coefficient": "1.0"}, "2025-01-30": {"1. open": "86.75", "2. high": "87.31", "3. low": "86.58", "4. close": "87.13", "5. adjusted close": "86.2409690474833", "6. volume": "593139", "7. dividend amount": "0.0000", "8. split coefficient": "1.0"}, "2025-01-29": {"1. open": "86.39", "2. high": "87.0", "3. low": "85.83", "4. close": "85.9", "5. adjusted close": "85.0235193524483", "6. volume": "575967", "7. dividend amount": "0.0000", "8. split coefficient": "1.0"}, "2025-01-28": {"1. open": "87.19", "2. high": "87.945", "3. low": "86.03", "4. close": "86.49", "5. adjusted close": "85.6074992874651", "6. volume": "914063", "7. dividend amount": "0.0000", "8. split coefficient": "1.0"}, "2025-01-27": {"1. open": "86.43", "2. high": "87.53", "3. low": "84.28", "4. close": "87.48", "5. adjusted close": "86.5873978224933", "6. volume": "1528539", "7. dividend amount": "0.0000", "8. split coefficient": "1.0"}, "2025-01-24": {"1. open": "84.91", "2. high": "86.1", "3. low": "84.76", "4. close": "85.74", "5. adjusted close": "84.8651519124437", "6. volume": "1751708", "7. dividend amount": "0.0000", "8. split coefficient": "1.0"}, "2025-01-23": {"1. open": "86.11", "2. high": "86.16", "3. low": "85.23", "4. close": "85.37", "5. adjusted close": "84.4989272074332", "6. volume": "1229875", "7. dividend amount": "0.0000", "8. split coefficient": "1.0"}, "2025-01-22": {"1. open": "87.48", "2. high": "87.71", "3. low": "85.85", "4. close": "85.96", "5. adjusted close": "85.08290714245", "6. volume": "1164426", "7. dividend amount": "0.0000", "8. split coefficient": "1.0"}, "2025-01-21": {"1. open": "87.34", "2. high": "88.49", "3. low": "87.07", "4. close": "88.0", "5. adjusted close": "87.1020920025081", "6. volume": "1059190", "7. dividend amount": "0.0000", "8. split coefficient": "1.0"}, "2025-01-17": {"1. open": "86.15", "2. high": "87.055", "3. low": "86.15", "4. close": "86.64", "5. adjusted close": "85.7559687624694", "6. volume": "751159", "7. dividend amount": "0.0000", "8. split coefficient": "1.0"}, "2025-01-16": {"1. open": "84.25", "2. high": "86.63", "3. low": "84.23", "4. close": "86.44", "5. adjusted close": "85.5580094624637", "6. volume": "1229604", "7. dividend amount": "0.0000", "8. split coefficient": "1.0"}, "2025-01-15": {"1. open": "84.52", "2. high": "84.83", "3. low": "83.79", "4. close": "84.41", "5. adjusted close": "83.5487225674058", "6. volume": "1069996", "7. dividend amount": "0.0000", "8. split coefficient": "1.0"}, "2025-01-14": {"1. open": "82.66", "2. high": "83.7", "3. low": "82.54", "4. close": "83.24", "5. adjusted close": "82.3906606623725", "6. volume": "1110903", "7. dividend amount": "0.0000", "8. split coefficient": "1.0"}, "2025-01-13": {"1. open": "82.14", "2. high": "82.95", "3. low": "81.4733", "4. close": "82.54", "5. adjusted close": "81.6978031123525", "6. volume": "1047440", "7. dividend amount": "0.0000", "8. split coefficient": "1.0"}, "2025-01-10": {"1. open": "83.02", "2. high": "83.275", "3. low": "81.67", "4. close": "81.76", "5. adjusted close": "80.9257618423303", "6. volume": "1256772", "7. dividend amount": "0.0000", "8. split coefficient": "1.0"}, "2025-01-08": {"1. open": "82.84", "2. high": "83.87", "3. low": "82.09", "4. close": "83.61", "5. adjusted close": "82.756885367383", "6. volume": "978292", "7. dividend amount": "0.0000", "8. split coefficient": "1.0"}, "2025-01-07": {"1. open": "83.07", "2. high": "83.96", "3. low": "82.785", "4. close": "83.2", "5. adjusted close": "82.3510688023713", "6. volume": "960426", "7. dividend amount": "0.0000", "8. split coefficient": "1.0"}, "2025-01-06": {"1. open": "83.8", "2. high": "83.99", "3. low": "82.9", "4. close": "83.09", "5. adjusted close": "82.2421911873682", "6. volume": "1636585", "7. dividend amount": "0.0000", "8. split coefficient": "1.0"}, "2025-01-03": {"1. open": "84.41", "2. high": "85.15", "3. low": "84.085", "4. close": "84.25", "5. adjusted close": "83.3903551274012", "6. volume": "770096", "7. dividend amount": "0.0000", "8. split coefficient": "1.0"}, "2025-01-02": {"1. open": "85.48", "2. high": "85.63", "3. low": "84.08", "4. close": "84.31", "5. adjusted close": "83.449742917403", "6. volume": "858963", "7. dividend amount": "0.0000", "8. split coefficient": "1.0"}, "2024-12-31": {"1. open": "84.84", "2. high": "85.3581", "3. low": "84.31", "4. close": "84.77", "5. adjusted close": "83.9050493074161", "6. volume": "599109", "7. dividend amount": "0.0000", "8. split coefficient": "1.0"}, "2024-12-30": {"1. open": "84.8", "2. high": "85.1", "3. low": "84.0", "4. close": "84.8", "5. adjusted close": "83.9347432024169", "6. volume": "731267", "7. dividend amount": "0.0000", "8. split coefficient": "1.0"}, "2024-12-27": {"1. open": "84.77", "2. high": "85.8", "3. low": "84.751", "4. close": "84.95", "5. adjusted close": "84.0832126774212", "6. volume": "642630", "7. dividend amount": "0.0000", "8. split coefficient": "1.0"}, "2024-12-26": {"1. open": "85.19", "2. high": "85.79", "3. low": "84.84", "4. close": "85.44", "5. adjusted close": "84.5682129624352", "6. volume": "798089", "7. dividend amount": "0.0000", "8. split coefficient": "1.0"}, "2024-12-24": {"1. open": "85.24", "2. high": "85.85", "3. low": "84.92", "4. close": "85.61", "5. adjusted close": "84.73647836744", "6. volume": "359421", "7. dividend amount": "0.0000", "8. split coefficient": "1.0"}, "2024-12-23": {"1. open": "84.91", "2. high": "85.34", "3. low": "84.13", "4. close": "85.0", "5. adjusted close": "84.1327025024226", "6. volume": "1087831", "7. dividend amount": "0.0000", "8. split coefficient": "1.0"}, "2024-12-20": {"1. open": "84.36", "2. high": "85.655", "3. low": "84.09", "4. close": "84.96", "5. adjusted close": "84.0931106424215", "6. volume": "1900565", "7. dividend amount": "0.0000", "8. split coefficient": "1.0"}, "2024-12-19": {"1. open": "84.05", "2. high": "85.72", "3. low": "84.05", "4. close": "84.6", "5. adjusted close": "83.7367839024112", "6. volume": "1300565", "7. dividend amount": "0.0000", "8. split coefficient": "1.0"}, "2024-12-18": {"1. open": "85.86", "2. high": "86.065", "3. low": "83.97", "4. close": "84.03", "5. adjusted close": "83.172599897395", "6. volume": "1330671", "7. dividend amount": "0.0000", "8. split coefficient": "1.0"}, "2024-12-17": {"1. open": "85.47", "2. high": "86.982", "3. low": "85.2", "4. close": "86.1", "5. adjusted close": "85.221478652454", "6. volume": "1232054", "7. dividend amount": "0.0000", "8. split coefficient": "1.0"}, "2024-12-16": {"1. open": "87.55", "2. high": "87.59", "3. low": "85.98", "4. close": "86.02", "5. adjusted close": "85.1422949324517", "6. volume": "1336948", "7. dividend amount": "0.0000", "8. split coefficient": "1.0"}, "2024-12-13": {"1. open": "88.37", "2. high": "88.835", "3. low": "87.49", "4. close": "87.55", "5. adjusted close": "86.6566835774953", "6. volume": "1008616", "7. dividend amount": "0.0000", "8. split coefficient": "1.0"}, "2024-12-12": {"1. open": "88.7", "2. high": "90.33", "3. low": "88.64", "4. close": "88.71", "5. adjusted close": "87.8048475175283", "6. volume": "973813", "7. dividend amount": "0.0000", "8. split coefficient": "1.0"}, "2024-12-11": {"1. open": "90.6", "2. high": "90.6", "3. low": "88.673", "4. close": "88.89", "5. adjusted close": "87.9830108875335", "6. volume": "962801", "7. dividend amount": "0.0000", "8. split coefficient": "1.0"}, "2024-12-10": {"1. open": "90.44", "2. high": "90.75", "3. low": "88.91", "4. close": "90.25", "5. adjusted close": "89.3291341275722", "6. volume": "1105511", "7. dividend amount": "0.0000", "8. split coefficient": "1.0"}, "2024-12-09": {"1. open": "91.12", "2. high": "91.73", "3. low": "90.38", "4. close": "90.44", "5. adjusted close": "89.5171954625777", "6. volume": "1049701", "7. dividend amount": "0.0000", "8. split coefficient": "1.0"}, "2024-12-06": {"1. open": "92.59", "2. high": "93.09", "3. low": "91.425", "4. close": "91.59", "5. adjusted close": "90.6554614376104", "6. volume": "746651", "7. dividend amount": "0.0000", "8. split coefficient": "1.0"}, "2024-12-05": {"1. open": "92.15", "2. high": "93.225", "3. low": "91.45", "4. close": "92.45", "5. adjusted close": "91.506686427635", "6. volume": "891453", "7. dividend amount": "0.0000", "8. split coefficient": "1.0"}, "2024-12-04": {"1. open": "91.34", "2. high": "92.74", "3. low": "90.7", "4. close": "92.09", "5. adjusted close": "91.1503596876247", "6. volume": "1271337", "7. dividend amount": "0.0000", "8. split coefficient": "1.0"}, "2024-12-03": {"1. open": "92.7", "2. high": "92.99", "3. low": "91.25", "4. close": "91.28", "5. adjusted close": "90.3486245226016", "6. volume": "1020839", "7. dividend amount": "0.0000", "8. split coefficient": "1.0"}, "2024-12-02": {"1. open": "94.2", "2. high": "94.2", "3. low": "92.15", "4. close": "92.42", "5. adjusted close": "91.4769925326341", "6. volume": "918831", "7. dividend amount": "0.0000", "8. split coefficient": "1.0"}, "2024-11-29": {"1. open": "94.88", "2. high": "95.18", "3. low": "93.7", "4. close": "93.7", "5. adjusted close": "92.7439320526706", "6. volume": "507868", "7. dividend amount": "0.0000", "8. split coefficient": "1.0"}, "2024-11-27": {"1. open": "94.35", "2. high": "95.42", "3. low": "93.78", "4. close": "94.52", "5. adjusted close": "93.5555651826939", "6. volume": "1181283", "7. dividend amount": "0.0000", "8. split coefficient": "1.0"}, "2024-11-26": {"1. open": "93.52", "2. high": "93.81", "3. low": "92.7101", "4. close": "93.8", "5. adjusted close": "92.8429117026734", "6. volume": "1039248", "7. dividend amount": "0.0000", "8. split coefficient": "1.0"}, "2024-11-25": {"1. open": "93.34", "2. high": "94.04", "3. low": "92.57", "4. close": "92.88", "5. adjusted close": "91.9322989226472", "6. volume": "1189561", "7. dividend amount": "0.0000", "8. split coefficient": "1.0"}}}