{"Meta Data": {"1. Information": "Daily Time Series with Splits and Dividend Events", "2. Symbol": "TEL", "3. Last Refreshed": "2025-04-22", "4. Output Size": "Compact", "5. Time Zone": "US/Eastern"}, "Time Series (Daily)": {"2025-04-22": {"1. open": "129.59", "2. high": "134.101", "3. low": "129.59", "4. close": "133.45", "5. adjusted close": "133.45", "6. volume": "3447009", "7. dividend amount": "0.0000", "8. split coefficient": "1.0"}, "2025-04-21": {"1. open": "127.91", "2. high": "129.06", "3. low": "126.5301", "4. close": "128.75", "5. adjusted close": "128.75", "6. volume": "2159464", "7. dividend amount": "0.0000", "8. split coefficient": "1.0"}, "2025-04-17": {"1. open": "127.6", "2. high": "130.5", "3. low": "127.03", "4. close": "129.24", "5. adjusted close": "129.24", "6. volume": "2517695", "7. dividend amount": "0.0000", "8. split coefficient": "1.0"}, "2025-04-16": {"1. open": "127.41", "2. high": "129.24", "3. low": "125.42", "4. close": "126.9", "5. adjusted close": "126.9", "6. volume": "1863134", "7. dividend amount": "0.0000", "8. split coefficient": "1.0"}, "2025-04-15": {"1. open": "129.27", "2. high": "131.39", "3. low": "128.78", "4. close": "129.54", "5. adjusted close": "129.54", "6. volume": "1811062", "7. dividend amount": "0.0000", "8. split coefficient": "1.0"}, "2025-04-14": {"1. open": "131.09", "2. high": "131.425", "3. low": "127.8408", "4. close": "129.95", "5. adjusted close": "129.95", "6. volume": "2226395", "7. dividend amount": "0.0000", "8. split coefficient": "1.0"}, "2025-04-11": {"1. open": "127.13", "2. high": "129.015", "3. low": "124.245", "4. close": "127.95", "5. adjusted close": "127.95", "6. volume": "2465385", "7. dividend amount": "0.0000", "8. split coefficient": "1.0"}, "2025-04-10": {"1. open": "132.15", "2. high": "132.15", "3. low": "123.2762", "4. close": "127.35", "5. adjusted close": "127.35", "6. volume": "2103762", "7. dividend amount": "0.0000", "8. split coefficient": "1.0"}, "2025-04-09": {"1. open": "120.6", "2. high": "135.37", "3. low": "120.06", "4. close": "133.86", "5. adjusted close": "133.86", "6. volume": "3126199", "7. dividend amount": "0.0000", "8. split coefficient": "1.0"}, "2025-04-08": {"1. open": "127.53", "2. high": "129.34", "3. low": "120.36", "4. close": "122.32", "5. adjusted close": "122.32", "6. volume": "3127626", "7. dividend amount": "0.0000", "8. split coefficient": "1.0"}, "2025-04-07": {"1. open": "117.76", "2. high": "127.92", "3. low": "116.3018", "4. close": "123.5", "5. adjusted close": "123.5", "6. volume": "3531726", "7. dividend amount": "0.0000", "8. split coefficient": "1.0"}, "2025-04-04": {"1. open": "127.08", "2. high": "127.08", "3. low": "120.99", "4. close": "122.0", "5. adjusted close": "122.0", "6. volume": "4119562", "7. dividend amount": "0.0000", "8. split coefficient": "1.0"}, "2025-04-03": {"1. open": "136.95", "2. high": "138.17", "3. low": "129.95", "4. close": "129.98", "5. adjusted close": "129.98", "6. volume": "2922371", "7. dividend amount": "0.0000", "8. split coefficient": "1.0"}, "2025-04-02": {"1. open": "139.35", "2. high": "143.215", "3. low": "139.35", "4. close": "142.29", "5. adjusted close": "142.29", "6. volume": "1555008", "7. dividend amount": "0.0000", "8. split coefficient": "1.0"}, "2025-04-01": {"1. open": "141.6", "2. high": "142.1", "3. low": "139.637", "4. close": "140.7", "5. adjusted close": "140.7", "6. volume": "1341920", "7. dividend amount": "0.0000", "8. split coefficient": "1.0"}, "2025-03-31": {"1. open": "140.73", "2. high": "142.84", "3. low": "139.7072", "4. close": "141.32", "5. adjusted close": "141.32", "6. volume": "2424682", "7. dividend amount": "0.0000", "8. split coefficient": "1.0"}, "2025-03-28": {"1. open": "146.0", "2. high": "146.35", "3. low": "141.425", "4. close": "142.13", "5. adjusted close": "142.13", "6. volume": "1544906", "7. dividend amount": "0.0000", "8. split coefficient": "1.0"}, "2025-03-27": {"1. open": "149.28", "2. high": "149.4", "3. low": "145.75", "4. close": "147.11", "5. adjusted close": "147.11", "6. volume": "1903149", "7. dividend amount": "0.0000", "8. split coefficient": "1.0"}, "2025-03-26": {"1. open": "150.96", "2. high": "151.82", "3. low": "147.38", "4. close": "149.74", "5. adjusted close": "149.74", "6. volume": "2166518", "7. dividend amount": "0.0000", "8. split coefficient": "1.0"}, "2025-03-25": {"1. open": "149.15", "2. high": "150.83", "3. low": "148.03", "4. close": "150.8", "5. adjusted close": "150.8", "6. volume": "2867736", "7. dividend amount": "0.0000", "8. split coefficient": "1.0"}, "2025-03-24": {"1. open": "147.55", "2. high": "149.48", "3. low": "146.83", "4. close": "148.98", "5. adjusted close": "148.98", "6. volume": "1802139", "7. dividend amount": "0.0000", "8. split coefficient": "1.0"}, "2025-03-21": {"1. open": "144.46", "2. high": "146.34", "3. low": "143.675", "4. close": "146.17", "5. adjusted close": "146.17", "6. volume": "4288365", "7. dividend amount": "0.0000", "8. split coefficient": "1.0"}, "2025-03-20": {"1. open": "146.69", "2. high": "147.76", "3. low": "145.85", "4. close": "146.28", "5. adjusted close": "146.28", "6. volume": "1923749", "7. dividend amount": "0.0000", "8. split coefficient": "1.0"}, "2025-03-19": {"1. open": "147.64", "2. high": "149.04", "3. low": "146.54", "4. close": "147.76", "5. adjusted close": "147.76", "6. volume": "2100856", "7. dividend amount": "0.0000", "8. split coefficient": "1.0"}, "2025-03-18": {"1. open": "146.92", "2. high": "148.17", "3. low": "145.34", "4. close": "146.86", "5. adjusted close": "146.86", "6. volume": "1092143", "7. dividend amount": "0.0000", "8. split coefficient": "1.0"}, "2025-03-17": {"1. open": "145.13", "2. high": "147.69", "3. low": "144.36", "4. close": "146.74", "5. adjusted close": "146.74", "6. volume": "1160229", "7. dividend amount": "0.0000", "8. split coefficient": "1.0"}, "2025-03-14": {"1. open": "143.12", "2. high": "146.4", "3. low": "142.665", "4. close": "145.88", "5. adjusted close": "145.88", "6. volume": "1492518", "7. dividend amount": "0.0000", "8. split coefficient": "1.0"}, "2025-03-13": {"1. open": "142.51", "2. high": "144.84", "3. low": "141.09", "4. close": "141.22", "5. adjusted close": "141.22", "6. volume": "1421379", "7. dividend amount": "0.0000", "8. split coefficient": "1.0"}, "2025-03-12": {"1. open": "144.18", "2. high": "145.805", "3. low": "142.81", "4. close": "143.18", "5. adjusted close": "143.18", "6. volume": "1581072", "7. dividend amount": "0.0000", "8. split coefficient": "1.0"}, "2025-03-11": {"1. open": "148.25", "2. high": "148.305", "3. low": "143.85", "4. close": "144.56", "5. adjusted close": "144.56", "6. volume": "1511951", "7. dividend amount": "0.0000", "8. split coefficient": "1.0"}, "2025-03-10": {"1. open": "148.9", "2. high": "152.0", "3. low": "147.25", "4. close": "148.05", "5. adjusted close": "148.05", "6. volume": "1785336", "7. dividend amount": "0.0000", "8. split coefficient": "1.0"}, "2025-03-07": {"1. open": "146.8", "2. high": "151.3", "3. low": "146.455", "4. close": "150.81", "5. adjusted close": "150.81", "6. volume": "1828822", "7. dividend amount": "0.0000", "8. split coefficient": "1.0"}, "2025-03-06": {"1. open": "148.45", "2. high": "149.47", "3. low": "146.56", "4. close": "147.29", "5. adjusted close": "147.29", "6. volume": "1233182", "7. dividend amount": "0.0000", "8. split coefficient": "1.0"}, "2025-03-05": {"1. open": "148.73", "2. high": "151.49", "3. low": "148.285", "4. close": "150.78", "5. adjusted close": "150.78", "6. volume": "1289305", "7. dividend amount": "0.0000", "8. split coefficient": "1.0"}, "2025-03-04": {"1. open": "148.0", "2. high": "150.21", "3. low": "145.6593", "4. close": "148.04", "5. adjusted close": "148.04", "6. volume": "2094810", "7. dividend amount": "0.0000", "8. split coefficient": "1.0"}, "2025-03-03": {"1. open": "155.0", "2. high": "155.38", "3. low": "149.85", "4. close": "150.6", "5. adjusted close": "150.6", "6. volume": "1597308", "7. dividend amount": "0.0000", "8. split coefficient": "1.0"}, "2025-02-28": {"1. open": "151.35", "2. high": "154.13", "3. low": "150.62", "4. close": "154.03", "5. adjusted close": "154.03", "6. volume": "2377280", "7. dividend amount": "0.0000", "8. split coefficient": "1.0"}, "2025-02-27": {"1. open": "152.56", "2. high": "155.66", "3. low": "151.5", "4. close": "151.76", "5. adjusted close": "151.76", "6. volume": "1742382", "7. dividend amount": "0.0000", "8. split coefficient": "1.0"}, "2025-02-26": {"1. open": "153.17", "2. high": "153.62", "3. low": "151.84", "4. close": "152.72", "5. adjusted close": "152.72", "6. volume": "1868056", "7. dividend amount": "0.0000", "8. split coefficient": "1.0"}, "2025-02-25": {"1. open": "153.58", "2. high": "153.6516", "3. low": "151.55", "4. close": "151.94", "5. adjusted close": "151.94", "6. volume": "1141831", "7. dividend amount": "0.0000", "8. split coefficient": "1.0"}, "2025-02-24": {"1. open": "155.0", "2. high": "155.795", "3. low": "153.2", "4. close": "153.2", "5. adjusted close": "153.2", "6. volume": "1290253", "7. dividend amount": "0.0000", "8. split coefficient": "1.0"}, "2025-02-21": {"1. open": "155.46", "2. high": "156.32", "3. low": "153.225", "4. close": "154.51", "5. adjusted close": "154.51", "6. volume": "1577355", "7. dividend amount": "0.6500", "8. split coefficient": "1.0"}, "2025-02-20": {"1. open": "155.33", "2. high": "155.83", "3. low": "153.195", "4. close": "155.78", "5. adjusted close": "155.127402681103", "6. volume": "1533454", "7. dividend amount": "0.0000", "8. split coefficient": "1.0"}, "2025-02-19": {"1. open": "154.63", "2. high": "156.87", "3. low": "153.21", "4. close": "156.05", "5. adjusted close": "155.396271590616", "6. volume": "1523818", "7. dividend amount": "0.0000", "8. split coefficient": "1.0"}, "2025-02-18": {"1. open": "152.5", "2. high": "154.85", "3. low": "151.015", "4. close": "154.42", "5. adjusted close": "153.77310002578", "6. volume": "1247913", "7. dividend amount": "0.0000", "8. split coefficient": "1.0"}, "2025-02-14": {"1. open": "155.0", "2. high": "156.4", "3. low": "151.6", "4. close": "152.77", "5. adjusted close": "152.130012245424", "6. volume": "1753717", "7. dividend amount": "0.0000", "8. split coefficient": "1.0"}, "2025-02-13": {"1. open": "148.0", "2. high": "153.55", "3. low": "147.59", "4. close": "153.22", "5. adjusted close": "152.578127094612", "6. volume": "2344107", "7. dividend amount": "0.0000", "8. split coefficient": "1.0"}, "2025-02-12": {"1. open": "147.98", "2. high": "148.285", "3. low": "145.19", "4. close": "146.49", "5. adjusted close": "145.876320572312", "6. volume": "2353122", "7. dividend amount": "0.0000", "8. split coefficient": "1.0"}, "2025-02-11": {"1. open": "148.33", "2. high": "150.3199", "3. low": "147.87", "4. close": "148.86", "5. adjusted close": "148.236392111369", "6. volume": "980034", "7. dividend amount": "0.0000", "8. split coefficient": "1.0"}, "2025-02-10": {"1. open": "148.21", "2. high": "149.97", "3. low": "147.59", "4. close": "149.69", "5. adjusted close": "149.062915055427", "6. volume": "1172236", "7. dividend amount": "0.0000", "8. split coefficient": "1.0"}, "2025-02-07": {"1. open": "147.08", "2. high": "148.0", "3. low": "145.295", "4. close": "146.88", "5. adjusted close": "146.264686774942", "6. volume": "1165460", "7. dividend amount": "0.0000", "8. split coefficient": "1.0"}, "2025-02-06": {"1. open": "147.01", "2. high": "148.84", "3. low": "146.44", "4. close": "146.47", "5. adjusted close": "145.856404356793", "6. volume": "1160596", "7. dividend amount": "0.0000", "8. split coefficient": "1.0"}, "2025-02-05": {"1. open": "145.51", "2. high": "147.18", "3. low": "144.705", "4. close": "146.22", "5. adjusted close": "145.6074516628", "6. volume": "840260", "7. dividend amount": "0.0000", "8. split coefficient": "1.0"}, "2025-02-04": {"1. open": "144.18", "2. high": "146.03", "3. low": "144.18", "4. close": "144.77", "5. adjusted close": "144.163526037639", "6. volume": "1411147", "7. dividend amount": "0.0000", "8. split coefficient": "1.0"}, "2025-02-03": {"1. open": "145.27", "2. high": "146.31", "3. low": "142.6", "4. close": "145.06", "5. adjusted close": "144.452311162671", "6. volume": "1487024", "7. dividend amount": "0.0000", "8. split coefficient": "1.0"}, "2025-01-31": {"1. open": "150.47", "2. high": "151.14", "3. low": "147.83", "4. close": "147.97", "5. adjusted close": "147.350120520753", "6. volume": "1352649", "7. dividend amount": "0.0000", "8. split coefficient": "1.0"}, "2025-01-30": {"1. open": "150.0", "2. high": "150.5", "3. low": "147.81", "4. close": "149.81", "5. adjusted close": "149.182412348543", "6. volume": "1618667", "7. dividend amount": "0.0000", "8. split coefficient": "1.0"}, "2025-01-29": {"1. open": "149.42", "2. high": "149.542", "3. low": "147.35", "4. close": "147.71", "5. adjusted close": "147.091209719", "6. volume": "2010715", "7. dividend amount": "0.0000", "8. split coefficient": "1.0"}, "2025-01-28": {"1. open": "150.73", "2. high": "150.73", "3. low": "147.24", "4. close": "148.45", "5. adjusted close": "147.82810969322", "6. volume": "1180806", "7. dividend amount": "0.0000", "8. split coefficient": "1.0"}, "2025-01-27": {"1. open": "150.92", "2. high": "152.425", "3. low": "147.47", "4. close": "150.25", "5. adjusted close": "149.620569089972", "6. volume": "2121596", "7. dividend amount": "0.0000", "8. split coefficient": "1.0"}, "2025-01-24": {"1. open": "156.45", "2. high": "156.81", "3. low": "154.32", "4. close": "154.69", "5. adjusted close": "154.041968935293", "6. volume": "1017282", "7. dividend amount": "0.0000", "8. split coefficient": "1.0"}, "2025-01-23": {"1. open": "154.82", "2. high": "156.98", "3. low": "153.73", "4. close": "156.98", "5. adjusted close": "156.322375612271", "6. volume": "1417815", "7. dividend amount": "0.0000", "8. split coefficient": "1.0"}, "2025-01-22": {"1. open": "151.33", "2. high": "156.705", "3. low": "150.0", "4. close": "155.09", "5. adjusted close": "154.440293245682", "6. volume": "3162236", "7. dividend amount": "0.0000", "8. split coefficient": "1.0"}, "2025-01-21": {"1. open": "145.2", "2. high": "148.825", "3. low": "145.2", "4. close": "148.3", "5. adjusted close": "147.678738076824", "6. volume": "2568258", "7. dividend amount": "0.0000", "8. split coefficient": "1.0"}, "2025-01-17": {"1. open": "145.37", "2. high": "147.4", "3. low": "144.485", "4. close": "145.72", "5. adjusted close": "145.109546274813", "6. volume": "4102616", "7. dividend amount": "0.0000", "8. split coefficient": "1.0"}, "2025-01-16": {"1. open": "144.4", "2. high": "144.9", "3. low": "142.21", "4. close": "143.69", "5. adjusted close": "143.088050399588", "6. volume": "1882805", "7. dividend amount": "0.0000", "8. split coefficient": "1.0"}, "2025-01-15": {"1. open": "145.54", "2. high": "146.37", "3. low": "143.05", "4. close": "143.47", "5. adjusted close": "142.868972028873", "6. volume": "2116498", "7. dividend amount": "0.0000", "8. split coefficient": "1.0"}, "2025-01-14": {"1. open": "141.56", "2. high": "143.3", "3. low": "140.2", "4. close": "142.9", "5. adjusted close": "142.301359886569", "6. volume": "1299967", "7. dividend amount": "0.0000", "8. split coefficient": "1.0"}, "2025-01-13": {"1. open": "138.75", "2. high": "141.61", "3. low": "138.242", "4. close": "141.16", "5. adjusted close": "140.568649136375", "6. volume": "1413368", "7. dividend amount": "0.0000", "8. split coefficient": "1.0"}, "2025-01-10": {"1. open": "142.01", "2. high": "142.82", "3. low": "140.38", "4. close": "140.91", "5. adjusted close": "140.319696442382", "6. volume": "1266997", "7. dividend amount": "0.0000", "8. split coefficient": "1.0"}, "2025-01-08": {"1. open": "143.05", "2. high": "144.18", "3. low": "141.8401", "4. close": "143.7", "5. adjusted close": "143.098008507347", "6. volume": "1425597", "7. dividend amount": "0.0000", "8. split coefficient": "1.0"}, "2025-01-07": {"1. open": "144.82", "2. high": "146.45", "3. low": "142.82", "4. close": "143.76", "5. adjusted close": "143.157757153906", "6. volume": "1390815", "7. dividend amount": "0.0000", "8. split coefficient": "1.0"}, "2025-01-06": {"1. open": "142.41", "2. high": "145.59", "3. low": "142.33", "4. close": "143.44", "5. adjusted close": "142.839097705594", "6. volume": "1114420", "7. dividend amount": "0.0000", "8. split coefficient": "1.0"}, "2025-01-03": {"1. open": "141.52", "2. high": "142.88", "3. low": "139.8", "4. close": "142.4", "5. adjusted close": "141.803454498582", "6. volume": "1356350", "7. dividend amount": "0.0000", "8. split coefficient": "1.0"}, "2025-01-02": {"1. open": "143.32", "2. high": "143.9", "3. low": "139.84", "4. close": "140.64", "5. adjusted close": "140.050827532869", "6. volume": "1269869", "7. dividend amount": "0.0000", "8. split coefficient": "1.0"}, "2024-12-31": {"1. open": "143.35", "2. high": "144.42", "3. low": "142.54", "4. close": "142.97", "5. adjusted close": "142.371066640887", "6. volume": "824907", "7. dividend amount": "0.0000", "8. split coefficient": "1.0"}, "2024-12-30": {"1. open": "143.39", "2. high": "143.69", "3. low": "141.52", "4. close": "142.87", "5. adjusted close": "142.27148556329", "6. volume": "853102", "7. dividend amount": "0.0000", "8. split coefficient": "1.0"}, "2024-12-27": {"1. open": "145.23", "2. high": "146.75", "3. low": "144.28", "4. close": "144.98", "5. adjusted close": "144.372646300593", "6. volume": "692824", "7. dividend amount": "0.0000", "8. split coefficient": "1.0"}, "2024-12-26": {"1. open": "145.02", "2. high": "146.61", "3. low": "144.64", "4. close": "146.3", "5. adjusted close": "145.687116524878", "6. volume": "523858", "7. dividend amount": "0.0000", "8. split coefficient": "1.0"}, "2024-12-24": {"1. open": "144.34", "2. high": "145.86", "3. low": "143.39", "4. close": "145.5", "5. adjusted close": "144.890467904099", "6. volume": "412253", "7. dividend amount": "0.0000", "8. split coefficient": "1.0"}, "2024-12-23": {"1. open": "142.51", "2. high": "144.48", "3. low": "142.51", "4. close": "144.11", "5. adjusted close": "143.506290925496", "6. volume": "1209630", "7. dividend amount": "0.0000", "8. split coefficient": "1.0"}, "2024-12-20": {"1. open": "142.66", "2. high": "145.67", "3. low": "142.23", "4. close": "143.67", "5. adjusted close": "143.068134184068", "6. volume": "4368068", "7. dividend amount": "0.0000", "8. split coefficient": "1.0"}, "2024-12-19": {"1. open": "148.27", "2. high": "149.35", "3. low": "143.51", "4. close": "143.89", "5. adjusted close": "143.287212554782", "6. volume": "2965627", "7. dividend amount": "0.0000", "8. split coefficient": "1.0"}, "2024-12-18": {"1. open": "148.81", "2. high": "150.28", "3. low": "144.66", "4. close": "144.78", "5. adjusted close": "144.173484145398", "6. volume": "2528084", "7. dividend amount": "0.0000", "8. split coefficient": "1.0"}, "2024-12-17": {"1. open": "149.62", "2. high": "150.38", "3. low": "147.06", "4. close": "147.95", "5. adjusted close": "147.330204305233", "6. volume": "2430747", "7. dividend amount": "0.0000", "8. split coefficient": "1.0"}, "2024-12-16": {"1. open": "149.35", "2. high": "151.04", "3. low": "148.66", "4. close": "149.95", "5. adjusted close": "149.32182585718", "6. volume": "1751472", "7. dividend amount": "0.0000", "8. split coefficient": "1.0"}, "2024-12-13": {"1. open": "150.51", "2. high": "151.99", "3. low": "149.2074", "4. close": "150.09", "5. adjusted close": "149.461239365816", "6. volume": "1045879", "7. dividend amount": "0.0000", "8. split coefficient": "1.0"}, "2024-12-12": {"1. open": "149.01", "2. high": "151.53", "3. low": "148.867", "4. close": "151.32", "5. adjusted close": "150.686086620263", "6. volume": "1605062", "7. dividend amount": "0.0000", "8. split coefficient": "1.0"}, "2024-12-11": {"1. open": "151.1", "2. high": "152.23", "3. low": "149.79", "4. close": "149.83", "5. adjusted close": "149.202328564063", "6. volume": "1166026", "7. dividend amount": "0.0000", "8. split coefficient": "1.0"}, "2024-12-10": {"1. open": "152.23", "2. high": "153.55", "3. low": "149.87", "4. close": "150.25", "5. adjusted close": "149.620569089972", "6. volume": "1657767", "7. dividend amount": "0.0000", "8. split coefficient": "1.0"}, "2024-12-09": {"1. open": "153.52", "2. high": "154.69", "3. low": "151.28", "4. close": "151.5", "5. adjusted close": "150.865332559938", "6. volume": "1901096", "7. dividend amount": "0.0000", "8. split coefficient": "1.0"}, "2024-12-06": {"1. open": "152.46", "2. high": "154.43", "3. low": "152.01", "4. close": "152.4", "5. adjusted close": "151.761562258314", "6. volume": "1465061", "7. dividend amount": "0.0000", "8. split coefficient": "1.0"}, "2024-12-05": {"1. open": "154.1", "2. high": "154.67", "3. low": "152.34", "4. close": "152.43", "5. adjusted close": "151.791436581593", "6. volume": "964146", "7. dividend amount": "0.0000", "8. split coefficient": "1.0"}, "2024-12-04": {"1. open": "152.25", "2. high": "153.5", "3. low": "151.29", "4. close": "153.2", "5. adjusted close": "152.558210879093", "6. volume": "911461", "7. dividend amount": "0.0000", "8. split coefficient": "1.0"}, "2024-12-03": {"1. open": "153.16", "2. high": "154.66", "3. low": "151.6", "4. close": "151.84", "5. adjusted close": "151.203908223769", "6. volume": "1384103", "7. dividend amount": "0.0000", "8. split coefficient": "1.0"}, "2024-12-02": {"1. open": "152.75", "2. high": "155.62", "3. low": "152.0", "4. close": "154.33", "5. adjusted close": "153.683477055942", "6. volume": "1396623", "7. dividend amount": "0.0000", "8. split coefficient": "1.0"}, "2024-11-29": {"1. open": "150.93", "2. high": "152.0", "3. low": "150.47", "4. close": "151.12", "5. adjusted close": "150.486924465068", "6. volume": "684983", "7. dividend amount": "0.0000", "8. split coefficient": "1.0"}, "2024-11-27": {"1. open": "151.53", "2. high": "151.53", "3. low": "149.725", "4. close": "151.15", "5. adjusted close": "150.516798788348", "6. volume": "1099606", "7. dividend amount": "0.0000", "8. split coefficient": "1.0"}, "2024-11-26": {"1. open": "152.81", "2. high": "153.14", "3. low": "149.6", "4. close": "149.86", "5. adjusted close": "149.232202887342", "6. volume": "1285592", "7. dividend amount": "0.0000", "8. split coefficient": "1.0"}, "2024-11-25": {"1. open": "153.37", "2. high": "155.585", "3. low": "152.65", "4. close": "152.73", "5. adjusted close": "152.090179814385", "6. volume": "2611930", "7. dividend amount": "0.0000", "8. split coefficient": "1.0"}}}