{"Symbol": "FCX", "AssetType": "Common Stock", "Name": "Freeport-McMoran Copper & Gold Inc", "Description": "Freeport-McMoRan Inc., often called Freeport, is an American mining company based in the Freeport-McMoRan Center, in Phoenix, Arizona.", "CIK": "831259", "Exchange": "NYSE", "Currency": "USD", "Country": "USA", "Sector": "ENERGY & TRANSPORTATION", "Industry": "METAL MINING", "Address": "333 NORTH CENTRAL AVENUE, PHOENIX, AZ, US", "OfficialSite": "https://fcx.com", "FiscalYearEnd": "December", "LatestQuarter": "2024-12-31", "MarketCapitalization": "48946606000", "EBITDA": "9536000000", "PERatio": "26.2", "PEGRatio": "3.353", "BookValue": "12.23", "DividendPerShare": "0.6", "DividendYield": "0.0182", "EPS": "1.3", "RevenuePerShareTTM": "17.7", "ProfitMargin": "0.0742", "OperatingMarginTTM": "0.213", "ReturnOnAssetsTTM": "0.0808", "ReturnOnEquityTTM": "0.157", "RevenueTTM": "25455000000", "GrossProfitTTM": "10067000000", "DilutedEPSTTM": "1.3", "QuarterlyEarningsGrowthYOY": "-0.292", "QuarterlyRevenueGrowthYOY": "-0.031", "AnalystTargetPrice": "44.64", "AnalystRatingStrongBuy": "5", "AnalystRatingBuy": "7", "AnalystRatingHold": "8", "AnalystRatingSell": "1", "AnalystRatingStrongSell": "0", "TrailingPE": "26.2", "ForwardPE": "18.02", "PriceToSalesRatioTTM": "1.923", "PriceToBookRatio": "2.693", "EVToRevenue": "2.089", "EVToEBITDA": "5.62", "Beta": "1.708", "52WeekHigh": "54.46", "52WeekLow": "27.54", "50DayMovingAverage": "36.9", "200DayMovingAverage": "42.05", "SharesOutstanding": "1437070000", "DividendDate": "2025-05-01", "ExDividendDate": "2025-04-15"}