{"Symbol": "PWR", "AssetType": "Common Stock", "Name": "Quanta Services Inc", "Description": "Quanta Services is an American corporation that provides infrastructure services for electric power, pipeline, industrial and communications industries. Capabilities include the planning, design, installation, program management, maintenance and repair of most types of network infrastructure.", "CIK": "1050915", "Exchange": "NYSE", "Currency": "USD", "Country": "USA", "Sector": "REAL ESTATE & CONSTRUCTION", "Industry": "ELECTRICAL WORK", "Address": "2800 POST OAK BLVD, SUITE 2600, HOUSTON, TX, US", "OfficialSite": "https://www.quantaservices.com", "FiscalYearEnd": "December", "LatestQuarter": "2024-12-31", "MarketCapitalization": "39618953000", "EBITDA": "2045370000", "PERatio": "43.5", "PEGRatio": "1.638", "BookValue": "49.55", "DividendPerShare": "0.37", "DividendYield": "0.0015", "EPS": "6.02", "RevenuePerShareTTM": "161.12", "ProfitMargin": "0.0382", "OperatingMarginTTM": "0.0674", "ReturnOnAssetsTTM": "0.0466", "ReturnOnEquityTTM": "0.136", "RevenueTTM": "23672795000", "GrossProfitTTM": "3510761000", "DilutedEPSTTM": "6.02", "QuarterlyEarningsGrowthYOY": "0.436", "QuarterlyRevenueGrowthYOY": "0.133", "AnalystTargetPrice": "322.6", "AnalystRatingStrongBuy": "3", "AnalystRatingBuy": "17", "AnalystRatingHold": "7", "AnalystRatingSell": "0", "AnalystRatingStrongSell": "1", "TrailingPE": "43.5", "ForwardPE": "24.75", "PriceToSalesRatioTTM": "1.674", "PriceToBookRatio": "5.14", "EVToRevenue": "1.747", "EVToEBITDA": "19.18", "Beta": "1.038", "52WeekHigh": "365.74", "52WeekLow": "226.88", "50DayMovingAverage": "264.76", "200DayMovingAverage": "290.01", "SharesOutstanding": "148264000", "DividendDate": "2025-04-11", "ExDividendDate": "2025-04-03"}