{"Symbol": "TDG", "AssetType": "Common Stock", "Name": "Transdigm Group Incorporated", "Description": "TransDigm Group is a publicly traded aerospace manufacturing company headquartered in Cleveland, Ohio. TransDigm develops and manufactures engineered aerospace components.", "CIK": "1260221", "Exchange": "NYSE", "Currency": "USD", "Country": "USA", "Sector": "MANUFACTURING", "Industry": "AIRCRAFT PARTS & AUXILIARY EQUIPMENT, NEC", "Address": "1301 EAST 9TH STREET, SUITE 3000, CLEVELAND, OH, US", "OfficialSite": "https://www.transdigm.com", "FiscalYearEnd": "September", "LatestQuarter": "2024-12-31", "MarketCapitalization": "75022057000", "EBITDA": "4123000000", "PERatio": "46.09", "PEGRatio": "3.945", "BookValue": "-111.59", "DividendPerShare": "0", "DividendYield": "0", "EPS": "28.38", "RevenuePerShareTTM": "140.76", "ProfitMargin": "0.224", "OperatingMarginTTM": "0.491", "ReturnOnAssetsTTM": "0.112", "ReturnOnEquityTTM": "0", "RevenueTTM": "8157000000", "GrossProfitTTM": "4892000000", "DilutedEPSTTM": "28.38", "QuarterlyEarningsGrowthYOY": "0.564", "QuarterlyRevenueGrowthYOY": "0.121", "AnalystTargetPrice": "1482.82", "AnalystRatingStrongBuy": "4", "AnalystRatingBuy": "13", "AnalystRatingHold": "6", "AnalystRatingSell": "0", "AnalystRatingStrongSell": "0", "TrailingPE": "46.09", "ForwardPE": "33.9", "PriceToSalesRatioTTM": "9.2", "PriceToBookRatio": "-", "EVToRevenue": "11.75", "EVToEBITDA": "23.72", "Beta": "1.079", "52WeekHigh": "1424.68", "52WeekLow": "1114.14", "50DayMovingAverage": "1339.37", "200DayMovingAverage": "1317.64", "SharesOutstanding": "56085000", "DividendDate": "2024-10-18", "ExDividendDate": "2024-10-04"}