{"Meta Data": {"1. Information": "Daily Time Series with Splits and Dividend Events", "2. Symbol": "SWK", "3. Last Refreshed": "2025-04-22", "4. Output Size": "Compact", "5. Time Zone": "US/Eastern"}, "Time Series (Daily)": {"2025-04-22": {"1. open": "57.16", "2. high": "59.13", "3. low": "57.16", "4. close": "58.38", "5. adjusted close": "58.38", "6. volume": "2302863", "7. dividend amount": "0.0000", "8. split coefficient": "1.0"}, "2025-04-21": {"1. open": "56.13", "2. high": "57.16", "3. low": "55.38", "4. close": "56.37", "5. adjusted close": "56.37", "6. volume": "2921238", "7. dividend amount": "0.0000", "8. split coefficient": "1.0"}, "2025-04-17": {"1. open": "56.75", "2. high": "58.1799", "3. low": "56.725", "4. close": "57.21", "5. adjusted close": "57.21", "6. volume": "2922699", "7. dividend amount": "0.0000", "8. split coefficient": "1.0"}, "2025-04-16": {"1. open": "58.21", "2. high": "59.0999", "3. low": "56.345", "4. close": "56.81", "5. adjusted close": "56.81", "6. volume": "2177449", "7. dividend amount": "0.0000", "8. split coefficient": "1.0"}, "2025-04-15": {"1. open": "59.64", "2. high": "60.833", "3. low": "58.83", "4. close": "58.86", "5. adjusted close": "58.86", "6. volume": "2268948", "7. dividend amount": "0.0000", "8. split coefficient": "1.0"}, "2025-04-14": {"1. open": "60.79", "2. high": "60.79", "3. low": "58.92", "4. close": "60.1", "5. adjusted close": "60.1", "6. volume": "2877070", "7. dividend amount": "0.0000", "8. split coefficient": "1.0"}, "2025-04-11": {"1. open": "58.44", "2. high": "59.39", "3. low": "56.38", "4. close": "59.01", "5. adjusted close": "59.01", "6. volume": "3765543", "7. dividend amount": "0.0000", "8. split coefficient": "1.0"}, "2025-04-10": {"1. open": "61.71", "2. high": "61.73", "3. low": "55.8772", "4. close": "58.68", "5. adjusted close": "58.68", "6. volume": "5025791", "7. dividend amount": "0.0000", "8. split coefficient": "1.0"}, "2025-04-09": {"1. open": "54.68", "2. high": "64.56", "3. low": "53.9101", "4. close": "64.22", "5. adjusted close": "64.22", "6. volume": "7941865", "7. dividend amount": "0.0000", "8. split coefficient": "1.0"}, "2025-04-08": {"1. open": "61.6", "2. high": "61.6", "3. low": "54.89", "4. close": "55.86", "5. adjusted close": "55.86", "6. volume": "7095915", "7. dividend amount": "0.0000", "8. split coefficient": "1.0"}, "2025-04-07": {"1. open": "60.74", "2. high": "63.98", "3. low": "58.3", "4. close": "59.27", "5. adjusted close": "59.27", "6. volume": "6433125", "7. dividend amount": "0.0000", "8. split coefficient": "1.0"}, "2025-04-04": {"1. open": "63.0", "2. high": "63.56", "3. low": "57.7719", "4. close": "62.88", "5. adjusted close": "62.88", "6. volume": "7517601", "7. dividend amount": "0.0000", "8. split coefficient": "1.0"}, "2025-04-03": {"1. open": "71.2", "2. high": "71.3", "3. low": "64.65", "4. close": "64.66", "5. adjusted close": "64.66", "6. volume": "6033673", "7. dividend amount": "0.0000", "8. split coefficient": "1.0"}, "2025-04-02": {"1. open": "75.1", "2. high": "77.14", "3. low": "75.0", "4. close": "76.98", "5. adjusted close": "76.98", "6. volume": "2070639", "7. dividend amount": "0.0000", "8. split coefficient": "1.0"}, "2025-04-01": {"1. open": "76.8", "2. high": "76.82", "3. low": "75.45", "4. close": "76.14", "5. adjusted close": "76.14", "6. volume": "1846997", "7. dividend amount": "0.0000", "8. split coefficient": "1.0"}, "2025-03-31": {"1. open": "75.61", "2. high": "77.49", "3. low": "74.31", "4. close": "76.88", "5. adjusted close": "76.88", "6. volume": "1776920", "7. dividend amount": "0.0000", "8. split coefficient": "1.0"}, "2025-03-28": {"1. open": "78.315", "2. high": "78.65", "3. low": "76.25", "4. close": "76.43", "5. adjusted close": "76.43", "6. volume": "1789037", "7. dividend amount": "0.0000", "8. split coefficient": "1.0"}, "2025-03-27": {"1. open": "78.38", "2. high": "79.06", "3. low": "77.29", "4. close": "77.71", "5. adjusted close": "77.71", "6. volume": "1654252", "7. dividend amount": "0.0000", "8. split coefficient": "1.0"}, "2025-03-26": {"1. open": "79.27", "2. high": "80.428", "3. low": "77.3475", "4. close": "78.44", "5. adjusted close": "78.44", "6. volume": "1686451", "7. dividend amount": "0.0000", "8. split coefficient": "1.0"}, "2025-03-25": {"1. open": "81.0", "2. high": "81.56", "3. low": "79.7", "4. close": "80.47", "5. adjusted close": "80.47", "6. volume": "1702657", "7. dividend amount": "0.0000", "8. split coefficient": "1.0"}, "2025-03-24": {"1. open": "80.56", "2. high": "82.2", "3. low": "80.53", "4. close": "82.0", "5. adjusted close": "82.0", "6. volume": "1406286", "7. dividend amount": "0.0000", "8. split coefficient": "1.0"}, "2025-03-21": {"1. open": "79.8", "2. high": "80.11", "3. low": "78.89", "4. close": "79.56", "5. adjusted close": "79.56", "6. volume": "2491068", "7. dividend amount": "0.0000", "8. split coefficient": "1.0"}, "2025-03-20": {"1. open": "81.33", "2. high": "81.78", "3. low": "80.22", "4. close": "80.52", "5. adjusted close": "80.52", "6. volume": "1963375", "7. dividend amount": "0.0000", "8. split coefficient": "1.0"}, "2025-03-19": {"1. open": "81.08", "2. high": "82.43", "3. low": "80.365", "4. close": "82.16", "5. adjusted close": "82.16", "6. volume": "1421500", "7. dividend amount": "0.0000", "8. split coefficient": "1.0"}, "2025-03-18": {"1. open": "81.12", "2. high": "81.99", "3. low": "80.68", "4. close": "81.32", "5. adjusted close": "81.32", "6. volume": "1137420", "7. dividend amount": "0.0000", "8. split coefficient": "1.0"}, "2025-03-17": {"1. open": "81.0", "2. high": "81.91", "3. low": "80.78", "4. close": "81.55", "5. adjusted close": "81.55", "6. volume": "1068708", "7. dividend amount": "0.0000", "8. split coefficient": "1.0"}, "2025-03-14": {"1. open": "80.65", "2. high": "81.35", "3. low": "79.87", "4. close": "80.97", "5. adjusted close": "80.97", "6. volume": "1146962", "7. dividend amount": "0.0000", "8. split coefficient": "1.0"}, "2025-03-13": {"1. open": "80.77", "2. high": "82.06", "3. low": "79.34", "4. close": "79.4", "5. adjusted close": "79.4", "6. volume": "1452071", "7. dividend amount": "0.0000", "8. split coefficient": "1.0"}, "2025-03-12": {"1. open": "83.755", "2. high": "83.755", "3. low": "81.07", "4. close": "81.16", "5. adjusted close": "81.16", "6. volume": "1533782", "7. dividend amount": "0.0000", "8. split coefficient": "1.0"}, "2025-03-11": {"1. open": "86.26", "2. high": "86.735", "3. low": "82.82", "4. close": "82.86", "5. adjusted close": "82.86", "6. volume": "2268480", "7. dividend amount": "0.0000", "8. split coefficient": "1.0"}, "2025-03-10": {"1. open": "88.19", "2. high": "90.25", "3. low": "86.56", "4. close": "86.71", "5. adjusted close": "86.71", "6. volume": "2128455", "7. dividend amount": "0.0000", "8. split coefficient": "1.0"}, "2025-03-07": {"1. open": "85.05", "2. high": "89.33", "3. low": "84.58", "4. close": "88.97", "5. adjusted close": "88.97", "6. volume": "2539351", "7. dividend amount": "0.0000", "8. split coefficient": "1.0"}, "2025-03-06": {"1. open": "83.47", "2. high": "85.44", "3. low": "82.82", "4. close": "85.11", "5. adjusted close": "85.11", "6. volume": "1925546", "7. dividend amount": "0.0000", "8. split coefficient": "1.0"}, "2025-03-05": {"1. open": "82.17", "2. high": "84.77", "3. low": "82.1584", "4. close": "83.63", "5. adjusted close": "83.63", "6. volume": "1888350", "7. dividend amount": "0.0000", "8. split coefficient": "1.0"}, "2025-03-04": {"1. open": "81.91", "2. high": "83.515", "3. low": "80.99", "4. close": "81.45", "5. adjusted close": "81.45", "6. volume": "3229724", "7. dividend amount": "0.8200", "8. split coefficient": "1.0"}, "2025-03-03": {"1. open": "87.38", "2. high": "87.79", "3. low": "83.8", "4. close": "84.08", "5. adjusted close": "83.2419594019691", "6. volume": "2399746", "7. dividend amount": "0.0000", "8. split coefficient": "1.0"}, "2025-02-28": {"1. open": "86.01", "2. high": "87.19", "3. low": "85.34", "4. close": "86.53", "5. adjusted close": "85.6675398079494", "6. volume": "2458603", "7. dividend amount": "0.0000", "8. split coefficient": "1.0"}, "2025-02-27": {"1. open": "86.885", "2. high": "87.125", "3. low": "85.54", "4. close": "85.61", "5. adjusted close": "84.7567096146834", "6. volume": "1332440", "7. dividend amount": "0.0000", "8. split coefficient": "1.0"}, "2025-02-26": {"1. open": "88.48", "2. high": "88.6", "3. low": "87.36", "4. close": "87.42", "5. adjusted close": "86.5486690166525", "6. volume": "904327", "7. dividend amount": "0.0000", "8. split coefficient": "1.0"}, "2025-02-25": {"1. open": "87.19", "2. high": "88.95", "3. low": "86.53", "4. close": "87.8", "5. adjusted close": "86.9248814877841", "6. volume": "1372961", "7. dividend amount": "0.0000", "8. split coefficient": "1.0"}, "2025-02-24": {"1. open": "88.14", "2. high": "88.49", "3. low": "86.16", "4. close": "86.8", "5. adjusted close": "85.9348486690167", "6. volume": "1213766", "7. dividend amount": "0.0000", "8. split coefficient": "1.0"}, "2025-02-21": {"1. open": "90.4", "2. high": "90.75", "3. low": "87.26", "4. close": "87.95", "5. adjusted close": "87.0733864105993", "6. volume": "1365041", "7. dividend amount": "0.0000", "8. split coefficient": "1.0"}, "2025-02-20": {"1. open": "88.51", "2. high": "90.04", "3. low": "88.29", "4. close": "89.93", "5. adjusted close": "89.0336513917589", "6. volume": "1378397", "7. dividend amount": "0.0000", "8. split coefficient": "1.0"}, "2025-02-19": {"1. open": "87.15", "2. high": "88.42", "3. low": "86.73", "4. close": "88.29", "5. adjusted close": "87.4099975689802", "6. volume": "1262477", "7. dividend amount": "0.0000", "8. split coefficient": "1.0"}, "2025-02-18": {"1. open": "87.01", "2. high": "87.5", "3. low": "86.36", "4. close": "87.04", "5. adjusted close": "86.1724565455209", "6. volume": "993371", "7. dividend amount": "0.0000", "8. split coefficient": "1.0"}, "2025-02-14": {"1. open": "87.1", "2. high": "88.61", "3. low": "86.94", "4. close": "87.1", "5. adjusted close": "86.2318585146469", "6. volume": "997246", "7. dividend amount": "0.0000", "8. split coefficient": "1.0"}, "2025-02-13": {"1. open": "85.9", "2. high": "87.11", "3. low": "85.39", "4. close": "86.81", "5. adjusted close": "85.9447489972043", "6. volume": "867671", "7. dividend amount": "0.0000", "8. split coefficient": "1.0"}, "2025-02-12": {"1. open": "85.82", "2. high": "86.0524", "3. low": "84.32", "4. close": "85.3", "5. adjusted close": "84.4497994408654", "6. volume": "1682249", "7. dividend amount": "0.0000", "8. split coefficient": "1.0"}, "2025-02-11": {"1. open": "84.95", "2. high": "87.9", "3. low": "84.95", "4. close": "87.29", "5. adjusted close": "86.4199647502127", "6. volume": "1577994", "7. dividend amount": "0.0000", "8. split coefficient": "1.0"}, "2025-02-10": {"1. open": "87.0", "2. high": "87.31", "3. low": "84.38", "4. close": "85.76", "5. adjusted close": "84.9052145374985", "6. volume": "2088447", "7. dividend amount": "0.0000", "8. split coefficient": "1.0"}, "2025-02-07": {"1. open": "85.88", "2. high": "86.76", "3. low": "84.42", "4. close": "86.46", "5. adjusted close": "85.5982375106357", "6. volume": "3727312", "7. dividend amount": "0.0000", "8. split coefficient": "1.0"}, "2025-02-06": {"1. open": "86.8", "2. high": "87.25", "3. low": "85.47", "4. close": "85.91", "5. adjusted close": "85.0537194603136", "6. volume": "2406869", "7. dividend amount": "0.0000", "8. split coefficient": "1.0"}, "2025-02-05": {"1. open": "83.0", "2. high": "85.66", "3. low": "82.087", "4. close": "85.62", "5. adjusted close": "84.766609942871", "6. volume": "4810138", "7. dividend amount": "0.0000", "8. split coefficient": "1.0"}, "2025-02-04": {"1. open": "85.29", "2. high": "87.125", "3. low": "85.2", "4. close": "86.66", "5. adjusted close": "85.7962440743892", "6. volume": "4050608", "7. dividend amount": "0.0000", "8. split coefficient": "1.0"}, "2025-02-03": {"1. open": "85.46", "2. high": "86.105", "3. low": "82.82", "4. close": "85.17", "5. adjusted close": "84.3210951744257", "6. volume": "2455239", "7. dividend amount": "0.0000", "8. split coefficient": "1.0"}, "2025-01-31": {"1. open": "89.5", "2. high": "90.07", "3. low": "87.72", "4. close": "88.07", "5. adjusted close": "87.1921903488513", "6. volume": "2392806", "7. dividend amount": "0.0000", "8. split coefficient": "1.0"}, "2025-01-30": {"1. open": "88.91", "2. high": "90.0999", "3. low": "88.09", "4. close": "89.92", "5. adjusted close": "89.0237510635712", "6. volume": "1483729", "7. dividend amount": "0.0000", "8. split coefficient": "1.0"}, "2025-01-29": {"1. open": "88.76", "2. high": "89.96", "3. low": "88.27", "4. close": "88.39", "5. adjusted close": "87.5090008508569", "6. volume": "1955351", "7. dividend amount": "0.0000", "8. split coefficient": "1.0"}, "2025-01-28": {"1. open": "90.9", "2. high": "91.06", "3. low": "88.23", "4. close": "88.84", "5. adjusted close": "87.9545156193023", "6. volume": "1759785", "7. dividend amount": "0.0000", "8. split coefficient": "1.0"}, "2025-01-27": {"1. open": "88.38", "2. high": "90.95", "3. low": "88.2", "4. close": "90.4", "5. adjusted close": "89.4989668165796", "6. volume": "2010382", "7. dividend amount": "0.0000", "8. split coefficient": "1.0"}, "2025-01-24": {"1. open": "88.67", "2. high": "90.8", "3. low": "88.0", "4. close": "88.16", "5. adjusted close": "87.2812933025404", "6. volume": "2835111", "7. dividend amount": "0.0000", "8. split coefficient": "1.0"}, "2025-01-23": {"1. open": "86.83", "2. high": "89.2", "3. low": "86.29", "4. close": "88.49", "5. adjusted close": "87.6080041327337", "6. volume": "2159154", "7. dividend amount": "0.0000", "8. split coefficient": "1.0"}, "2025-01-22": {"1. open": "86.2", "2. high": "86.79", "3. low": "85.8904", "4. close": "86.3", "5. adjusted close": "85.4398322596329", "6. volume": "1748768", "7. dividend amount": "0.0000", "8. split coefficient": "1.0"}, "2025-01-21": {"1. open": "85.11", "2. high": "86.69", "3. low": "84.86", "4. close": "86.62", "5. adjusted close": "85.7566427616385", "6. volume": "1695663", "7. dividend amount": "0.0000", "8. split coefficient": "1.0"}, "2025-01-17": {"1. open": "84.72", "2. high": "85.1478", "3. low": "84.095", "4. close": "84.27", "5. adjusted close": "83.430065637535", "6. volume": "1514321", "7. dividend amount": "0.0000", "8. split coefficient": "1.0"}, "2025-01-16": {"1. open": "83.19", "2. high": "84.12", "3. low": "82.24", "4. close": "83.97", "5. adjusted close": "83.1330557919047", "6. volume": "853207", "7. dividend amount": "0.0000", "8. split coefficient": "1.0"}, "2025-01-15": {"1. open": "85.0", "2. high": "85.48", "3. low": "83.22", "4. close": "83.39", "5. adjusted close": "82.5588367570196", "6. volume": "1375201", "7. dividend amount": "0.0000", "8. split coefficient": "1.0"}, "2025-01-14": {"1. open": "81.78", "2. high": "82.5", "3. low": "80.92", "4. close": "82.36", "5. adjusted close": "81.5391029536891", "6. volume": "1014856", "7. dividend amount": "0.0000", "8. split coefficient": "1.0"}, "2025-01-13": {"1. open": "80.02", "2. high": "80.93", "3. low": "79.68", "4. close": "80.89", "5. adjusted close": "80.0837547101009", "6. volume": "1369313", "7. dividend amount": "0.0000", "8. split coefficient": "1.0"}, "2025-01-10": {"1. open": "79.72", "2. high": "80.76", "3. low": "79.46", "4. close": "80.09", "5. adjusted close": "79.2917284550869", "6. volume": "1605857", "7. dividend amount": "0.0000", "8. split coefficient": "1.0"}, "2025-01-08": {"1. open": "80.17", "2. high": "81.69", "3. low": "79.51", "4. close": "81.56", "5. adjusted close": "80.7470766986751", "6. volume": "1305155", "7. dividend amount": "0.0000", "8. split coefficient": "1.0"}, "2025-01-07": {"1. open": "82.68", "2. high": "83.2", "3. low": "80.91", "4. close": "81.65", "5. adjusted close": "80.8361796523642", "6. volume": "1280089", "7. dividend amount": "0.0000", "8. split coefficient": "1.0"}, "2025-01-06": {"1. open": "81.38", "2. high": "83.41", "3. low": "81.38", "4. close": "82.65", "5. adjusted close": "81.8262124711317", "6. volume": "1839529", "7. dividend amount": "0.0000", "8. split coefficient": "1.0"}, "2025-01-03": {"1. open": "79.88", "2. high": "81.1", "3. low": "79.3754", "4. close": "80.76", "5. adjusted close": "79.9550504436611", "6. volume": "765810", "7. dividend amount": "0.0000", "8. split coefficient": "1.0"}, "2025-01-02": {"1. open": "80.9", "2. high": "81.5", "3. low": "79.75", "4. close": "79.88", "5. adjusted close": "79.0838215631457", "6. volume": "1189033", "7. dividend amount": "0.0000", "8. split coefficient": "1.0"}, "2024-12-31": {"1. open": "80.34", "2. high": "80.96", "3. low": "80.03", "4. close": "80.29", "5. adjusted close": "79.4897350188404", "6. volume": "1051439", "7. dividend amount": "0.0000", "8. split coefficient": "1.0"}, "2024-12-30": {"1. open": "80.04", "2. high": "80.24", "3. low": "78.9", "4. close": "79.83", "5. adjusted close": "79.0343199222074", "6. volume": "802191", "7. dividend amount": "0.0000", "8. split coefficient": "1.0"}, "2024-12-27": {"1. open": "80.23", "2. high": "81.47", "3. low": "80.02", "4. close": "80.58", "5. adjusted close": "79.776844536283", "6. volume": "870459", "7. dividend amount": "0.0000", "8. split coefficient": "1.0"}, "2024-12-26": {"1. open": "80.43", "2. high": "81.2159", "3. low": "80.25", "4. close": "80.91", "5. adjusted close": "80.1035553664762", "6. volume": "928002", "7. dividend amount": "0.0000", "8. split coefficient": "1.0"}, "2024-12-24": {"1. open": "81.21", "2. high": "81.21", "3. low": "80.515", "4. close": "81.12", "5. adjusted close": "80.3114622584174", "6. volume": "454343", "7. dividend amount": "0.0000", "8. split coefficient": "1.0"}, "2024-12-23": {"1. open": "81.39", "2. high": "81.77", "3. low": "80.48", "4. close": "81.35", "5. adjusted close": "80.5391698067339", "6. volume": "1562160", "7. dividend amount": "0.0000", "8. split coefficient": "1.0"}, "2024-12-20": {"1. open": "79.7", "2. high": "82.6999", "3. low": "79.61", "4. close": "82.0", "5. adjusted close": "81.1826911389328", "6. volume": "4891302", "7. dividend amount": "0.0000", "8. split coefficient": "1.0"}, "2024-12-19": {"1. open": "80.46", "2. high": "81.24", "3. low": "78.83", "4. close": "79.43", "5. adjusted close": "78.6383067947004", "6. volume": "2443822", "7. dividend amount": "0.0000", "8. split coefficient": "1.0"}, "2024-12-18": {"1. open": "82.6", "2. high": "83.38", "3. low": "79.03", "4. close": "79.07", "5. adjusted close": "78.2818949799441", "6. volume": "1662784", "7. dividend amount": "0.0000", "8. split coefficient": "1.0"}, "2024-12-17": {"1. open": "82.17", "2. high": "83.7", "3. low": "82.15", "4. close": "82.21", "5. adjusted close": "81.3905980308739", "6. volume": "1346961", "7. dividend amount": "0.0000", "8. split coefficient": "1.0"}, "2024-12-16": {"1. open": "82.78", "2. high": "84.15", "3. low": "82.38", "4. close": "82.79", "5. adjusted close": "81.9648170657591", "6. volume": "1552197", "7. dividend amount": "0.0000", "8. split coefficient": "1.0"}, "2024-12-13": {"1. open": "82.61", "2. high": "83.135", "3. low": "81.94", "4. close": "82.8", "5. adjusted close": "81.9747173939468", "6. volume": "1223208", "7. dividend amount": "0.0000", "8. split coefficient": "1.0"}, "2024-12-12": {"1. open": "83.49", "2. high": "84.07", "3. low": "82.63", "4. close": "82.71", "5. adjusted close": "81.8856144402577", "6. volume": "1200231", "7. dividend amount": "0.0000", "8. split coefficient": "1.0"}, "2024-12-11": {"1. open": "84.75", "2. high": "85.025", "3. low": "83.77", "4. close": "83.8", "5. adjusted close": "82.9647502127142", "6. volume": "1428516", "7. dividend amount": "0.0000", "8. split coefficient": "1.0"}, "2024-12-10": {"1. open": "85.02", "2. high": "85.49", "3. low": "82.97", "4. close": "83.9", "5. adjusted close": "83.063753494591", "6. volume": "1810017", "7. dividend amount": "0.0000", "8. split coefficient": "1.0"}, "2024-12-09": {"1. open": "84.6", "2. high": "86.12", "3. low": "83.61", "4. close": "85.8", "5. adjusted close": "84.9448158502492", "6. volume": "2734049", "7. dividend amount": "0.0000", "8. split coefficient": "1.0"}, "2024-12-06": {"1. open": "85.65", "2. high": "86.25", "3. low": "83.83", "4. close": "84.46", "5. adjusted close": "83.6181718731008", "6. volume": "1956514", "7. dividend amount": "0.0000", "8. split coefficient": "1.0"}, "2024-12-05": {"1. open": "85.82", "2. high": "86.0719", "3. low": "84.35", "4. close": "84.93", "5. adjusted close": "84.0834872979215", "6. volume": "2600266", "7. dividend amount": "0.0000", "8. split coefficient": "1.0"}, "2024-12-04": {"1. open": "87.88", "2. high": "88.32", "3. low": "85.765", "4. close": "86.03", "5. adjusted close": "85.1725233985657", "6. volume": "2316295", "7. dividend amount": "0.0000", "8. split coefficient": "1.0"}, "2024-12-03": {"1. open": "89.37", "2. high": "89.47", "3. low": "87.52", "4. close": "88.24", "5. adjusted close": "87.3604959280418", "6. volume": "1577871", "7. dividend amount": "0.0000", "8. split coefficient": "1.0"}, "2024-12-02": {"1. open": "89.34", "2. high": "89.445", "3. low": "87.79", "4. close": "89.07", "5. adjusted close": "88.1822231676188", "6. volume": "1160470", "7. dividend amount": "0.0000", "8. split coefficient": "1.0"}, "2024-11-29": {"1. open": "89.75", "2. high": "90.14", "3. low": "88.82", "4. close": "89.45", "5. adjusted close": "88.5584356387505", "6. volume": "523987", "7. dividend amount": "0.8200", "8. split coefficient": "1.0"}, "2024-11-27": {"1. open": "90.49", "2. high": "91.3599", "3. low": "89.6", "4. close": "89.77", "5. adjusted close": "88.0679158888959", "6. volume": "892693", "7. dividend amount": "0.0000", "8. split coefficient": "1.0"}, "2024-11-26": {"1. open": "89.93", "2. high": "90.39", "3. low": "88.68", "4. close": "89.54", "5. adjusted close": "87.8422768039627", "6. volume": "1290191", "7. dividend amount": "0.0000", "8. split coefficient": "1.0"}, "2024-11-25": {"1. open": "90.09", "2. high": "93.63", "3. low": "90.09", "4. close": "92.52", "5. adjusted close": "90.7657745130962", "6. volume": "1861953", "7. dividend amount": "0.0000", "8. split coefficient": "1.0"}}}