{"Symbol": "ETR", "AssetType": "Common Stock", "Name": "Entergy Corporation", "Description": "Entergy Corporation is a Fortune 500 integrated energy company engaged primarily in electric power production and retail distribution operations in the Deep South of the United States.", "CIK": "65984", "Exchange": "NYSE", "Currency": "USD", "Country": "USA", "Sector": "ENERGY & TRANSPORTATION", "Industry": "ELECTRIC SERVICES", "Address": "639 LOYOLA AVE, NEW ORLEANS, LA, US", "OfficialSite": "https://www.entergy.com", "FiscalYearEnd": "December", "LatestQuarter": "2024-12-31", "MarketCapitalization": "35874693000", "EBITDA": "5048772000", "PERatio": "33.99", "PEGRatio": "1.455", "BookValue": "35.11", "DividendPerShare": "2.31", "DividendYield": "0.0288", "EPS": "2.45", "RevenuePerShareTTM": "27.77", "ProfitMargin": "0.0889", "OperatingMarginTTM": "0.241", "ReturnOnAssetsTTM": "0.0284", "ReturnOnEquityTTM": "0.0695", "RevenueTTM": "11879653000", "GrossProfitTTM": "5738287000", "DilutedEPSTTM": "2.45", "QuarterlyEarningsGrowthYOY": "-0.716", "QuarterlyRevenueGrowthYOY": "0.006", "AnalystTargetPrice": "89.01", "AnalystRatingStrongBuy": "3", "AnalystRatingBuy": "9", "AnalystRatingHold": "7", "AnalystRatingSell": "1", "AnalystRatingStrongSell": "0", "TrailingPE": "33.99", "ForwardPE": "20.83", "PriceToSalesRatioTTM": "3.02", "PriceToBookRatio": "2.299", "EVToRevenue": "5.28", "EVToEBITDA": "12.46", "Beta": "0.547", "52WeekHigh": "88.38", "52WeekLow": "50.78", "50DayMovingAverage": "83.61", "200DayMovingAverage": "72.04", "SharesOutstanding": "430772000", "DividendDate": "2025-06-02", "ExDividendDate": "2025-05-02"}