{"Symbol": "RSG", "AssetType": "Common Stock", "Name": "Republic Services Inc", "Description": "Republic Services, Inc is the second largest provider of non-hazardous solid waste collection, transfer, disposal, recycling, and energy services in the United States, as measured by revenue.", "CIK": "1060391", "Exchange": "NYSE", "Currency": "USD", "Country": "USA", "Sector": "ENERGY & TRANSPORTATION", "Industry": "REFUSE SYSTEMS", "Address": "18500 N. ALLIED WAY, PHOENIX, AZ, US", "OfficialSite": "https://www.republicservices.com", "FiscalYearEnd": "December", "LatestQuarter": "2024-12-31", "MarketCapitalization": "76017320000", "EBITDA": "4935000000", "PERatio": "37.32", "PEGRatio": "3.726", "BookValue": "36.55", "DividendPerShare": "2.23", "DividendYield": "0.0096", "EPS": "6.5", "RevenuePerShareTTM": "50.99", "ProfitMargin": "0.127", "OperatingMarginTTM": "0.203", "ReturnOnAssetsTTM": "0.0633", "ReturnOnEquityTTM": "0.186", "RevenueTTM": "16032000000", "GrossProfitTTM": "6863000000", "DilutedEPSTTM": "6.5", "QuarterlyEarningsGrowthYOY": "0.168", "QuarterlyRevenueGrowthYOY": "0.056", "AnalystTargetPrice": "245.76", "AnalystRatingStrongBuy": "5", "AnalystRatingBuy": "8", "AnalystRatingHold": "8", "AnalystRatingSell": "1", "AnalystRatingStrongSell": "0", "TrailingPE": "37.32", "ForwardPE": "34.6", "PriceToSalesRatioTTM": "4.742", "PriceToBookRatio": "6.53", "EVToRevenue": "5.45", "EVToEBITDA": "18.37", "Beta": "0.625", "52WeekHigh": "249.73", "52WeekLow": "178.95", "50DayMovingAverage": "235.26", "200DayMovingAverage": "213.08", "SharesOutstanding": "312469000", "DividendDate": "2025-04-15", "ExDividendDate": "2025-04-02"}