{"symbol": "EQIX", "annualReports": [{"fiscalDateEnding": "2024-12-31", "reportedCurrency": "USD", "grossProfit": "4281000000", "totalRevenue": "8748000000", "costOfRevenue": "4467000000", "costofGoodsAndServicesSold": "4467000000", "operatingIncome": "1328000000", "sellingGeneralAndAdministrative": "1766000000", "researchAndDevelopment": "None", "operatingExpenses": "2953000000", "investmentIncomeNet": "None", "netInterestIncome": "-320000000", "interestIncome": "137000000", "interestExpense": "457000000", "nonInterestIncome": "None", "otherNonOperatingIncome": "None", "depreciation": "None", "depreciationAndAmortization": "2009000000", "incomeBeforeTax": "975000000", "incomeTaxExpense": "161000000", "interestAndDebtExpense": "None", "netIncomeFromContinuingOperations": "814000000", "comprehensiveIncomeNetOfTax": "None", "ebit": "1432000000", "ebitda": "3441000000", "netIncome": "815000000"}, {"fiscalDateEnding": "2023-12-31", "reportedCurrency": "USD", "grossProfit": "3960478000", "totalRevenue": "8188136000", "costOfRevenue": "4227658000", "costofGoodsAndServicesSold": "4227658000", "operatingIncome": "1443274000", "sellingGeneralAndAdministrative": "1654042000", "researchAndDevelopment": "0.14", "operatingExpenses": "2517204000", "investmentIncomeNet": "None", "netInterestIncome": "-308575000", "interestIncome": "84464000", "interestExpense": "402022000", "nonInterestIncome": "None", "otherNonOperatingIncome": "None", "depreciation": "None", "depreciationAndAmortization": "1845138000", "incomeBeforeTax": "1124230000", "incomeTaxExpense": "155250000", "interestAndDebtExpense": "None", "netIncomeFromContinuingOperations": "870406000", "comprehensiveIncomeNetOfTax": "None", "ebit": "1526252000", "ebitda": "3371390000", "netIncome": "969178000"}, {"fiscalDateEnding": "2022-12-31", "reportedCurrency": "USD", "grossProfit": "3511604000", "totalRevenue": "7263105000", "costOfRevenue": "3751501000", "costofGoodsAndServicesSold": "3751501000", "operatingIncome": "1200528000", "sellingGeneralAndAdministrative": "1498701000", "researchAndDevelopment": "0.11", "operatingExpenses": "2285261000", "investmentIncomeNet": "None", "netInterestIncome": "-320069000", "interestIncome": "36268000", "interestExpense": "356337000", "nonInterestIncome": "None", "otherNonOperatingIncome": "-14822000", "depreciation": "None", "depreciationAndAmortization": "7121361000", "incomeBeforeTax": "829369000", "incomeTaxExpense": "124792000", "interestAndDebtExpense": "None", "netIncomeFromContinuingOperations": "704577000", "comprehensiveIncomeNetOfTax": "None", "ebit": "-4199447000", "ebitda": "2921914000", "netIncome": "704345000"}, {"fiscalDateEnding": "2021-12-31", "reportedCurrency": "USD", "grossProfit": "3163115000", "totalRevenue": "6635537000", "costOfRevenue": "3472422000", "costofGoodsAndServicesSold": "3472422000", "operatingIncome": "1108162000", "sellingGeneralAndAdministrative": "1301797000", "researchAndDevelopment": "0.09", "operatingExpenses": "2043029000", "investmentIncomeNet": "None", "netInterestIncome": "-333438000", "interestIncome": "2644000", "interestExpense": "336082000", "nonInterestIncome": "None", "otherNonOperatingIncome": "-163128000", "depreciation": "None", "depreciationAndAmortization": "6579946000", "incomeBeforeTax": "608952000", "incomeTaxExpense": "109224000", "interestAndDebtExpense": "None", "netIncomeFromContinuingOperations": "499728000", "comprehensiveIncomeNetOfTax": "None", "ebit": "-3978622000", "ebitda": "2601324000", "netIncome": "500191000"}, {"fiscalDateEnding": "2020-12-31", "reportedCurrency": "USD", "grossProfit": "2924205000", "totalRevenue": "5998545000", "costOfRevenue": "3074340000", "costofGoodsAndServicesSold": "3074340000", "operatingIncome": "1052928000", "sellingGeneralAndAdministrative": "1090981000", "researchAndDevelopment": "0.09", "operatingExpenses": "1809337000", "investmentIncomeNet": "None", "netInterestIncome": "-397812000", "interestIncome": "8654000", "interestExpense": "406466000", "nonInterestIncome": "None", "otherNonOperatingIncome": "-130237000", "depreciation": "None", "depreciationAndAmortization": "6036855000", "incomeBeforeTax": "516225000", "incomeTaxExpense": "146151000", "interestAndDebtExpense": "None", "netIncomeFromContinuingOperations": "370074000", "comprehensiveIncomeNetOfTax": "None", "ebit": "-3690795000", "ebitda": "2346060000", "netIncome": "369777000"}, {"fiscalDateEnding": "2019-12-31", "reportedCurrency": "USD", "grossProfit": "2751956000", "totalRevenue": "5562140000", "costOfRevenue": "2810184000", "costofGoodsAndServicesSold": "2810184000", "operatingIncome": "1169631000", "sellingGeneralAndAdministrative": "935018000", "researchAndDevelopment": "0.12", "operatingExpenses": "1586064000", "investmentIncomeNet": "None", "netInterestIncome": "-451987000", "interestIncome": "27697000", "interestExpense": "479684000", "nonInterestIncome": "None", "otherNonOperatingIncome": "2650000", "depreciation": "None", "depreciationAndAmortization": "5273893000", "incomeBeforeTax": "692597000", "incomeTaxExpense": "185352000", "interestAndDebtExpense": "None", "netIncomeFromContinuingOperations": "507245000", "comprehensiveIncomeNetOfTax": "None", "ebit": "-2816775000", "ebitda": "2457118000", "netIncome": "507450000"}, {"fiscalDateEnding": "2018-12-31", "reportedCurrency": "USD", "grossProfit": "2466179000", "totalRevenue": "5071654000", "costOfRevenue": "2605475000", "costofGoodsAndServicesSold": "2605475000", "operatingIncome": "977383000", "sellingGeneralAndAdministrative": "826694000", "researchAndDevelopment": "0.09", "operatingExpenses": "1460396000", "investmentIncomeNet": "None", "netInterestIncome": "-507012000", "interestIncome": "14482000", "interestExpense": "521494000", "nonInterestIncome": "None", "otherNonOperatingIncome": "-22874000", "depreciation": "None", "depreciationAndAmortization": "4848963000", "incomeBeforeTax": "433038000", "incomeTaxExpense": "67679000", "interestAndDebtExpense": "None", "netIncomeFromContinuingOperations": "365359000", "comprehensiveIncomeNetOfTax": "None", "ebit": "-2666942000", "ebitda": "2182021000", "netIncome": "365359000"}, {"fiscalDateEnding": "2017-12-31", "reportedCurrency": "USD", "grossProfit": "2175279000", "totalRevenue": "4368428000", "costOfRevenue": "2193149000", "costofGoodsAndServicesSold": "2193149000", "operatingIncome": "809014000", "sellingGeneralAndAdministrative": "745906000", "researchAndDevelopment": "0.07", "operatingExpenses": "1327630000", "investmentIncomeNet": "None", "netInterestIncome": "-465623000", "interestIncome": "13075000", "interestExpense": "478698000", "nonInterestIncome": "None", "otherNonOperatingIncome": "-43484000", "depreciation": "None", "depreciationAndAmortization": "4339142000", "incomeBeforeTax": "286832000", "incomeTaxExpense": "53850000", "interestAndDebtExpense": "None", "netIncomeFromContinuingOperations": "232982000", "comprehensiveIncomeNetOfTax": "None", "ebit": "-2531132000", "ebitda": "1808010000", "netIncome": "232982000"}, {"fiscalDateEnding": "2016-12-31", "reportedCurrency": "USD", "grossProfit": "1791119000", "totalRevenue": "3611989000", "costOfRevenue": "1820870000", "costofGoodsAndServicesSold": "1820870000", "operatingIncome": "618739000", "sellingGeneralAndAdministrative": "694561000", "researchAndDevelopment": "0.04", "operatingExpenses": "1133303000", "investmentIncomeNet": "None", "netInterestIncome": "-388680000", "interestIncome": "3476000", "interestExpense": "392156000", "nonInterestIncome": "None", "otherNonOperatingIncome": "-66724000", "depreciation": "None", "depreciationAndAmortization": "3515406000", "incomeBeforeTax": "159859000", "incomeTaxExpense": "45451000", "interestAndDebtExpense": "None", "netIncomeFromContinuingOperations": "114408000", "comprehensiveIncomeNetOfTax": "None", "ebit": "-2126184000", "ebitda": "1389222000", "netIncome": "126800000"}, {"fiscalDateEnding": "2015-12-31", "reportedCurrency": "USD", "grossProfit": "1434361000", "totalRevenue": "2725867000", "costOfRevenue": "1291506000", "costofGoodsAndServicesSold": "1291506000", "operatingIncome": "567342000", "sellingGeneralAndAdministrative": "493284000", "researchAndDevelopment": "0", "operatingExpenses": "825296000", "investmentIncomeNet": "None", "netInterestIncome": "None", "interestIncome": "295474000", "interestExpense": "299055000", "nonInterestIncome": "None", "otherNonOperatingIncome": "-57289000", "depreciation": "None", "depreciationAndAmortization": "528929000", "incomeBeforeTax": "210998000", "incomeTaxExpense": "23224000", "interestAndDebtExpense": "None", "netIncomeFromContinuingOperations": "187774000", "comprehensiveIncomeNetOfTax": "None", "ebit": "609065000", "ebitda": "1137994000", "netIncome": "187774000"}, {"fiscalDateEnding": "2014-12-31", "reportedCurrency": "USD", "grossProfit": "1245891000", "totalRevenue": "2443776000", "costOfRevenue": "1197885000", "costofGoodsAndServicesSold": "1197885000", "operatingIncome": "509266000", "sellingGeneralAndAdministrative": "438016000", "researchAndDevelopment": "0", "operatingExpenses": "734119000", "investmentIncomeNet": "None", "netInterestIncome": "None", "interestIncome": "None", "interestExpense": "270553000", "nonInterestIncome": "None", "otherNonOperatingIncome": "-153980000", "depreciation": "None", "depreciationAndAmortization": "484129000", "incomeBeforeTax": "84733000", "incomeTaxExpense": "345459000", "interestAndDebtExpense": "None", "netIncomeFromContinuingOperations": "-260726000", "comprehensiveIncomeNetOfTax": "None", "ebit": "510567000", "ebitda": "994696000", "netIncome": "-259547000"}, {"fiscalDateEnding": "2013-12-31", "reportedCurrency": "USD", "grossProfit": "1088363000", "totalRevenue": "2152766000", "costOfRevenue": "1064403000", "costofGoodsAndServicesSold": "1064403000", "operatingIncome": "460932000", "sellingGeneralAndAdministrative": "374790000", "researchAndDevelopment": "0", "operatingExpenses": "621413000", "investmentIncomeNet": "None", "netInterestIncome": "None", "interestIncome": "None", "interestExpense": "248792000", "nonInterestIncome": "None", "otherNonOperatingIncome": "-99861000", "depreciation": "None", "depreciationAndAmortization": "431008000", "incomeBeforeTax": "112279000", "incomeTaxExpense": "16156000", "interestAndDebtExpense": "None", "netIncomeFromContinuingOperations": "96123000", "comprehensiveIncomeNetOfTax": "None", "ebit": "362534000", "ebitda": "793542000", "netIncome": "94685000"}, {"fiscalDateEnding": "2012-12-31", "reportedCurrency": "USD", "grossProfit": "951749000", "totalRevenue": "1895744000", "costOfRevenue": "943995000", "costofGoodsAndServicesSold": "943995000", "operatingIncome": "400753000", "sellingGeneralAndAdministrative": "329399000", "researchAndDevelopment": "0", "operatingExpenses": "532313000", "investmentIncomeNet": "None", "netInterestIncome": "None", "interestIncome": "None", "interestExpense": "200328000", "nonInterestIncome": "None", "otherNonOperatingIncome": "1258000", "depreciation": "None", "depreciationAndAmortization": "401946000", "incomeBeforeTax": "196479000", "incomeTaxExpense": "61783000", "interestAndDebtExpense": "None", "netIncomeFromContinuingOperations": "134696000", "comprehensiveIncomeNetOfTax": "None", "ebit": "385583000", "ebitda": "787529000", "netIncome": "144666000"}, {"fiscalDateEnding": "2011-12-31", "reportedCurrency": "USD", "grossProfit": "739201000", "totalRevenue": "1606842000", "costOfRevenue": "867641000", "costofGoodsAndServicesSold": "867641000", "operatingIncome": "307163000", "sellingGeneralAndAdministrative": "265932000", "researchAndDevelopment": "0", "operatingExpenses": "425023000", "investmentIncomeNet": "None", "netInterestIncome": "None", "interestIncome": "None", "interestExpense": "181303000", "nonInterestIncome": "None", "otherNonOperatingIncome": "5101000", "depreciation": "None", "depreciationAndAmortization": "352653000", "incomeBeforeTax": "130961000", "incomeTaxExpense": "38351000", "interestAndDebtExpense": "None", "netIncomeFromContinuingOperations": "92610000", "comprehensiveIncomeNetOfTax": "None", "ebit": "306044000", "ebitda": "658697000", "netIncome": "94004000"}, {"fiscalDateEnding": "2010-12-31", "reportedCurrency": "USD", "grossProfit": "545667000", "totalRevenue": "1220334000", "costOfRevenue": "674667000", "costofGoodsAndServicesSold": "674667000", "operatingIncome": "194711000", "sellingGeneralAndAdministrative": "220781000", "researchAndDevelopment": "0", "operatingExpenses": "331885000", "investmentIncomeNet": "None", "netInterestIncome": "None", "interestIncome": "None", "interestExpense": "140475000", "nonInterestIncome": "None", "otherNonOperatingIncome": "2205000", "depreciation": "None", "depreciationAndAmortization": "263564000", "incomeBeforeTax": "49880000", "incomeTaxExpense": "12999000", "interestAndDebtExpense": "None", "netIncomeFromContinuingOperations": "36881000", "comprehensiveIncomeNetOfTax": "None", "ebit": "185862000", "ebitda": "449426000", "netIncome": "36881000"}, {"fiscalDateEnding": "2009-12-31", "reportedCurrency": "USD", "grossProfit": "399089000", "totalRevenue": "882509000", "costOfRevenue": "483420000", "costofGoodsAndServicesSold": "483420000", "operatingIncome": "181079000", "sellingGeneralAndAdministrative": "155324000", "researchAndDevelopment": "None", "operatingExpenses": "218908000", "investmentIncomeNet": "None", "netInterestIncome": "None", "interestIncome": "None", "interestExpense": "74232000", "nonInterestIncome": "None", "otherNonOperatingIncome": "None", "depreciation": "None", "depreciationAndAmortization": "175371000", "incomeBeforeTax": "109028000", "incomeTaxExpense": "39597000", "interestAndDebtExpense": "None", "netIncomeFromContinuingOperations": "None", "comprehensiveIncomeNetOfTax": "None", "ebit": "178340000", "ebitda": "353711000", "netIncome": "69431000"}, {"fiscalDateEnding": "2008-12-31", "reportedCurrency": "USD", "grossProfit": "290021000", "totalRevenue": "704680000", "costOfRevenue": "414659000", "costofGoodsAndServicesSold": "414659000", "operatingIncome": "73402000", "sellingGeneralAndAdministrative": "146564000", "researchAndDevelopment": "None", "operatingExpenses": "213477000", "investmentIncomeNet": "None", "netInterestIncome": "None", "interestIncome": "None", "interestExpense": "55041000", "nonInterestIncome": "None", "otherNonOperatingIncome": "None", "depreciation": "None", "depreciationAndAmortization": "158907000", "incomeBeforeTax": "27081000", "incomeTaxExpense": "-104457000", "interestAndDebtExpense": "None", "netIncomeFromContinuingOperations": "None", "comprehensiveIncomeNetOfTax": "None", "ebit": "82122000", "ebitda": "241029000", "netIncome": "131538000"}, {"fiscalDateEnding": "2007-12-31", "reportedCurrency": "USD", "grossProfit": "155697000", "totalRevenue": "419442000", "costOfRevenue": "263745000", "costofGoodsAndServicesSold": "263745000", "operatingIncome": "10115000", "sellingGeneralAndAdministrative": "146513000", "researchAndDevelopment": "None", "operatingExpenses": "145175000", "investmentIncomeNet": "None", "netInterestIncome": "None", "interestIncome": "None", "interestExpense": "27334000", "nonInterestIncome": "None", "otherNonOperatingIncome": "None", "depreciation": "None", "depreciationAndAmortization": "103307000", "incomeBeforeTax": "-4715000", "incomeTaxExpense": "473000", "interestAndDebtExpense": "None", "netIncomeFromContinuingOperations": "None", "comprehensiveIncomeNetOfTax": "None", "ebit": "9184000", "ebitda": "112491000", "netIncome": "-5188000"}, {"fiscalDateEnding": "2006-12-31", "reportedCurrency": "USD", "grossProfit": "98536000", "totalRevenue": "286915000", "costOfRevenue": "188379000", "costofGoodsAndServicesSold": "188379000", "operatingIncome": "1914000", "sellingGeneralAndAdministrative": "104742000", "researchAndDevelopment": "None", "operatingExpenses": "95095000", "investmentIncomeNet": "None", "netInterestIncome": "None", "interestIncome": "None", "interestExpense": "14875000", "nonInterestIncome": "None", "otherNonOperatingIncome": "None", "depreciation": "None", "depreciationAndAmortization": "72778000", "incomeBeforeTax": "-6334000", "incomeTaxExpense": "439000", "interestAndDebtExpense": "None", "netIncomeFromContinuingOperations": "None", "comprehensiveIncomeNetOfTax": "None", "ebit": "-6206000", "ebitda": "66572000", "netIncome": "-6397000"}, {"fiscalDateEnding": "2005-12-31", "reportedCurrency": "USD", "grossProfit": "62703000", "totalRevenue": "221057000", "costOfRevenue": "158354000", "costofGoodsAndServicesSold": "158354000", "operatingIncome": "-36773000", "sellingGeneralAndAdministrative": "65662000", "researchAndDevelopment": "None", "operatingExpenses": "65662000", "investmentIncomeNet": "None", "netInterestIncome": "None", "interestIncome": "None", "interestExpense": "8880000", "nonInterestIncome": "None", "otherNonOperatingIncome": "None", "depreciation": "None", "depreciationAndAmortization": "74964000", "incomeBeforeTax": "-42069000", "incomeTaxExpense": "543000", "interestAndDebtExpense": "None", "netIncomeFromContinuingOperations": "None", "comprehensiveIncomeNetOfTax": "None", "ebit": "-13102000", "ebitda": "61862000", "netIncome": "-42612000"}], "quarterlyReports": [{"fiscalDateEnding": "2024-12-31", "reportedCurrency": "USD", "grossProfit": "1065000000", "totalRevenue": "2261000000", "costOfRevenue": "1196000000", "costofGoodsAndServicesSold": "1196000000", "operatingIncome": "103000000", "sellingGeneralAndAdministrative": "451000000", "researchAndDevelopment": "None", "operatingExpenses": "962000000", "investmentIncomeNet": "None", "netInterestIncome": "-77000000", "interestIncome": "49000000", "interestExpense": "126000000", "nonInterestIncome": "None", "otherNonOperatingIncome": "None", "depreciation": "None", "depreciationAndAmortization": "498000000", "incomeBeforeTax": "-28000000", "incomeTaxExpense": "-14000000", "interestAndDebtExpense": "None", "netIncomeFromContinuingOperations": "-14000000", "comprehensiveIncomeNetOfTax": "None", "ebit": "126000000", "ebitda": "624000000", "netIncome": "-14000000"}, {"fiscalDateEnding": "2024-09-30", "reportedCurrency": "USD", "grossProfit": "1103000000", "totalRevenue": "2201000000", "costOfRevenue": "1098000000", "costofGoodsAndServicesSold": "1098000000", "operatingIncome": "425000000", "sellingGeneralAndAdministrative": "434000000", "researchAndDevelopment": "None", "operatingExpenses": "678000000", "investmentIncomeNet": "None", "netInterestIncome": "-82000000", "interestIncome": "35000000", "interestExpense": "117000000", "nonInterestIncome": "None", "otherNonOperatingIncome": "None", "depreciation": "None", "depreciationAndAmortization": "494000000", "incomeBeforeTax": "350000000", "incomeTaxExpense": "54000000", "interestAndDebtExpense": "None", "netIncomeFromContinuingOperations": "296000000", "comprehensiveIncomeNetOfTax": "None", "ebit": "160000000", "ebitda": "654000000", "netIncome": "297000000"}, {"fiscalDateEnding": "2024-06-30", "reportedCurrency": "USD", "grossProfit": "1077000000", "totalRevenue": "2159000000", "costOfRevenue": "1082000000", "costofGoodsAndServicesSold": "1082000000", "operatingIncome": "421000000", "sellingGeneralAndAdministrative": "437000000", "researchAndDevelopment": "None", "operatingExpenses": "658000000", "investmentIncomeNet": "None", "netInterestIncome": "-81000000", "interestIncome": "29000000", "interestExpense": "110000000", "nonInterestIncome": "None", "otherNonOperatingIncome": "None", "depreciation": "None", "depreciationAndAmortization": "489000000", "incomeBeforeTax": "348000000", "incomeTaxExpense": "47000000", "interestAndDebtExpense": "None", "netIncomeFromContinuingOperations": "301000000", "comprehensiveIncomeNetOfTax": "None", "ebit": "421000000", "ebitda": "910000000", "netIncome": "301000000"}, {"fiscalDateEnding": "2024-03-31", "reportedCurrency": "USD", "grossProfit": "1036000000", "totalRevenue": "2127000000", "costOfRevenue": "1091000000", "costofGoodsAndServicesSold": "1091000000", "operatingIncome": "366000000", "sellingGeneralAndAdministrative": "444000000", "researchAndDevelopment": "None", "operatingExpenses": "679000000", "investmentIncomeNet": "None", "netInterestIncome": "-80000000", "interestIncome": "24000000", "interestExpense": "104000000", "nonInterestIncome": "None", "otherNonOperatingIncome": "None", "depreciation": "None", "depreciationAndAmortization": "526000000", "incomeBeforeTax": "277000000", "incomeTaxExpense": "46000000", "interestAndDebtExpense": "None", "netIncomeFromContinuingOperations": "231000000", "comprehensiveIncomeNetOfTax": "None", "ebit": "366000000", "ebitda": "892000000", "netIncome": "231000000"}, {"fiscalDateEnding": "2023-12-31", "reportedCurrency": "USD", "grossProfit": "891612000", "totalRevenue": "2110489000", "costOfRevenue": "1218877000", "costofGoodsAndServicesSold": "1218877000", "operatingIncome": "256187000", "sellingGeneralAndAdministrative": "448849000", "researchAndDevelopment": "None", "operatingExpenses": "635425000", "investmentIncomeNet": "None", "netInterestIncome": "-74958000", "interestIncome": "28225000", "interestExpense": "122387000", "nonInterestIncome": "None", "otherNonOperatingIncome": "None", "depreciation": "None", "depreciationAndAmortization": "462367000", "incomeBeforeTax": "270302000", "incomeTaxExpense": "42825000", "interestAndDebtExpense": "None", "netIncomeFromContinuingOperations": "227477000", "comprehensiveIncomeNetOfTax": "None", "ebit": "256187000", "ebitda": "718554000", "netIncome": "227568000"}, {"fiscalDateEnding": "2023-09-30", "reportedCurrency": "USD", "grossProfit": "992039000", "totalRevenue": "2061030000", "costOfRevenue": "1068991000", "costofGoodsAndServicesSold": "1068991000", "operatingIncome": "380351000", "sellingGeneralAndAdministrative": "403890000", "researchAndDevelopment": "None", "operatingExpenses": "616396000", "investmentIncomeNet": "None", "netInterestIncome": "-78274000", "interestIncome": "23111000", "interestExpense": "101385000", "nonInterestIncome": "None", "otherNonOperatingIncome": "None", "depreciation": "None", "depreciationAndAmortization": "461842000", "incomeBeforeTax": "295745000", "incomeTaxExpense": "19985000", "interestAndDebtExpense": "None", "netIncomeFromContinuingOperations": "275760000", "comprehensiveIncomeNetOfTax": "None", "ebit": "399158000", "ebitda": "861000000", "netIncome": "275794000"}, {"fiscalDateEnding": "2023-06-30", "reportedCurrency": "USD", "grossProfit": "957608000", "totalRevenue": "2018408000", "costOfRevenue": "1060800000", "costofGoodsAndServicesSold": "1060800000", "operatingIncome": "332386000", "sellingGeneralAndAdministrative": "406429000", "researchAndDevelopment": "None", "operatingExpenses": "621445000", "investmentIncomeNet": "None", "netInterestIncome": "-76470000", "interestIncome": "23503000", "interestExpense": "99973000", "nonInterestIncome": "None", "otherNonOperatingIncome": "11985000", "depreciation": "None", "depreciationAndAmortization": "460461000", "incomeBeforeTax": "244398000", "incomeTaxExpense": "37385000", "interestAndDebtExpense": "None", "netIncomeFromContinuingOperations": "207013000", "comprehensiveIncomeNetOfTax": "None", "ebit": "337539000", "ebitda": "798000000", "netIncome": "207000000"}, {"fiscalDateEnding": "2023-03-31", "reportedCurrency": "USD", "grossProfit": "992118000", "totalRevenue": "1998209000", "costOfRevenue": "1006091000", "costofGoodsAndServicesSold": "1006091000", "operatingIncome": "384121000", "sellingGeneralAndAdministrative": "394874000", "researchAndDevelopment": "None", "operatingExpenses": "605545000", "investmentIncomeNet": "None", "netInterestIncome": "-78093000", "interestIncome": "19388000", "interestExpense": "97481000", "nonInterestIncome": "None", "otherNonOperatingIncome": "27145000", "depreciation": "None", "depreciationAndAmortization": "458995000", "incomeBeforeTax": "313785000", "incomeTaxExpense": "55055000", "interestAndDebtExpense": "None", "netIncomeFromContinuingOperations": "258730000", "comprehensiveIncomeNetOfTax": "None", "ebit": "385005000", "ebitda": "844000000", "netIncome": "259000000"}, {"fiscalDateEnding": "2022-12-31", "reportedCurrency": "USD", "grossProfit": "900145000", "totalRevenue": "1870845000", "costOfRevenue": "970700000", "costofGoodsAndServicesSold": "970700000", "operatingIncome": "282200000", "sellingGeneralAndAdministrative": "400183000", "researchAndDevelopment": "None", "operatingExpenses": "607416000", "investmentIncomeNet": "None", "netInterestIncome": "-75738000", "interestIncome": "18462000", "interestExpense": "94200000", "nonInterestIncome": "None", "otherNonOperatingIncome": "-10290000", "depreciation": "None", "depreciationAndAmortization": "438492000", "incomeBeforeTax": "177710000", "incomeTaxExpense": "48807000", "interestAndDebtExpense": "None", "netIncomeFromContinuingOperations": "128903000", "comprehensiveIncomeNetOfTax": "None", "ebit": "-145839000", "ebitda": "292653000", "netIncome": "128763000"}, {"fiscalDateEnding": "2022-09-30", "reportedCurrency": "USD", "grossProfit": "905990000", "totalRevenue": "1840659000", "costOfRevenue": "934669000", "costofGoodsAndServicesSold": "934669000", "operatingIncome": "333159000", "sellingGeneralAndAdministrative": "375483000", "researchAndDevelopment": "None", "operatingExpenses": "568572000", "investmentIncomeNet": "None", "netInterestIncome": "-80154000", "interestIncome": "11192000", "interestExpense": "91346000", "nonInterestIncome": "None", "otherNonOperatingIncome": "4532000", "depreciation": "None", "depreciationAndAmortization": "431668000", "incomeBeforeTax": "246345000", "incomeTaxExpense": "34606000", "interestAndDebtExpense": "None", "netIncomeFromContinuingOperations": "211739000", "comprehensiveIncomeNetOfTax": "None", "ebit": "175618000", "ebitda": "607286000", "netIncome": "211807000"}, {"fiscalDateEnding": "2022-06-30", "reportedCurrency": "USD", "grossProfit": "886897000", "totalRevenue": "1817154000", "costOfRevenue": "930257000", "costofGoodsAndServicesSold": "930257000", "operatingIncome": "317853000", "sellingGeneralAndAdministrative": "370348000", "researchAndDevelopment": "None", "operatingExpenses": "564075000", "investmentIncomeNet": "None", "netInterestIncome": "-86318000", "interestIncome": "4508000", "interestExpense": "90826000", "nonInterestIncome": "None", "otherNonOperatingIncome": "-2150000", "depreciation": "None", "depreciationAndAmortization": "432828000", "incomeBeforeTax": "224877000", "incomeTaxExpense": "8635000", "interestAndDebtExpense": "None", "netIncomeFromContinuingOperations": "216242000", "comprehensiveIncomeNetOfTax": "None", "ebit": "150795000", "ebitda": "583623000", "netIncome": "216322000"}, {"fiscalDateEnding": "2022-03-31", "reportedCurrency": "USD", "grossProfit": "818572000", "totalRevenue": "1734447000", "costOfRevenue": "915875000", "costofGoodsAndServicesSold": "915875000", "operatingIncome": "267316000", "sellingGeneralAndAdministrative": "352687000", "researchAndDevelopment": "None", "operatingExpenses": "545198000", "investmentIncomeNet": "None", "netInterestIncome": "-77859000", "interestIncome": "2106000", "interestExpense": "79965000", "nonInterestIncome": "None", "otherNonOperatingIncome": "-6914000", "depreciation": "None", "depreciationAndAmortization": "436386000", "incomeBeforeTax": "180437000", "incomeTaxExpense": "32744000", "interestAndDebtExpense": "None", "netIncomeFromContinuingOperations": "147693000", "comprehensiveIncomeNetOfTax": "None", "ebit": "-37278000", "ebitda": "399108000", "netIncome": "147453000"}, {"fiscalDateEnding": "2021-12-31", "reportedCurrency": "USD", "grossProfit": "795943000", "totalRevenue": "1706378000", "costOfRevenue": "910435000", "costofGoodsAndServicesSold": "910435000", "operatingIncome": "249725000", "sellingGeneralAndAdministrative": "343711000", "researchAndDevelopment": "None", "operatingExpenses": "533509000", "investmentIncomeNet": "None", "netInterestIncome": "-79097000", "interestIncome": "1130000", "interestExpense": "80227000", "nonInterestIncome": "None", "otherNonOperatingIncome": "-4458000", "depreciation": "None", "depreciationAndAmortization": "428764000", "incomeBeforeTax": "165040000", "incomeTaxExpense": "41899000", "interestAndDebtExpense": "None", "netIncomeFromContinuingOperations": "123141000", "comprehensiveIncomeNetOfTax": "None", "ebit": "-45424000", "ebitda": "383340000", "netIncome": "123274000"}, {"fiscalDateEnding": "2021-09-30", "reportedCurrency": "USD", "grossProfit": "789526000", "totalRevenue": "1675176000", "costOfRevenue": "885650000", "costofGoodsAndServicesSold": "885650000", "operatingIncome": "282121000", "sellingGeneralAndAdministrative": "334625000", "researchAndDevelopment": "None", "operatingExpenses": "517622000", "investmentIncomeNet": "None", "netInterestIncome": "-78532000", "interestIncome": "411000", "interestExpense": "78943000", "nonInterestIncome": "None", "otherNonOperatingIncome": "2072000", "depreciation": "None", "depreciationAndAmortization": "419684000", "incomeBeforeTax": "205250000", "incomeTaxExpense": "53224000", "interestAndDebtExpense": "None", "netIncomeFromContinuingOperations": "152026000", "comprehensiveIncomeNetOfTax": "None", "ebit": "35207000", "ebitda": "454891000", "netIncome": "152216000"}, {"fiscalDateEnding": "2021-06-30", "reportedCurrency": "USD", "grossProfit": "792799000", "totalRevenue": "1657919000", "costOfRevenue": "865120000", "costofGoodsAndServicesSold": "865120000", "operatingIncome": "278654000", "sellingGeneralAndAdministrative": "322005000", "researchAndDevelopment": "None", "operatingExpenses": "507615000", "investmentIncomeNet": "None", "netInterestIncome": "-86857000", "interestIncome": "374000", "interestExpense": "87231000", "nonInterestIncome": "None", "otherNonOperatingIncome": "-141463000", "depreciation": "None", "depreciationAndAmortization": "417758000", "incomeBeforeTax": "49960000", "incomeTaxExpense": "-18527000", "interestAndDebtExpense": "None", "netIncomeFromContinuingOperations": "68487000", "comprehensiveIncomeNetOfTax": "None", "ebit": "-7151000", "ebitda": "410607000", "netIncome": "68339000"}, {"fiscalDateEnding": "2021-03-31", "reportedCurrency": "USD", "grossProfit": "784847000", "totalRevenue": "1596064000", "costOfRevenue": "811217000", "costofGoodsAndServicesSold": "811217000", "operatingIncome": "297662000", "sellingGeneralAndAdministrative": "301456000", "researchAndDevelopment": "None", "operatingExpenses": "484283000", "investmentIncomeNet": "None", "netInterestIncome": "-88952000", "interestIncome": "729000", "interestExpense": "89681000", "nonInterestIncome": "None", "otherNonOperatingIncome": "-19279000", "depreciation": "None", "depreciationAndAmortization": "394318000", "incomeBeforeTax": "188702000", "incomeTaxExpense": "32628000", "interestAndDebtExpense": "None", "netIncomeFromContinuingOperations": "156074000", "comprehensiveIncomeNetOfTax": "None", "ebit": "75637000", "ebitda": "469955000", "netIncome": "156362000"}, {"fiscalDateEnding": "2020-12-31", "reportedCurrency": "USD", "grossProfit": "733380000", "totalRevenue": "1564115000", "costOfRevenue": "830735000", "costofGoodsAndServicesSold": "830735000", "operatingIncome": "228606000", "sellingGeneralAndAdministrative": "293144000", "researchAndDevelopment": "None", "operatingExpenses": "480199000", "investmentIncomeNet": "None", "netInterestIncome": "-89668000", "interestIncome": "1244000", "interestExpense": "90912000", "nonInterestIncome": "None", "otherNonOperatingIncome": "-137647000", "depreciation": "None", "depreciationAndAmortization": "378859000", "incomeBeforeTax": "92240000", "incomeTaxExpense": "41304000", "interestAndDebtExpense": "None", "netIncomeFromContinuingOperations": "50936000", "comprehensiveIncomeNetOfTax": "None", "ebit": "-118206000", "ebitda": "260653000", "netIncome": "50994000"}, {"fiscalDateEnding": "2020-09-30", "reportedCurrency": "USD", "grossProfit": "751788000", "totalRevenue": "1519767000", "costOfRevenue": "767979000", "costofGoodsAndServicesSold": "767979000", "operatingIncome": "288350000", "sellingGeneralAndAdministrative": "279350000", "researchAndDevelopment": "None", "operatingExpenses": "452077000", "investmentIncomeNet": "None", "netInterestIncome": "-98284000", "interestIncome": "1452000", "interestExpense": "99736000", "nonInterestIncome": "None", "otherNonOperatingIncome": "1452000", "depreciation": "None", "depreciationAndAmortization": "362286000", "incomeBeforeTax": "96734000", "incomeTaxExpense": "29903000", "interestAndDebtExpense": "None", "netIncomeFromContinuingOperations": "66831000", "comprehensiveIncomeNetOfTax": "None", "ebit": "-9633000", "ebitda": "352653000", "netIncome": "66687000"}, {"fiscalDateEnding": "2020-06-30", "reportedCurrency": "USD", "grossProfit": "730777000", "totalRevenue": "1470121000", "costOfRevenue": "739344000", "costofGoodsAndServicesSold": "739344000", "operatingIncome": "282488000", "sellingGeneralAndAdministrative": "256890000", "researchAndDevelopment": "None", "operatingExpenses": "435014000", "investmentIncomeNet": "None", "netInterestIncome": "-106795000", "interestIncome": "1685000", "interestExpense": "108480000", "nonInterestIncome": "None", "otherNonOperatingIncome": "1685000", "depreciation": "None", "depreciationAndAmortization": "348434000", "incomeBeforeTax": "178103000", "incomeTaxExpense": "44753000", "interestAndDebtExpense": "None", "netIncomeFromContinuingOperations": "133350000", "comprehensiveIncomeNetOfTax": "None", "ebit": "-62537000", "ebitda": "285897000", "netIncome": "133304000"}, {"fiscalDateEnding": "2020-03-31", "reportedCurrency": "USD", "grossProfit": "708260000", "totalRevenue": "1444542000", "costOfRevenue": "736282000", "costofGoodsAndServicesSold": "736282000", "operatingIncome": "253484000", "sellingGeneralAndAdministrative": "261597000", "researchAndDevelopment": "None", "operatingExpenses": "442047000", "investmentIncomeNet": "None", "netInterestIncome": "-103065000", "interestIncome": "4273000", "interestExpense": "107338000", "nonInterestIncome": "None", "otherNonOperatingIncome": "4273000", "depreciation": "None", "depreciationAndAmortization": "337431000", "incomeBeforeTax": "149148000", "incomeTaxExpense": "30191000", "interestAndDebtExpense": "None", "netIncomeFromContinuingOperations": "118957000", "comprehensiveIncomeNetOfTax": "None", "ebit": "154728000", "ebitda": "492159000", "netIncome": "118792000"}, {"fiscalDateEnding": "2019-12-31", "reportedCurrency": "USD", "grossProfit": "691499000", "totalRevenue": "1417135000", "costOfRevenue": "725636000", "costofGoodsAndServicesSold": "725636000", "operatingIncome": "312974000", "sellingGeneralAndAdministrative": "245504000", "researchAndDevelopment": "None", "operatingExpenses": "406060000", "investmentIncomeNet": "None", "netInterestIncome": "-110085000", "interestIncome": "7532000", "interestExpense": "117617000", "nonInterestIncome": "None", "otherNonOperatingIncome": "-17515000", "depreciation": "None", "depreciationAndAmortization": "328295000", "incomeBeforeTax": "162467000", "incomeTaxExpense": "37632000", "interestAndDebtExpense": "None", "netIncomeFromContinuingOperations": "124835000", "comprehensiveIncomeNetOfTax": "None", "ebit": "-10513000", "ebitda": "317782000", "netIncome": "124995000"}, {"fiscalDateEnding": "2019-09-30", "reportedCurrency": "USD", "grossProfit": "692471000", "totalRevenue": "1396810000", "costOfRevenue": "704339000", "costofGoodsAndServicesSold": "704339000", "operatingIncome": "285368000", "sellingGeneralAndAdministrative": "241812000", "researchAndDevelopment": "None", "operatingExpenses": "403386000", "investmentIncomeNet": "None", "netInterestIncome": "-110473000", "interestIncome": "8201000", "interestExpense": "118674000", "nonInterestIncome": "None", "otherNonOperatingIncome": "8201000", "depreciation": "None", "depreciationAndAmortization": "321746000", "incomeBeforeTax": "178638000", "incomeTaxExpense": "57827000", "interestAndDebtExpense": "None", "netIncomeFromContinuingOperations": "120811000", "comprehensiveIncomeNetOfTax": "None", "ebit": "-12344000", "ebitda": "309402000", "netIncome": "120850000"}, {"fiscalDateEnding": "2019-06-30", "reportedCurrency": "USD", "grossProfit": "686798000", "totalRevenue": "1384977000", "costOfRevenue": "698179000", "costofGoodsAndServicesSold": "698179000", "operatingIncome": "291781000", "sellingGeneralAndAdministrative": "232656000", "researchAndDevelopment": "None", "operatingExpenses": "391857000", "investmentIncomeNet": "None", "netInterestIncome": "-112785000", "interestIncome": "7762000", "interestExpense": "120547000", "nonInterestIncome": "None", "otherNonOperatingIncome": "7762000", "depreciation": "None", "depreciationAndAmortization": "320550000", "incomeBeforeTax": "191176000", "incomeTaxExpense": "47324000", "interestAndDebtExpense": "None", "netIncomeFromContinuingOperations": "143852000", "comprehensiveIncomeNetOfTax": "None", "ebit": "79321000", "ebitda": "399871000", "netIncome": "143527000"}, {"fiscalDateEnding": "2019-03-31", "reportedCurrency": "USD", "grossProfit": "681188000", "totalRevenue": "1363218000", "costOfRevenue": "682030000", "costofGoodsAndServicesSold": "682030000", "operatingIncome": "279508000", "sellingGeneralAndAdministrative": "215046000", "researchAndDevelopment": "None", "operatingExpenses": "384761000", "investmentIncomeNet": "None", "netInterestIncome": "-118644000", "interestIncome": "110293000", "interestExpense": "122846000", "nonInterestIncome": "None", "otherNonOperatingIncome": "4202000", "depreciation": "None", "depreciationAndAmortization": "314705000", "incomeBeforeTax": "160316000", "incomeTaxExpense": "42569000", "interestAndDebtExpense": "None", "netIncomeFromContinuingOperations": "117747000", "comprehensiveIncomeNetOfTax": "None", "ebit": "80304000", "ebitda": "395009000", "netIncome": "118078000"}, {"fiscalDateEnding": "2018-12-31", "reportedCurrency": "USD", "grossProfit": "639148000", "totalRevenue": "1310083000", "costOfRevenue": "670935000", "costofGoodsAndServicesSold": "670935000", "operatingIncome": "270717000", "sellingGeneralAndAdministrative": "206146000", "researchAndDevelopment": "0", "operatingExpenses": "367950000", "investmentIncomeNet": "None", "netInterestIncome": "None", "interestIncome": "None", "interestExpense": "129978000", "nonInterestIncome": "None", "otherNonOperatingIncome": "-4686000", "depreciation": "None", "depreciationAndAmortization": "305130000", "incomeBeforeTax": "136076000", "incomeTaxExpense": "26054000", "interestAndDebtExpense": "None", "netIncomeFromContinuingOperations": "110022000", "comprehensiveIncomeNetOfTax": "None", "ebit": "88099000", "ebitda": "393229000", "netIncome": "110022000"}, {"fiscalDateEnding": "2018-09-30", "reportedCurrency": "USD", "grossProfit": "623442000", "totalRevenue": "1283751000", "costOfRevenue": "660309000", "costofGoodsAndServicesSold": "660309000", "operatingIncome": "265753000", "sellingGeneralAndAdministrative": "206902000", "researchAndDevelopment": "0", "operatingExpenses": "364822000", "investmentIncomeNet": "None", "netInterestIncome": "None", "interestIncome": "None", "interestExpense": "130566000", "nonInterestIncome": "None", "otherNonOperatingIncome": "8148000", "depreciation": "None", "depreciationAndAmortization": "306318000", "incomeBeforeTax": "143335000", "incomeTaxExpense": "18510000", "interestAndDebtExpense": "None", "netIncomeFromContinuingOperations": "124825000", "comprehensiveIncomeNetOfTax": "None", "ebit": "57097000", "ebitda": "363415000", "netIncome": "124825000"}, {"fiscalDateEnding": "2018-06-30", "reportedCurrency": "USD", "grossProfit": "610142000", "totalRevenue": "1261943000", "costOfRevenue": "651801000", "costofGoodsAndServicesSold": "651801000", "operatingIncome": "215038000", "sellingGeneralAndAdministrative": "210489000", "researchAndDevelopment": "0", "operatingExpenses": "364691000", "investmentIncomeNet": "None", "netInterestIncome": "None", "interestIncome": "None", "interestExpense": "134673000", "nonInterestIncome": "None", "otherNonOperatingIncome": "-6391000", "depreciation": "None", "depreciationAndAmortization": "307331000", "incomeBeforeTax": "73974000", "incomeTaxExpense": "6356000", "interestAndDebtExpense": "None", "netIncomeFromContinuingOperations": "67618000", "comprehensiveIncomeNetOfTax": "None", "ebit": "208647000", "ebitda": "515978000", "netIncome": "67618000"}, {"fiscalDateEnding": "2018-03-31", "reportedCurrency": "USD", "grossProfit": "593447000", "totalRevenue": "1215877000", "costOfRevenue": "622430000", "costofGoodsAndServicesSold": "622430000", "operatingIncome": "225875000", "sellingGeneralAndAdministrative": "203157000", "researchAndDevelopment": "0", "operatingExpenses": "362933000", "investmentIncomeNet": "None", "netInterestIncome": "None", "interestIncome": "None", "interestExpense": "126277000", "nonInterestIncome": "None", "otherNonOperatingIncome": "-19945000", "depreciation": "None", "depreciationAndAmortization": "306465000", "incomeBeforeTax": "79653000", "incomeTaxExpense": "16759000", "interestAndDebtExpense": "None", "netIncomeFromContinuingOperations": "62894000", "comprehensiveIncomeNetOfTax": "None", "ebit": "7505000", "ebitda": "313970000", "netIncome": "62894000"}, {"fiscalDateEnding": "2017-12-31", "reportedCurrency": "USD", "grossProfit": "580596000", "totalRevenue": "1200221000", "costOfRevenue": "619625000", "costofGoodsAndServicesSold": "619625000", "operatingIncome": "232043000", "sellingGeneralAndAdministrative": "187816000", "researchAndDevelopment": "0", "operatingExpenses": "341428000", "investmentIncomeNet": "None", "netInterestIncome": "None", "interestIncome": "None", "interestExpense": "126144000", "nonInterestIncome": "None", "otherNonOperatingIncome": "-11746000", "depreciation": "None", "depreciationAndAmortization": "279774000", "incomeBeforeTax": "94153000", "incomeTaxExpense": "28938000", "interestAndDebtExpense": "None", "netIncomeFromContinuingOperations": "65215000", "comprehensiveIncomeNetOfTax": "None", "ebit": "21953000", "ebitda": "301727000", "netIncome": "65215000"}, {"fiscalDateEnding": "2017-09-30", "reportedCurrency": "USD", "grossProfit": "569901000", "totalRevenue": "1152261000", "costOfRevenue": "582360000", "costofGoodsAndServicesSold": "582360000", "operatingIncome": "224863000", "sellingGeneralAndAdministrative": "185336000", "researchAndDevelopment": "0", "operatingExpenses": "342955000", "investmentIncomeNet": "None", "netInterestIncome": "None", "interestIncome": "None", "interestExpense": "121828000", "nonInterestIncome": "None", "otherNonOperatingIncome": "-20941000", "depreciation": "None", "depreciationAndAmortization": "277719000", "incomeBeforeTax": "82094000", "incomeTaxExpense": "2194000", "interestAndDebtExpense": "None", "netIncomeFromContinuingOperations": "79900000", "comprehensiveIncomeNetOfTax": "None", "ebit": "3164000", "ebitda": "280883000", "netIncome": "79900000"}, {"fiscalDateEnding": "2017-06-30", "reportedCurrency": "USD", "grossProfit": "544218000", "totalRevenue": "1066421000", "costOfRevenue": "522203000", "costofGoodsAndServicesSold": "522203000", "operatingIncome": "184895000", "sellingGeneralAndAdministrative": "191355000", "researchAndDevelopment": "0", "operatingExpenses": "332921000", "investmentIncomeNet": "None", "netInterestIncome": "None", "interestIncome": "None", "interestExpense": "119042000", "nonInterestIncome": "None", "otherNonOperatingIncome": "-10723000", "depreciation": "None", "depreciationAndAmortization": "252386000", "incomeBeforeTax": "55130000", "incomeTaxExpense": "9325000", "interestAndDebtExpense": "None", "netIncomeFromContinuingOperations": "45805000", "comprehensiveIncomeNetOfTax": "None", "ebit": "14241000", "ebitda": "266627000", "netIncome": "45805000"}, {"fiscalDateEnding": "2017-03-31", "reportedCurrency": "USD", "grossProfit": "480564000", "totalRevenue": "949525000", "costOfRevenue": "468961000", "costofGoodsAndServicesSold": "468961000", "operatingIncome": "167213000", "sellingGeneralAndAdministrative": "181399000", "researchAndDevelopment": "0", "operatingExpenses": "310326000", "investmentIncomeNet": "None", "netInterestIncome": "None", "interestIncome": "None", "interestExpense": "111684000", "nonInterestIncome": "None", "otherNonOperatingIncome": "-74000", "depreciation": "None", "depreciationAndAmortization": "219013000", "incomeBeforeTax": "55455000", "incomeTaxExpense": "13393000", "interestAndDebtExpense": "None", "netIncomeFromContinuingOperations": "42062000", "comprehensiveIncomeNetOfTax": "None", "ebit": "-6972000", "ebitda": "212041000", "netIncome": "42062000"}, {"fiscalDateEnding": "2016-12-31", "reportedCurrency": "USD", "grossProfit": "476726000", "totalRevenue": "942647000", "costOfRevenue": "465921000", "costofGoodsAndServicesSold": "465921000", "operatingIncome": "184455000", "sellingGeneralAndAdministrative": "178956000", "researchAndDevelopment": "0", "operatingExpenses": "292340000", "investmentIncomeNet": "None", "netInterestIncome": "None", "interestIncome": "None", "interestExpense": "98761000", "nonInterestIncome": "None", "otherNonOperatingIncome": "-2536000", "depreciation": "None", "depreciationAndAmortization": "212268000", "incomeBeforeTax": "83158000", "incomeTaxExpense": "19494000", "interestAndDebtExpense": "None", "netIncomeFromContinuingOperations": "63664000", "comprehensiveIncomeNetOfTax": "None", "ebit": "52861000", "ebitda": "265129000", "netIncome": "61750000"}, {"fiscalDateEnding": "2016-09-30", "reportedCurrency": "USD", "grossProfit": "454374000", "totalRevenue": "924676000", "costOfRevenue": "470302000", "costofGoodsAndServicesSold": "470302000", "operatingIncome": "169941000", "sellingGeneralAndAdministrative": "181239000", "researchAndDevelopment": "0", "operatingExpenses": "292175000", "investmentIncomeNet": "None", "netInterestIncome": "None", "interestIncome": "None", "interestExpense": "92200000", "nonInterestIncome": "None", "otherNonOperatingIncome": "-6194000", "depreciation": "None", "depreciationAndAmortization": "215370000", "incomeBeforeTax": "71547000", "incomeTaxExpense": "22778000", "interestAndDebtExpense": "None", "netIncomeFromContinuingOperations": "48769000", "comprehensiveIncomeNetOfTax": "None", "ebit": "3203000", "ebitda": "218573000", "netIncome": "51450000"}, {"fiscalDateEnding": "2016-06-30", "reportedCurrency": "USD", "grossProfit": "443543000", "totalRevenue": "900510000", "costOfRevenue": "456967000", "costofGoodsAndServicesSold": "456967000", "operatingIncome": "151655000", "sellingGeneralAndAdministrative": "168462000", "researchAndDevelopment": "0", "operatingExpenses": "276294000", "investmentIncomeNet": "None", "netInterestIncome": "None", "interestIncome": "None", "interestExpense": "100332000", "nonInterestIncome": "None", "otherNonOperatingIncome": "1791000", "depreciation": "None", "depreciationAndAmortization": "213719000", "incomeBeforeTax": "53114000", "incomeTaxExpense": "13812000", "interestAndDebtExpense": "None", "netIncomeFromContinuingOperations": "39302000", "comprehensiveIncomeNetOfTax": "None", "ebit": "151778000", "ebitda": "365497000", "netIncome": "44711000"}, {"fiscalDateEnding": "2016-03-31", "reportedCurrency": "USD", "grossProfit": "416476000", "totalRevenue": "844156000", "costOfRevenue": "427680000", "costofGoodsAndServicesSold": "427680000", "operatingIncome": "112688000", "sellingGeneralAndAdministrative": "165904000", "researchAndDevelopment": "0", "operatingExpenses": "272494000", "investmentIncomeNet": "None", "netInterestIncome": "None", "interestIncome": "None", "interestExpense": "100863000", "nonInterestIncome": "None", "otherNonOperatingIncome": "-59785000", "depreciation": "None", "depreciationAndAmortization": "202153000", "incomeBeforeTax": "-47960000", "incomeTaxExpense": "-10633000", "interestAndDebtExpense": "None", "netIncomeFromContinuingOperations": "-37327000", "comprehensiveIncomeNetOfTax": "None", "ebit": "51284000", "ebitda": "253437000", "netIncome": "-31111000"}, {"fiscalDateEnding": "2015-12-31", "reportedCurrency": "USD", "grossProfit": "378494000", "totalRevenue": "730462000", "costOfRevenue": "351968000", "costofGoodsAndServicesSold": "351968000", "operatingIncome": "135877000", "sellingGeneralAndAdministrative": "136829000", "researchAndDevelopment": "0", "operatingExpenses": "225268000", "investmentIncomeNet": "None", "netInterestIncome": "None", "interestIncome": "None", "interestExpense": "79499000", "nonInterestIncome": "None", "otherNonOperatingIncome": "-47700000", "depreciation": "None", "depreciationAndAmortization": "144861000", "incomeBeforeTax": "8678000", "incomeTaxExpense": "-2053000", "interestAndDebtExpense": "None", "netIncomeFromContinuingOperations": "10731000", "comprehensiveIncomeNetOfTax": "None", "ebit": "87481000", "ebitda": "232342000", "netIncome": "10731000"}, {"fiscalDateEnding": "2015-09-30", "reportedCurrency": "USD", "grossProfit": "361181000", "totalRevenue": "686649000", "costOfRevenue": "325468000", "costofGoodsAndServicesSold": "325468000", "operatingIncome": "140883000", "sellingGeneralAndAdministrative": "123237000", "researchAndDevelopment": "0", "operatingExpenses": "206946000", "investmentIncomeNet": "None", "netInterestIncome": "None", "interestIncome": "None", "interestExpense": "76269000", "nonInterestIncome": "None", "otherNonOperatingIncome": "-11902000", "depreciation": "None", "depreciationAndAmortization": "133268000", "incomeBeforeTax": "52712000", "incomeTaxExpense": "11580000", "interestAndDebtExpense": "None", "netIncomeFromContinuingOperations": "41132000", "comprehensiveIncomeNetOfTax": "None", "ebit": "128116000", "ebitda": "261384000", "netIncome": "41132000"}, {"fiscalDateEnding": "2015-06-30", "reportedCurrency": "USD", "grossProfit": "349825000", "totalRevenue": "665582000", "costOfRevenue": "315757000", "costofGoodsAndServicesSold": "315757000", "operatingIncome": "139133000", "sellingGeneralAndAdministrative": "119578000", "researchAndDevelopment": "0", "operatingExpenses": "200826000", "investmentIncomeNet": "None", "netInterestIncome": "None", "interestIncome": "None", "interestExpense": "74496000", "nonInterestIncome": "None", "otherNonOperatingIncome": "2307000", "depreciation": "None", "depreciationAndAmortization": "128270000", "incomeBeforeTax": "66944000", "incomeTaxExpense": "7485000", "interestAndDebtExpense": "None", "netIncomeFromContinuingOperations": "59459000", "comprehensiveIncomeNetOfTax": "None", "ebit": "140546000", "ebitda": "268816000", "netIncome": "59459000"}, {"fiscalDateEnding": "2015-03-31", "reportedCurrency": "USD", "grossProfit": "344861000", "totalRevenue": "643174000", "costOfRevenue": "298313000", "costofGoodsAndServicesSold": "298313000", "operatingIncome": "151449000", "sellingGeneralAndAdministrative": "113640000", "researchAndDevelopment": "0", "operatingExpenses": "192256000", "investmentIncomeNet": "None", "netInterestIncome": "None", "interestIncome": "None", "interestExpense": "68791000", "nonInterestIncome": "None", "otherNonOperatingIncome": "6000", "depreciation": "None", "depreciationAndAmortization": "122530000", "incomeBeforeTax": "82664000", "incomeTaxExpense": "6212000", "interestAndDebtExpense": "None", "netIncomeFromContinuingOperations": "76452000", "comprehensiveIncomeNetOfTax": "None", "ebit": "150561000", "ebitda": "273091000", "netIncome": "76452000"}, {"fiscalDateEnding": "2014-12-31", "reportedCurrency": "USD", "grossProfit": "324672000", "totalRevenue": "638121000", "costOfRevenue": "313449000", "costofGoodsAndServicesSold": "313449000", "operatingIncome": "127826000", "sellingGeneralAndAdministrative": "113684000", "researchAndDevelopment": "0", "operatingExpenses": "194920000", "investmentIncomeNet": "None", "netInterestIncome": "None", "interestIncome": "None", "interestExpense": "71103000", "nonInterestIncome": "None", "otherNonOperatingIncome": "-108501000", "depreciation": "None", "depreciationAndAmortization": "133096000", "incomeBeforeTax": "-51778000", "incomeTaxExpense": "303325000", "interestAndDebtExpense": "None", "netIncomeFromContinuingOperations": "-355103000", "comprehensiveIncomeNetOfTax": "None", "ebit": "18193000", "ebitda": "151289000", "netIncome": "-355103000"}, {"fiscalDateEnding": "2014-09-30", "reportedCurrency": "USD", "grossProfit": "316389000", "totalRevenue": "620441000", "costOfRevenue": "304052000", "costofGoodsAndServicesSold": "304052000", "operatingIncome": "135131000", "sellingGeneralAndAdministrative": "109354000", "researchAndDevelopment": "0", "operatingExpenses": "181539000", "investmentIncomeNet": "None", "netInterestIncome": "None", "interestIncome": "None", "interestExpense": "63756000", "nonInterestIncome": "None", "otherNonOperatingIncome": "2167000", "depreciation": "None", "depreciationAndAmortization": "121349000", "incomeBeforeTax": "73542000", "incomeTaxExpense": "30581000", "interestAndDebtExpense": "None", "netIncomeFromContinuingOperations": "42961000", "comprehensiveIncomeNetOfTax": "None", "ebit": "136101000", "ebitda": "257450000", "netIncome": "42841000"}, {"fiscalDateEnding": "2014-06-30", "reportedCurrency": "USD", "grossProfit": "312302000", "totalRevenue": "605161000", "costOfRevenue": "292859000", "costofGoodsAndServicesSold": "292859000", "operatingIncome": "124697000", "sellingGeneralAndAdministrative": "111675000", "researchAndDevelopment": "0", "operatingExpenses": "186929000", "investmentIncomeNet": "None", "netInterestIncome": "None", "interestIncome": "None", "interestExpense": "66874000", "nonInterestIncome": "None", "otherNonOperatingIncome": "-49758000", "depreciation": "None", "depreciationAndAmortization": "116074000", "incomeBeforeTax": "8065000", "incomeTaxExpense": "-2014000", "interestAndDebtExpense": "None", "netIncomeFromContinuingOperations": "10079000", "comprehensiveIncomeNetOfTax": "None", "ebit": "126798000", "ebitda": "242872000", "netIncome": "11328000"}, {"fiscalDateEnding": "2014-03-31", "reportedCurrency": "USD", "grossProfit": "292528000", "totalRevenue": "580053000", "costOfRevenue": "287525000", "costofGoodsAndServicesSold": "287525000", "operatingIncome": "121612000", "sellingGeneralAndAdministrative": "103303000", "researchAndDevelopment": "0", "operatingExpenses": "170731000", "investmentIncomeNet": "None", "netInterestIncome": "None", "interestIncome": "None", "interestExpense": "68820000", "nonInterestIncome": "None", "otherNonOperatingIncome": "2112000", "depreciation": "None", "depreciationAndAmortization": "113610000", "incomeBeforeTax": "54904000", "incomeTaxExpense": "13567000", "interestAndDebtExpense": "None", "netIncomeFromContinuingOperations": "41337000", "comprehensiveIncomeNetOfTax": "None", "ebit": "124042000", "ebitda": "237652000", "netIncome": "41387000"}, {"fiscalDateEnding": "2013-12-31", "reportedCurrency": "USD", "grossProfit": "294934000", "totalRevenue": "564677000", "costOfRevenue": "269743000", "costofGoodsAndServicesSold": "269743000", "operatingIncome": "124989000", "sellingGeneralAndAdministrative": "98466000", "researchAndDevelopment": "0", "operatingExpenses": "165716000", "investmentIncomeNet": "None", "netInterestIncome": "None", "interestIncome": "None", "interestExpense": "65503000", "nonInterestIncome": "None", "otherNonOperatingIncome": "-12146000", "depreciation": "None", "depreciationAndAmortization": "106682000", "incomeBeforeTax": "47340000", "incomeTaxExpense": "1967000", "interestAndDebtExpense": "None", "netIncomeFromContinuingOperations": "45176000", "comprehensiveIncomeNetOfTax": "None", "ebit": "112536000", "ebitda": "219218000", "netIncome": "45187000"}, {"fiscalDateEnding": "2013-09-30", "reportedCurrency": "USD", "grossProfit": "267511000", "totalRevenue": "540523000", "costOfRevenue": "273012000", "costofGoodsAndServicesSold": "273012000", "operatingIncome": "108580000", "sellingGeneralAndAdministrative": "96874000", "researchAndDevelopment": "0", "operatingExpenses": "158493000", "investmentIncomeNet": "None", "netInterestIncome": "None", "interestIncome": "None", "interestExpense": "61957000", "nonInterestIncome": "None", "otherNonOperatingIncome": "1914000", "depreciation": "None", "depreciationAndAmortization": "108940000", "incomeBeforeTax": "48537000", "incomeTaxExpense": "11680000", "interestAndDebtExpense": "None", "netIncomeFromContinuingOperations": "42753000", "comprehensiveIncomeNetOfTax": "None", "ebit": "118003000", "ebitda": "226943000", "netIncome": "36576000"}, {"fiscalDateEnding": "2013-06-30", "reportedCurrency": "USD", "grossProfit": "257976000", "totalRevenue": "525669000", "costOfRevenue": "267693000", "costofGoodsAndServicesSold": "267693000", "operatingIncome": "112177000", "sellingGeneralAndAdministrative": "88632000", "researchAndDevelopment": "0", "operatingExpenses": "148110000", "investmentIncomeNet": "None", "netInterestIncome": "None", "interestIncome": "None", "interestExpense": "61001000", "nonInterestIncome": "None", "otherNonOperatingIncome": "-89917000", "depreciation": "None", "depreciationAndAmortization": "110117000", "incomeBeforeTax": "-38741000", "incomeTaxExpense": "-10612000", "interestAndDebtExpense": "None", "netIncomeFromContinuingOperations": "-28129000", "comprehensiveIncomeNetOfTax": "None", "ebit": "113551000", "ebitda": "223668000", "netIncome": "-28658000"}, {"fiscalDateEnding": "2013-03-31", "reportedCurrency": "USD", "grossProfit": "260187000", "totalRevenue": "519455000", "costOfRevenue": "259268000", "costofGoodsAndServicesSold": "259268000", "operatingIncome": "108564000", "sellingGeneralAndAdministrative": "89685000", "researchAndDevelopment": "0", "operatingExpenses": "147961000", "investmentIncomeNet": "None", "netInterestIncome": "None", "interestIncome": "None", "interestExpense": "60331000", "nonInterestIncome": "None", "otherNonOperatingIncome": "288000", "depreciation": "None", "depreciationAndAmortization": "108531000", "incomeBeforeTax": "48521000", "incomeTaxExpense": "12198000", "interestAndDebtExpense": "None", "netIncomeFromContinuingOperations": "36323000", "comprehensiveIncomeNetOfTax": "None", "ebit": "103684000", "ebitda": "212215000", "netIncome": "35882000"}, {"fiscalDateEnding": "2012-12-31", "reportedCurrency": "USD", "grossProfit": "256399000", "totalRevenue": "506520000", "costOfRevenue": "250121000", "costofGoodsAndServicesSold": "250121000", "operatingIncome": "102042000", "sellingGeneralAndAdministrative": "86867000", "researchAndDevelopment": "0", "operatingExpenses": "142557000", "investmentIncomeNet": "None", "netInterestIncome": "None", "interestIncome": "None", "interestExpense": "50516000", "nonInterestIncome": "None", "otherNonOperatingIncome": "41000", "depreciation": "None", "depreciationAndAmortization": "103457000", "incomeBeforeTax": "51567000", "incomeTaxExpense": "17294000", "interestAndDebtExpense": "None", "netIncomeFromContinuingOperations": "33724000", "comprehensiveIncomeNetOfTax": "None", "ebit": "102035000", "ebitda": "205492000", "netIncome": "44858000"}, {"fiscalDateEnding": "2012-09-30", "reportedCurrency": "USD", "grossProfit": "237243000", "totalRevenue": "488730000", "costOfRevenue": "251487000", "costofGoodsAndServicesSold": "251487000", "operatingIncome": "95869000", "sellingGeneralAndAdministrative": "83621000", "researchAndDevelopment": "0", "operatingExpenses": "136832000", "investmentIncomeNet": "None", "netInterestIncome": "None", "interestIncome": "None", "interestExpense": "50207000", "nonInterestIncome": "None", "otherNonOperatingIncome": "1561000", "depreciation": "None", "depreciationAndAmortization": "107623000", "incomeBeforeTax": "42019000", "incomeTaxExpense": "13498000", "interestAndDebtExpense": "None", "netIncomeFromContinuingOperations": "28521000", "comprehensiveIncomeNetOfTax": "None", "ebit": "88312000", "ebitda": "195935000", "netIncome": "28838000"}, {"fiscalDateEnding": "2012-06-30", "reportedCurrency": "USD", "grossProfit": "233072000", "totalRevenue": "466264000", "costOfRevenue": "233192000", "costofGoodsAndServicesSold": "233192000", "operatingIncome": "102666000", "sellingGeneralAndAdministrative": "80723000", "researchAndDevelopment": "0", "operatingExpenses": "128487000", "investmentIncomeNet": "None", "netInterestIncome": "None", "interestIncome": "None", "interestExpense": "46787000", "nonInterestIncome": "None", "otherNonOperatingIncome": "-881000", "depreciation": "None", "depreciationAndAmortization": "96944000", "incomeBeforeTax": "54998000", "incomeTaxExpense": "17358000", "interestAndDebtExpense": "None", "netIncomeFromContinuingOperations": "37640000", "comprehensiveIncomeNetOfTax": "None", "ebit": "99833000", "ebitda": "196777000", "netIncome": "36447000"}, {"fiscalDateEnding": "2012-03-31", "reportedCurrency": "USD", "grossProfit": "227121000", "totalRevenue": "452200000", "costOfRevenue": "225079000", "costofGoodsAndServicesSold": "225079000", "operatingIncome": "101098000", "sellingGeneralAndAdministrative": "78425000", "researchAndDevelopment": "0", "operatingExpenses": "124996000", "investmentIncomeNet": "None", "netInterestIncome": "None", "interestIncome": "None", "interestExpense": "52818000", "nonInterestIncome": "None", "otherNonOperatingIncome": "537000", "depreciation": "None", "depreciationAndAmortization": "93922000", "incomeBeforeTax": "48817000", "incomeTaxExpense": "14006000", "interestAndDebtExpense": "None", "netIncomeFromContinuingOperations": "34811000", "comprehensiveIncomeNetOfTax": "None", "ebit": "100165000", "ebitda": "194087000", "netIncome": "34523000"}, {"fiscalDateEnding": "2011-12-31", "reportedCurrency": "USD", "grossProfit": "201972000", "totalRevenue": "431312000", "costOfRevenue": "229340000", "costofGoodsAndServicesSold": "229340000", "operatingIncome": "82876000", "sellingGeneralAndAdministrative": "71674000", "researchAndDevelopment": "0", "operatingExpenses": "116996000", "investmentIncomeNet": "None", "netInterestIncome": "None", "interestIncome": "None", "interestExpense": "55151000", "nonInterestIncome": "None", "otherNonOperatingIncome": "2137000", "depreciation": "None", "depreciationAndAmortization": "93371000", "incomeBeforeTax": "29862000", "incomeTaxExpense": "13769000", "interestAndDebtExpense": "None", "netIncomeFromContinuingOperations": "16093000", "comprehensiveIncomeNetOfTax": "None", "ebit": "85013000", "ebitda": "178384000", "netIncome": "17810000"}, {"fiscalDateEnding": "2011-09-30", "reportedCurrency": "USD", "grossProfit": "189448000", "totalRevenue": "417601000", "costOfRevenue": "228153000", "costofGoodsAndServicesSold": "228153000", "operatingIncome": "78116000", "sellingGeneralAndAdministrative": "65976000", "researchAndDevelopment": "0", "operatingExpenses": "109046000", "investmentIncomeNet": "None", "netInterestIncome": "None", "interestIncome": "None", "interestExpense": "51114000", "nonInterestIncome": "None", "otherNonOperatingIncome": "-1015000", "depreciation": "None", "depreciationAndAmortization": "92019000", "incomeBeforeTax": "25987000", "incomeTaxExpense": "5348000", "interestAndDebtExpense": "None", "netIncomeFromContinuingOperations": "20639000", "comprehensiveIncomeNetOfTax": "None", "ebit": "75153000", "ebitda": "167172000", "netIncome": "20319000"}, {"fiscalDateEnding": "2011-06-30", "reportedCurrency": "USD", "grossProfit": "179328000", "totalRevenue": "394900000", "costOfRevenue": "215572000", "costofGoodsAndServicesSold": "215572000", "operatingIncome": "74866000", "sellingGeneralAndAdministrative": "65681000", "researchAndDevelopment": "0", "operatingExpenses": "102744000", "investmentIncomeNet": "None", "netInterestIncome": "None", "interestIncome": "None", "interestExpense": "37677000", "nonInterestIncome": "None", "otherNonOperatingIncome": "1653000", "depreciation": "None", "depreciationAndAmortization": "86426000", "incomeBeforeTax": "38842000", "incomeTaxExpense": "8109000", "interestAndDebtExpense": "None", "netIncomeFromContinuingOperations": "30733000", "comprehensiveIncomeNetOfTax": "None", "ebit": "75315000", "ebitda": "161741000", "netIncome": "30730000"}, {"fiscalDateEnding": "2011-03-31", "reportedCurrency": "USD", "grossProfit": "168453000", "totalRevenue": "363029000", "costOfRevenue": "194576000", "costofGoodsAndServicesSold": "194576000", "operatingIncome": "71305000", "sellingGeneralAndAdministrative": "62601000", "researchAndDevelopment": "0", "operatingExpenses": "96237000", "investmentIncomeNet": "None", "netInterestIncome": "None", "interestIncome": "None", "interestExpense": "37361000", "nonInterestIncome": "None", "otherNonOperatingIncome": "2326000", "depreciation": "None", "depreciationAndAmortization": "79525000", "incomeBeforeTax": "36270000", "incomeTaxExpense": "11125000", "interestAndDebtExpense": "None", "netIncomeFromContinuingOperations": "25145000", "comprehensiveIncomeNetOfTax": "None", "ebit": "72441000", "ebitda": "151966000", "netIncome": "25145000"}, {"fiscalDateEnding": "2010-12-31", "reportedCurrency": "USD", "grossProfit": "151685000", "totalRevenue": "345244000", "costOfRevenue": "193559000", "costofGoodsAndServicesSold": "193559000", "operatingIncome": "54476000", "sellingGeneralAndAdministrative": "64820000", "researchAndDevelopment": "0", "operatingExpenses": "96338000", "investmentIncomeNet": "None", "netInterestIncome": "None", "interestIncome": "None", "interestExpense": "38822000", "nonInterestIncome": "None", "otherNonOperatingIncome": "None", "depreciation": "None", "depreciationAndAmortization": "75439000", "incomeBeforeTax": "11003000", "incomeTaxExpense": "-2757000", "interestAndDebtExpense": "None", "netIncomeFromContinuingOperations": "0", "comprehensiveIncomeNetOfTax": "None", "ebit": "49825000", "ebitda": "125264000", "netIncome": "13760000"}, {"fiscalDateEnding": "2010-09-30", "reportedCurrency": "USD", "grossProfit": "144871000", "totalRevenue": "330347000", "costOfRevenue": "185476000", "costofGoodsAndServicesSold": "185476000", "operatingIncome": "52026000", "sellingGeneralAndAdministrative": "58640000", "researchAndDevelopment": "0", "operatingExpenses": "89845000", "investmentIncomeNet": "None", "netInterestIncome": "None", "interestIncome": "None", "interestExpense": "38363000", "nonInterestIncome": "None", "otherNonOperatingIncome": "1964000", "depreciation": "None", "depreciationAndAmortization": "74485000", "incomeBeforeTax": "15833000", "incomeTaxExpense": "4637000", "interestAndDebtExpense": "None", "netIncomeFromContinuingOperations": "11196000", "comprehensiveIncomeNetOfTax": "None", "ebit": "53009000", "ebitda": "127494000", "netIncome": "11196000"}, {"fiscalDateEnding": "2010-06-30", "reportedCurrency": "USD", "grossProfit": "133512000", "totalRevenue": "296094000", "costOfRevenue": "162582000", "costofGoodsAndServicesSold": "162582000", "operatingIncome": "40227000", "sellingGeneralAndAdministrative": "54166000", "researchAndDevelopment": "0", "operatingExpenses": "83079000", "investmentIncomeNet": "None", "netInterestIncome": "None", "interestIncome": "None", "interestExpense": "37615000", "nonInterestIncome": "None", "otherNonOperatingIncome": "-990000", "depreciation": "None", "depreciationAndAmortization": "63626000", "incomeBeforeTax": "168000", "incomeTaxExpense": "2442000", "interestAndDebtExpense": "None", "netIncomeFromContinuingOperations": "-2274000", "comprehensiveIncomeNetOfTax": "None", "ebit": "36907000", "ebitda": "100533000", "netIncome": "-2274000"}, {"fiscalDateEnding": "2010-03-31", "reportedCurrency": "USD", "grossProfit": "115599000", "totalRevenue": "248649000", "costOfRevenue": "133050000", "costofGoodsAndServicesSold": "133050000", "operatingIncome": "47982000", "sellingGeneralAndAdministrative": "43155000", "researchAndDevelopment": "0", "operatingExpenses": "62623000", "investmentIncomeNet": "None", "netInterestIncome": "None", "interestIncome": "None", "interestExpense": "25675000", "nonInterestIncome": "None", "otherNonOperatingIncome": "None", "depreciation": "None", "depreciationAndAmortization": "49322000", "incomeBeforeTax": "22876000", "incomeTaxExpense": "8677000", "interestAndDebtExpense": "None", "netIncomeFromContinuingOperations": "0", "comprehensiveIncomeNetOfTax": "None", "ebit": "47918000", "ebitda": "97240000", "netIncome": "14199000"}, {"fiscalDateEnding": "2009-12-31", "reportedCurrency": "USD", "grossProfit": "115478000", "totalRevenue": "242552000", "costOfRevenue": "127074000", "costofGoodsAndServicesSold": "127074000", "operatingIncome": "50786000", "sellingGeneralAndAdministrative": "43647000", "researchAndDevelopment": "0", "operatingExpenses": "60916000", "investmentIncomeNet": "None", "netInterestIncome": "None", "interestIncome": "None", "interestExpense": "22613000", "nonInterestIncome": "None", "otherNonOperatingIncome": "None", "depreciation": "None", "depreciationAndAmortization": "42472000", "incomeBeforeTax": "27417000", "incomeTaxExpense": "9695000", "interestAndDebtExpense": "None", "netIncomeFromContinuingOperations": "0", "comprehensiveIncomeNetOfTax": "None", "ebit": "50030000", "ebitda": "92502000", "netIncome": "17722000"}, {"fiscalDateEnding": "2009-09-30", "reportedCurrency": "USD", "grossProfit": "101551000", "totalRevenue": "227558000", "costOfRevenue": "126007000", "costofGoodsAndServicesSold": "126007000", "operatingIncome": "45558000", "sellingGeneralAndAdministrative": "39071000", "researchAndDevelopment": "0", "operatingExpenses": "54614000", "investmentIncomeNet": "None", "netInterestIncome": "None", "interestIncome": "None", "interestExpense": "22256000", "nonInterestIncome": "None", "otherNonOperatingIncome": "None", "depreciation": "None", "depreciationAndAmortization": "45066000", "incomeBeforeTax": "26139000", "incomeTaxExpense": "7327000", "interestAndDebtExpense": "None", "netIncomeFromContinuingOperations": "0", "comprehensiveIncomeNetOfTax": "None", "ebit": "47820000", "ebitda": "92886000", "netIncome": "18812000"}, {"fiscalDateEnding": "2009-06-30", "reportedCurrency": "USD", "grossProfit": "94634000", "totalRevenue": "213168000", "costOfRevenue": "118534000", "costofGoodsAndServicesSold": "118534000", "operatingIncome": "41029000", "sellingGeneralAndAdministrative": "37456000", "researchAndDevelopment": "0", "operatingExpenses": "53825000", "investmentIncomeNet": "None", "netInterestIncome": "None", "interestIncome": "None", "interestExpense": "15912000", "nonInterestIncome": "None", "otherNonOperatingIncome": "None", "depreciation": "None", "depreciationAndAmortization": "44891000", "incomeBeforeTax": "28407000", "incomeTaxExpense": "10967000", "interestAndDebtExpense": "None", "netIncomeFromContinuingOperations": "0", "comprehensiveIncomeNetOfTax": "None", "ebit": "44319000", "ebitda": "89210000", "netIncome": "17440000"}, {"fiscalDateEnding": "2009-03-31", "reportedCurrency": "USD", "grossProfit": "87426000", "totalRevenue": "199231000", "costOfRevenue": "111805000", "costofGoodsAndServicesSold": "111805000", "operatingIncome": "43706000", "sellingGeneralAndAdministrative": "35150000", "researchAndDevelopment": "0", "operatingExpenses": "49553000", "investmentIncomeNet": "None", "netInterestIncome": "None", "interestIncome": "None", "interestExpense": "13451000", "nonInterestIncome": "None", "otherNonOperatingIncome": "None", "depreciation": "None", "depreciationAndAmortization": "41676000", "incomeBeforeTax": "27065000", "incomeTaxExpense": "11608000", "interestAndDebtExpense": "None", "netIncomeFromContinuingOperations": "0", "comprehensiveIncomeNetOfTax": "None", "ebit": "40516000", "ebitda": "82192000", "netIncome": "15457000"}, {"fiscalDateEnding": "2008-12-31", "reportedCurrency": "USD", "grossProfit": "82381000", "totalRevenue": "190683000", "costOfRevenue": "108302000", "costofGoodsAndServicesSold": "108302000", "operatingIncome": "24561000", "sellingGeneralAndAdministrative": "55477000", "researchAndDevelopment": "0", "operatingExpenses": "55477000", "investmentIncomeNet": "None", "netInterestIncome": "None", "interestIncome": "None", "interestExpense": "55041000", "nonInterestIncome": "None", "otherNonOperatingIncome": "None", "depreciation": "None", "depreciationAndAmortization": "39808000", "incomeBeforeTax": "11642000", "incomeTaxExpense": "-104857000", "interestAndDebtExpense": "None", "netIncomeFromContinuingOperations": "0", "comprehensiveIncomeNetOfTax": "None", "ebit": "32482000", "ebitda": "72290000", "netIncome": "116499000"}, {"fiscalDateEnding": "2008-09-30", "reportedCurrency": "USD", "grossProfit": "73872000", "totalRevenue": "183735000", "costOfRevenue": "109863000", "costofGoodsAndServicesSold": "109863000", "operatingIncome": "21535000", "sellingGeneralAndAdministrative": "51538000", "researchAndDevelopment": "0", "operatingExpenses": "51538000", "investmentIncomeNet": "None", "netInterestIncome": "None", "interestIncome": "None", "interestExpense": "15671000", "nonInterestIncome": "None", "otherNonOperatingIncome": "None", "depreciation": "None", "depreciationAndAmortization": "42765000", "incomeBeforeTax": "7576000", "incomeTaxExpense": "187000", "interestAndDebtExpense": "None", "netIncomeFromContinuingOperations": "0", "comprehensiveIncomeNetOfTax": "None", "ebit": "20284000", "ebitda": "63049000", "netIncome": "7389000"}, {"fiscalDateEnding": "2008-06-30", "reportedCurrency": "USD", "grossProfit": "70036000", "totalRevenue": "172044000", "costOfRevenue": "102008000", "costofGoodsAndServicesSold": "102008000", "operatingIncome": "13301000", "sellingGeneralAndAdministrative": "56735000", "researchAndDevelopment": "0", "operatingExpenses": "56735000", "investmentIncomeNet": "None", "netInterestIncome": "None", "interestIncome": "None", "interestExpense": "14313000", "nonInterestIncome": "None", "otherNonOperatingIncome": "None", "depreciation": "None", "depreciationAndAmortization": "39472000", "incomeBeforeTax": "1971000", "incomeTaxExpense": "-258000", "interestAndDebtExpense": "None", "netIncomeFromContinuingOperations": "0", "comprehensiveIncomeNetOfTax": "None", "ebit": "13616000", "ebitda": "53088000", "netIncome": "2229000"}, {"fiscalDateEnding": "2008-03-31", "reportedCurrency": "USD", "grossProfit": "63732000", "totalRevenue": "158218000", "costOfRevenue": "94486000", "costofGoodsAndServicesSold": "94486000", "operatingIncome": "14005000", "sellingGeneralAndAdministrative": "49727000", "researchAndDevelopment": "0", "operatingExpenses": "49727000", "investmentIncomeNet": "None", "netInterestIncome": "None", "interestIncome": "None", "interestExpense": "15195000", "nonInterestIncome": "None", "otherNonOperatingIncome": "None", "depreciation": "None", "depreciationAndAmortization": "36862000", "incomeBeforeTax": "5892000", "incomeTaxExpense": "471000", "interestAndDebtExpense": "None", "netIncomeFromContinuingOperations": "0", "comprehensiveIncomeNetOfTax": "None", "ebit": "18083000", "ebitda": "54945000", "netIncome": "5421000"}, {"fiscalDateEnding": "2007-12-31", "reportedCurrency": "USD", "grossProfit": "46234000", "totalRevenue": "138714000", "costOfRevenue": "92480000", "costofGoodsAndServicesSold": "92480000", "operatingIncome": "783000", "sellingGeneralAndAdministrative": "46789000", "researchAndDevelopment": "0", "operatingExpenses": "45451000", "investmentIncomeNet": "None", "netInterestIncome": "None", "interestIncome": "None", "interestExpense": "27334000", "nonInterestIncome": "None", "otherNonOperatingIncome": "None", "depreciation": "None", "depreciationAndAmortization": "36138000", "incomeBeforeTax": "-6366000", "incomeTaxExpense": "-293000", "interestAndDebtExpense": "None", "netIncomeFromContinuingOperations": "0", "comprehensiveIncomeNetOfTax": "None", "ebit": "783000", "ebitda": "36921000", "netIncome": "-6073000"}, {"fiscalDateEnding": "2007-09-30", "reportedCurrency": "USD", "grossProfit": "40891000", "totalRevenue": "103782000", "costOfRevenue": "62891000", "costofGoodsAndServicesSold": "62891000", "operatingIncome": "6079000", "sellingGeneralAndAdministrative": "34812000", "researchAndDevelopment": "0", "operatingExpenses": "34812000", "investmentIncomeNet": "None", "netInterestIncome": "None", "interestIncome": "None", "interestExpense": "5662000", "nonInterestIncome": "None", "otherNonOperatingIncome": "None", "depreciation": "None", "depreciationAndAmortization": "24133000", "incomeBeforeTax": "4339000", "incomeTaxExpense": "215000", "interestAndDebtExpense": "None", "netIncomeFromContinuingOperations": "0", "comprehensiveIncomeNetOfTax": "None", "ebit": "-18054000", "ebitda": "6079000", "netIncome": "4124000"}, {"fiscalDateEnding": "2007-06-30", "reportedCurrency": "USD", "grossProfit": "36228000", "totalRevenue": "91837000", "costOfRevenue": "55609000", "costofGoodsAndServicesSold": "55609000", "operatingIncome": "2447000", "sellingGeneralAndAdministrative": "33374000", "researchAndDevelopment": "0", "operatingExpenses": "33374000", "investmentIncomeNet": "None", "netInterestIncome": "None", "interestIncome": "None", "interestExpense": "6115000", "nonInterestIncome": "None", "otherNonOperatingIncome": "None", "depreciation": "None", "depreciationAndAmortization": "22405000", "incomeBeforeTax": "1414000", "incomeTaxExpense": "197000", "interestAndDebtExpense": "None", "netIncomeFromContinuingOperations": "0", "comprehensiveIncomeNetOfTax": "None", "ebit": "2854000", "ebitda": "25259000", "netIncome": "1217000"}, {"fiscalDateEnding": "2007-03-31", "reportedCurrency": "USD", "grossProfit": "32344000", "totalRevenue": "85109000", "costOfRevenue": "52765000", "costofGoodsAndServicesSold": "52765000", "operatingIncome": "806000", "sellingGeneralAndAdministrative": "31538000", "researchAndDevelopment": "0", "operatingExpenses": "31538000", "investmentIncomeNet": "None", "netInterestIncome": "None", "interestIncome": "None", "interestExpense": "3462000", "nonInterestIncome": "None", "otherNonOperatingIncome": "None", "depreciation": "None", "depreciationAndAmortization": "20631000", "incomeBeforeTax": "-4102000", "incomeTaxExpense": "354000", "interestAndDebtExpense": "None", "netIncomeFromContinuingOperations": "0", "comprehensiveIncomeNetOfTax": "None", "ebit": "-19825000", "ebitda": "806000", "netIncome": "-4456000"}, {"fiscalDateEnding": "2006-12-31", "reportedCurrency": "USD", "grossProfit": "29438000", "totalRevenue": "79772000", "costOfRevenue": "50334000", "costofGoodsAndServicesSold": "50334000", "operatingIncome": "11009000", "sellingGeneralAndAdministrative": "28076000", "researchAndDevelopment": "0", "operatingExpenses": "18429000", "investmentIncomeNet": "None", "netInterestIncome": "None", "interestIncome": "None", "interestExpense": "14875000", "nonInterestIncome": "None", "otherNonOperatingIncome": "None", "depreciation": "None", "depreciationAndAmortization": "19745000", "incomeBeforeTax": "8680000", "incomeTaxExpense": "-431000", "interestAndDebtExpense": "None", "netIncomeFromContinuingOperations": "0", "comprehensiveIncomeNetOfTax": "None", "ebit": "11009000", "ebitda": "30754000", "netIncome": "9111000"}, {"fiscalDateEnding": "2006-09-30", "reportedCurrency": "USD", "grossProfit": "24589000", "totalRevenue": "73726000", "costOfRevenue": "49137000", "costofGoodsAndServicesSold": "49137000", "operatingIncome": "-3071000", "sellingGeneralAndAdministrative": "26133000", "researchAndDevelopment": "0", "operatingExpenses": "26133000", "investmentIncomeNet": "None", "netInterestIncome": "None", "interestIncome": "None", "interestExpense": "3551000", "nonInterestIncome": "None", "otherNonOperatingIncome": "None", "depreciation": "None", "depreciationAndAmortization": "2036000", "incomeBeforeTax": "-4898000", "incomeTaxExpense": "270000", "interestAndDebtExpense": "None", "netIncomeFromContinuingOperations": "0", "comprehensiveIncomeNetOfTax": "None", "ebit": "-5107000", "ebitda": "-3071000", "netIncome": "-5168000"}, {"fiscalDateEnding": "2006-06-30", "reportedCurrency": "USD", "grossProfit": "22985000", "totalRevenue": "68548000", "costOfRevenue": "45563000", "costofGoodsAndServicesSold": "45563000", "operatingIncome": "-3220000", "sellingGeneralAndAdministrative": "26205000", "researchAndDevelopment": "0", "operatingExpenses": "26205000", "investmentIncomeNet": "None", "netInterestIncome": "None", "interestIncome": "None", "interestExpense": "3565000", "nonInterestIncome": "None", "otherNonOperatingIncome": "None", "depreciation": "None", "depreciationAndAmortization": "34085000", "incomeBeforeTax": "-5055000", "incomeTaxExpense": "215000", "interestAndDebtExpense": "None", "netIncomeFromContinuingOperations": "0", "comprehensiveIncomeNetOfTax": "None", "ebit": "-3220000", "ebitda": "30865000", "netIncome": "-5270000"}, {"fiscalDateEnding": "2006-03-31", "reportedCurrency": "USD", "grossProfit": "21524000", "totalRevenue": "64869000", "costOfRevenue": "43345000", "costofGoodsAndServicesSold": "43345000", "operatingIncome": "-2804000", "sellingGeneralAndAdministrative": "24328000", "researchAndDevelopment": "0", "operatingExpenses": "24328000", "investmentIncomeNet": "None", "netInterestIncome": "None", "interestIncome": "None", "interestExpense": "3868000", "nonInterestIncome": "None", "otherNonOperatingIncome": "None", "depreciation": "None", "depreciationAndAmortization": "16912000", "incomeBeforeTax": "-5061000", "incomeTaxExpense": "385000", "interestAndDebtExpense": "None", "netIncomeFromContinuingOperations": "0", "comprehensiveIncomeNetOfTax": "None", "ebit": "-2804000", "ebitda": "14108000", "netIncome": "-5070000"}, {"fiscalDateEnding": "2005-12-31", "reportedCurrency": "USD", "grossProfit": "20083000", "totalRevenue": "61798000", "costOfRevenue": "41715000", "costofGoodsAndServicesSold": "41715000", "operatingIncome": "-31006000", "sellingGeneralAndAdministrative": "17275000", "researchAndDevelopment": "0", "operatingExpenses": "17275000", "investmentIncomeNet": "None", "netInterestIncome": "None", "interestIncome": "None", "interestExpense": "8880000", "nonInterestIncome": "None", "otherNonOperatingIncome": "None", "depreciation": "None", "depreciationAndAmortization": "21929000", "incomeBeforeTax": "-32614000", "incomeTaxExpense": "-10000", "interestAndDebtExpense": "None", "netIncomeFromContinuingOperations": "0", "comprehensiveIncomeNetOfTax": "None", "ebit": "2808000", "ebitda": "24737000", "netIncome": "-32604000"}, {"fiscalDateEnding": "2005-09-30", "reportedCurrency": "USD", "grossProfit": "17141000", "totalRevenue": "58096000", "costOfRevenue": "40955000", "costofGoodsAndServicesSold": "40955000", "operatingIncome": "234000", "sellingGeneralAndAdministrative": "16907000", "researchAndDevelopment": "0", "operatingExpenses": "16907000", "investmentIncomeNet": "None", "netInterestIncome": "None", "interestIncome": "None", "interestExpense": "1928000", "nonInterestIncome": "None", "otherNonOperatingIncome": "None", "depreciation": "None", "depreciationAndAmortization": "17334000", "incomeBeforeTax": "-619000", "incomeTaxExpense": "164000", "interestAndDebtExpense": "None", "netIncomeFromContinuingOperations": "0", "comprehensiveIncomeNetOfTax": "None", "ebit": "-17100000", "ebitda": "234000", "netIncome": "-783000"}, {"fiscalDateEnding": "2005-06-30", "reportedCurrency": "USD", "grossProfit": "13668000", "totalRevenue": "52479000", "costOfRevenue": "38811000", "costofGoodsAndServicesSold": "38811000", "operatingIncome": "-2504000", "sellingGeneralAndAdministrative": "16172000", "researchAndDevelopment": "0", "operatingExpenses": "16172000", "investmentIncomeNet": "None", "netInterestIncome": "None", "interestIncome": "None", "interestExpense": "1945000", "nonInterestIncome": "None", "otherNonOperatingIncome": "None", "depreciation": "None", "depreciationAndAmortization": "18210000", "incomeBeforeTax": "-3547000", "incomeTaxExpense": "-116000", "interestAndDebtExpense": "None", "netIncomeFromContinuingOperations": "0", "comprehensiveIncomeNetOfTax": "None", "ebit": "-2504000", "ebitda": "15706000", "netIncome": "-3431000"}, {"fiscalDateEnding": "2005-03-31", "reportedCurrency": "USD", "grossProfit": "11811000", "totalRevenue": "48684000", "costOfRevenue": "36873000", "costofGoodsAndServicesSold": "36873000", "operatingIncome": "-3497000", "sellingGeneralAndAdministrative": "15308000", "researchAndDevelopment": "0", "operatingExpenses": "15308000", "investmentIncomeNet": "None", "netInterestIncome": "None", "interestIncome": "None", "interestExpense": "2459000", "nonInterestIncome": "None", "otherNonOperatingIncome": "None", "depreciation": "None", "depreciationAndAmortization": "17491000", "incomeBeforeTax": "-5289000", "incomeTaxExpense": "505000", "interestAndDebtExpense": "None", "netIncomeFromContinuingOperations": "0", "comprehensiveIncomeNetOfTax": "None", "ebit": "-3497000", "ebitda": "13994000", "netIncome": "-5794000"}, {"fiscalDateEnding": "2004-12-31", "reportedCurrency": "USD", "grossProfit": "10284000", "totalRevenue": "44989000", "costOfRevenue": "34705000", "costofGoodsAndServicesSold": "34705000", "operatingIncome": "-20457000", "sellingGeneralAndAdministrative": "13056000", "researchAndDevelopment": "0", "operatingExpenses": "13056000", "investmentIncomeNet": "None", "netInterestIncome": "None", "interestIncome": "None", "interestExpense": "11496000", "nonInterestIncome": "None", "otherNonOperatingIncome": "None", "depreciation": "None", "depreciationAndAmortization": "21277000", "incomeBeforeTax": "-22716000", "incomeTaxExpense": "-47000", "interestAndDebtExpense": "None", "netIncomeFromContinuingOperations": "0", "comprehensiveIncomeNetOfTax": "None", "ebit": "-2772000", "ebitda": "18505000", "netIncome": "-22669000"}]}