{"symbol": "TXN", "annualReports": [{"fiscalDateEnding": "2024-12-31", "reportedCurrency": "USD", "grossProfit": "9094000000", "totalRevenue": "15641000000", "costOfRevenue": "6547000000", "costofGoodsAndServicesSold": "6547000000", "operatingIncome": "5465000000", "sellingGeneralAndAdministrative": "1794000000", "researchAndDevelopment": "1959000000", "operatingExpenses": "3629000000", "investmentIncomeNet": "None", "netInterestIncome": "-508000000", "interestIncome": "None", "interestExpense": "508000000", "nonInterestIncome": "None", "otherNonOperatingIncome": "None", "depreciation": "None", "depreciationAndAmortization": "1580000000", "incomeBeforeTax": "5453000000", "incomeTaxExpense": "654000000", "interestAndDebtExpense": "None", "netIncomeFromContinuingOperations": "4799000000", "comprehensiveIncomeNetOfTax": "None", "ebit": "5961000000", "ebitda": "7541000000", "netIncome": "4799000000"}, {"fiscalDateEnding": "2023-12-31", "reportedCurrency": "USD", "grossProfit": "11019000000", "totalRevenue": "17519000000", "costOfRevenue": "6500000000", "costofGoodsAndServicesSold": "6500000000", "operatingIncome": "7331000000", "sellingGeneralAndAdministrative": "1825000000", "researchAndDevelopment": "1863000000", "operatingExpenses": "3688000000", "investmentIncomeNet": "None", "netInterestIncome": "-353000000", "interestIncome": "None", "interestExpense": "353000000", "nonInterestIncome": "None", "otherNonOperatingIncome": "None", "depreciation": "None", "depreciationAndAmortization": "1164000000", "incomeBeforeTax": "7418000000", "incomeTaxExpense": "908000000", "interestAndDebtExpense": "None", "netIncomeFromContinuingOperations": "7101000000", "comprehensiveIncomeNetOfTax": "None", "ebit": "7331000000", "ebitda": "8495000000", "netIncome": "6510000000"}, {"fiscalDateEnding": "2022-12-31", "reportedCurrency": "USD", "grossProfit": "13771000000", "totalRevenue": "20028000000", "costOfRevenue": "6257000000", "costofGoodsAndServicesSold": "6257000000", "operatingIncome": "10140000000", "sellingGeneralAndAdministrative": "1704000000", "researchAndDevelopment": "1670000000", "operatingExpenses": "3374000000", "investmentIncomeNet": "None", "netInterestIncome": "-214000000", "interestIncome": "None", "interestExpense": "214000000", "nonInterestIncome": "None", "otherNonOperatingIncome": "106000000", "depreciation": "None", "depreciationAndAmortization": "979000000", "incomeBeforeTax": "10032000000", "incomeTaxExpense": "1283000000", "interestAndDebtExpense": "None", "netIncomeFromContinuingOperations": "8749000000", "comprehensiveIncomeNetOfTax": "None", "ebit": "10246000000", "ebitda": "11225000000", "netIncome": "8749000000"}, {"fiscalDateEnding": "2021-12-31", "reportedCurrency": "USD", "grossProfit": "12376000000", "totalRevenue": "18344000000", "costOfRevenue": "5968000000", "costofGoodsAndServicesSold": "5968000000", "operatingIncome": "8960000000", "sellingGeneralAndAdministrative": "1666000000", "researchAndDevelopment": "1554000000", "operatingExpenses": "3220000000", "investmentIncomeNet": "None", "netInterestIncome": "-184000000", "interestIncome": "None", "interestExpense": "184000000", "nonInterestIncome": "None", "otherNonOperatingIncome": "143000000", "depreciation": "None", "depreciationAndAmortization": "954000000", "incomeBeforeTax": "8919000000", "incomeTaxExpense": "1150000000", "interestAndDebtExpense": "None", "netIncomeFromContinuingOperations": "7769000000", "comprehensiveIncomeNetOfTax": "None", "ebit": "9103000000", "ebitda": "10057000000", "netIncome": "7769000000"}, {"fiscalDateEnding": "2020-12-31", "reportedCurrency": "USD", "grossProfit": "9269000000", "totalRevenue": "14461000000", "costOfRevenue": "5192000000", "costofGoodsAndServicesSold": "5192000000", "operatingIncome": "5894000000", "sellingGeneralAndAdministrative": "1623000000", "researchAndDevelopment": "1530000000", "operatingExpenses": "3153000000", "investmentIncomeNet": "None", "netInterestIncome": "-190000000", "interestIncome": "None", "interestExpense": "190000000", "nonInterestIncome": "None", "otherNonOperatingIncome": "313000000", "depreciation": "None", "depreciationAndAmortization": "992000000", "incomeBeforeTax": "6017000000", "incomeTaxExpense": "422000000", "interestAndDebtExpense": "None", "netIncomeFromContinuingOperations": "5595000000", "comprehensiveIncomeNetOfTax": "None", "ebit": "6207000000", "ebitda": "7199000000", "netIncome": "5595000000"}, {"fiscalDateEnding": "2019-12-31", "reportedCurrency": "USD", "grossProfit": "9164000000", "totalRevenue": "14383000000", "costOfRevenue": "5219000000", "costofGoodsAndServicesSold": "5219000000", "operatingIncome": "5723000000", "sellingGeneralAndAdministrative": "1645000000", "researchAndDevelopment": "1544000000", "operatingExpenses": "3189000000", "investmentIncomeNet": "None", "netInterestIncome": "-170000000", "interestIncome": "170000000", "interestExpense": "170000000", "nonInterestIncome": "None", "otherNonOperatingIncome": "175000000", "depreciation": "None", "depreciationAndAmortization": "1050000000", "incomeBeforeTax": "5728000000", "incomeTaxExpense": "711000000", "interestAndDebtExpense": "None", "netIncomeFromContinuingOperations": "5017000000", "comprehensiveIncomeNetOfTax": "None", "ebit": "5898000000", "ebitda": "6948000000", "netIncome": "5017000000"}, {"fiscalDateEnding": "2018-12-31", "reportedCurrency": "USD", "grossProfit": "10277000000", "totalRevenue": "15784000000", "costOfRevenue": "5507000000", "costofGoodsAndServicesSold": "5507000000", "operatingIncome": "6713000000", "sellingGeneralAndAdministrative": "1684000000", "researchAndDevelopment": "1559000000", "operatingExpenses": "3243000000", "investmentIncomeNet": "None", "netInterestIncome": "-125000000", "interestIncome": "125000000", "interestExpense": "125000000", "nonInterestIncome": "None", "otherNonOperatingIncome": "98000000", "depreciation": "None", "depreciationAndAmortization": "954000000", "incomeBeforeTax": "6686000000", "incomeTaxExpense": "1106000000", "interestAndDebtExpense": "None", "netIncomeFromContinuingOperations": "5580000000", "comprehensiveIncomeNetOfTax": "None", "ebit": "6811000000", "ebitda": "7765000000", "netIncome": "5580000000"}, {"fiscalDateEnding": "2017-12-31", "reportedCurrency": "USD", "grossProfit": "9614000000", "totalRevenue": "14961000000", "costOfRevenue": "5347000000", "costofGoodsAndServicesSold": "5347000000", "operatingIncome": "6083000000", "sellingGeneralAndAdministrative": "1694000000", "researchAndDevelopment": "1508000000", "operatingExpenses": "3202000000", "investmentIncomeNet": "None", "netInterestIncome": "-78000000", "interestIncome": "78000000", "interestExpense": "78000000", "nonInterestIncome": "None", "otherNonOperatingIncome": "75000000", "depreciation": "None", "depreciationAndAmortization": "904000000", "incomeBeforeTax": "6080000000", "incomeTaxExpense": "2398000000", "interestAndDebtExpense": "None", "netIncomeFromContinuingOperations": "3682000000", "comprehensiveIncomeNetOfTax": "None", "ebit": "6158000000", "ebitda": "7062000000", "netIncome": "3682000000"}, {"fiscalDateEnding": "2016-12-31", "reportedCurrency": "USD", "grossProfit": "8240000000", "totalRevenue": "13370000000", "costOfRevenue": "5130000000", "costofGoodsAndServicesSold": "5130000000", "operatingIncome": "4799000000", "sellingGeneralAndAdministrative": "1767000000", "researchAndDevelopment": "1370000000", "operatingExpenses": "3137000000", "investmentIncomeNet": "None", "netInterestIncome": "-58000000", "interestIncome": "8000000", "interestExpense": "80000000", "nonInterestIncome": "None", "otherNonOperatingIncome": "211000000", "depreciation": "None", "depreciationAndAmortization": "955000000", "incomeBeforeTax": "4930000000", "incomeTaxExpense": "1335000000", "interestAndDebtExpense": "None", "netIncomeFromContinuingOperations": "3595000000", "comprehensiveIncomeNetOfTax": "None", "ebit": "5010000000", "ebitda": "5965000000", "netIncome": "3595000000"}, {"fiscalDateEnding": "2015-12-31", "reportedCurrency": "USD", "grossProfit": "7560000000", "totalRevenue": "13000000000", "costOfRevenue": "5440000000", "costofGoodsAndServicesSold": "5440000000", "operatingIncome": "4274000000", "sellingGeneralAndAdministrative": "1748000000", "researchAndDevelopment": "1280000000", "operatingExpenses": "3028000000", "investmentIncomeNet": "None", "netInterestIncome": "None", "interestIncome": "90000000", "interestExpense": "90000000", "nonInterestIncome": "None", "otherNonOperatingIncome": "32000000", "depreciation": "None", "depreciationAndAmortization": "1133000000", "incomeBeforeTax": "4216000000", "incomeTaxExpense": "1230000000", "interestAndDebtExpense": "None", "netIncomeFromContinuingOperations": "2986000000", "comprehensiveIncomeNetOfTax": "None", "ebit": "4306000000", "ebitda": "5439000000", "netIncome": "2986000000"}, {"fiscalDateEnding": "2014-12-31", "reportedCurrency": "USD", "grossProfit": "7427000000", "totalRevenue": "13045000000", "costOfRevenue": "5618000000", "costofGoodsAndServicesSold": "5618000000", "operatingIncome": "3947000000", "sellingGeneralAndAdministrative": "1843000000", "researchAndDevelopment": "1358000000", "operatingExpenses": "3201000000", "investmentIncomeNet": "None", "netInterestIncome": "None", "interestIncome": "None", "interestExpense": "94000000", "nonInterestIncome": "None", "otherNonOperatingIncome": "21000000", "depreciation": "None", "depreciationAndAmortization": "1230000000", "incomeBeforeTax": "3874000000", "incomeTaxExpense": "1053000000", "interestAndDebtExpense": "None", "netIncomeFromContinuingOperations": "2821000000", "comprehensiveIncomeNetOfTax": "None", "ebit": "3968000000", "ebitda": "5198000000", "netIncome": "2821000000"}, {"fiscalDateEnding": "2013-12-31", "reportedCurrency": "USD", "grossProfit": "6364000000", "totalRevenue": "12205000000", "costOfRevenue": "5841000000", "costofGoodsAndServicesSold": "5841000000", "operatingIncome": "2832000000", "sellingGeneralAndAdministrative": "1858000000", "researchAndDevelopment": "1522000000", "operatingExpenses": "3380000000", "investmentIncomeNet": "None", "netInterestIncome": "None", "interestIncome": "None", "interestExpense": "95000000", "nonInterestIncome": "None", "otherNonOperatingIncome": "17000000", "depreciation": "None", "depreciationAndAmortization": "1215000000", "incomeBeforeTax": "2754000000", "incomeTaxExpense": "592000000", "interestAndDebtExpense": "None", "netIncomeFromContinuingOperations": "2162000000", "comprehensiveIncomeNetOfTax": "None", "ebit": "2933000000", "ebitda": "4148000000", "netIncome": "2162000000"}, {"fiscalDateEnding": "2012-12-31", "reportedCurrency": "USD", "grossProfit": "6368000000", "totalRevenue": "12825000000", "costOfRevenue": "6457000000", "costofGoodsAndServicesSold": "6457000000", "operatingIncome": "1973000000", "sellingGeneralAndAdministrative": "1804000000", "researchAndDevelopment": "1877000000", "operatingExpenses": "3681000000", "investmentIncomeNet": "None", "netInterestIncome": "None", "interestIncome": "None", "interestExpense": "85000000", "nonInterestIncome": "None", "otherNonOperatingIncome": "47000000", "depreciation": "None", "depreciationAndAmortization": "1299000000", "incomeBeforeTax": "1935000000", "incomeTaxExpense": "176000000", "interestAndDebtExpense": "None", "netIncomeFromContinuingOperations": "1759000000", "comprehensiveIncomeNetOfTax": "None", "ebit": "2734000000", "ebitda": "4033000000", "netIncome": "1759000000"}, {"fiscalDateEnding": "2011-12-31", "reportedCurrency": "USD", "grossProfit": "6772000000", "totalRevenue": "13735000000", "costOfRevenue": "6963000000", "costofGoodsAndServicesSold": "6963000000", "operatingIncome": "2992000000", "sellingGeneralAndAdministrative": "1638000000", "researchAndDevelopment": "1715000000", "operatingExpenses": "3353000000", "investmentIncomeNet": "None", "netInterestIncome": "None", "interestIncome": "None", "interestExpense": "42000000", "nonInterestIncome": "None", "otherNonOperatingIncome": "5000000", "depreciation": "None", "depreciationAndAmortization": "1015000000", "incomeBeforeTax": "2955000000", "incomeTaxExpense": "719000000", "interestAndDebtExpense": "None", "netIncomeFromContinuingOperations": "2236000000", "comprehensiveIncomeNetOfTax": "None", "ebit": "2997000000", "ebitda": "4012000000", "netIncome": "2236000000"}, {"fiscalDateEnding": "2010-12-31", "reportedCurrency": "USD", "grossProfit": "7492000000", "totalRevenue": "13966000000", "costOfRevenue": "6474000000", "costofGoodsAndServicesSold": "6474000000", "operatingIncome": "4514000000", "sellingGeneralAndAdministrative": "1519000000", "researchAndDevelopment": "1570000000", "operatingExpenses": "2945000000", "investmentIncomeNet": "None", "netInterestIncome": "None", "interestIncome": "None", "interestExpense": "13000000", "nonInterestIncome": "None", "otherNonOperatingIncome": "37000000", "depreciation": "None", "depreciationAndAmortization": "913000000", "incomeBeforeTax": "4551000000", "incomeTaxExpense": "1323000000", "interestAndDebtExpense": "None", "netIncomeFromContinuingOperations": "3228000000", "comprehensiveIncomeNetOfTax": "None", "ebit": "4551000000", "ebitda": "5464000000", "netIncome": "3228000000"}, {"fiscalDateEnding": "2009-12-31", "reportedCurrency": "USD", "grossProfit": "4999000000", "totalRevenue": "10427000000", "costOfRevenue": "5428000000", "costofGoodsAndServicesSold": "5428000000", "operatingIncome": "1991000000", "sellingGeneralAndAdministrative": "1320000000", "researchAndDevelopment": "1476000000", "operatingExpenses": "2796000000", "investmentIncomeNet": "None", "netInterestIncome": "None", "interestIncome": "None", "interestExpense": "24000000", "nonInterestIncome": "None", "otherNonOperatingIncome": "26000000", "depreciation": "None", "depreciationAndAmortization": "925000000", "incomeBeforeTax": "2017000000", "incomeTaxExpense": "547000000", "interestAndDebtExpense": "None", "netIncomeFromContinuingOperations": "1470000000", "comprehensiveIncomeNetOfTax": "None", "ebit": "2017000000", "ebitda": "2942000000", "netIncome": "1470000000"}, {"fiscalDateEnding": "2008-12-31", "reportedCurrency": "USD", "grossProfit": "6245000000", "totalRevenue": "12501000000", "costOfRevenue": "6256000000", "costofGoodsAndServicesSold": "6256000000", "operatingIncome": "2437000000", "sellingGeneralAndAdministrative": "1614000000", "researchAndDevelopment": "1940000000", "operatingExpenses": "3554000000", "investmentIncomeNet": "None", "netInterestIncome": "None", "interestIncome": "None", "interestExpense": "76000000", "nonInterestIncome": "None", "otherNonOperatingIncome": "None", "depreciation": "None", "depreciationAndAmortization": "1059000000", "incomeBeforeTax": "2481000000", "incomeTaxExpense": "561000000", "interestAndDebtExpense": "None", "netIncomeFromContinuingOperations": "None", "comprehensiveIncomeNetOfTax": "None", "ebit": "2691000000", "ebitda": "3750000000", "netIncome": "1920000000"}, {"fiscalDateEnding": "2007-12-31", "reportedCurrency": "USD", "grossProfit": "7333000000", "totalRevenue": "13835000000", "costOfRevenue": "6502000000", "costofGoodsAndServicesSold": "6502000000", "operatingIncome": "3497000000", "sellingGeneralAndAdministrative": "1681000000", "researchAndDevelopment": "2155000000", "operatingExpenses": "3836000000", "investmentIncomeNet": "None", "netInterestIncome": "None", "interestIncome": "None", "interestExpense": "0", "nonInterestIncome": "None", "otherNonOperatingIncome": "None", "depreciation": "None", "depreciationAndAmortization": "1070000000", "incomeBeforeTax": "3692000000", "incomeTaxExpense": "1051000000", "interestAndDebtExpense": "None", "netIncomeFromContinuingOperations": "None", "comprehensiveIncomeNetOfTax": "None", "ebit": "3497000000", "ebitda": "4567000000", "netIncome": "2657000000"}, {"fiscalDateEnding": "2006-12-31", "reportedCurrency": "USD", "grossProfit": "7259000000", "totalRevenue": "14255000000", "costOfRevenue": "6996000000", "costofGoodsAndServicesSold": "6996000000", "operatingIncome": "3367000000", "sellingGeneralAndAdministrative": "1697000000", "researchAndDevelopment": "2195000000", "operatingExpenses": "3892000000", "investmentIncomeNet": "None", "netInterestIncome": "None", "interestIncome": "None", "interestExpense": "0", "nonInterestIncome": "None", "otherNonOperatingIncome": "None", "depreciation": "None", "depreciationAndAmortization": "1221000000", "incomeBeforeTax": "3625000000", "incomeTaxExpense": "987000000", "interestAndDebtExpense": "None", "netIncomeFromContinuingOperations": "None", "comprehensiveIncomeNetOfTax": "None", "ebit": "3367000000", "ebitda": "4588000000", "netIncome": "4341000000"}, {"fiscalDateEnding": "2005-12-31", "reportedCurrency": "USD", "grossProfit": "6363000000", "totalRevenue": "13392000000", "costOfRevenue": "7029000000", "costofGoodsAndServicesSold": "7029000000", "operatingIncome": "2791000000", "sellingGeneralAndAdministrative": "1557000000", "researchAndDevelopment": "2015000000", "operatingExpenses": "3572000000", "investmentIncomeNet": "None", "netInterestIncome": "None", "interestIncome": "None", "interestExpense": "0", "nonInterestIncome": "None", "otherNonOperatingIncome": "None", "depreciation": "None", "depreciationAndAmortization": "1558000000", "incomeBeforeTax": "2988000000", "incomeTaxExpense": "664000000", "interestAndDebtExpense": "None", "netIncomeFromContinuingOperations": "None", "comprehensiveIncomeNetOfTax": "None", "ebit": "2528000000", "ebitda": "4086000000", "netIncome": "2324000000"}], "quarterlyReports": [{"fiscalDateEnding": "2024-12-31", "reportedCurrency": "USD", "grossProfit": "2314000000", "totalRevenue": "4007000000", "costOfRevenue": "1693000000", "costofGoodsAndServicesSold": "1693000000", "operatingIncome": "1377000000", "sellingGeneralAndAdministrative": "446000000", "researchAndDevelopment": "491000000", "operatingExpenses": "937000000", "investmentIncomeNet": "None", "netInterestIncome": "-130000000", "interestIncome": "None", "interestExpense": "130000000", "nonInterestIncome": "None", "otherNonOperatingIncome": "None", "depreciation": "None", "depreciationAndAmortization": "435000000", "incomeBeforeTax": "1359000000", "incomeTaxExpense": "154000000", "interestAndDebtExpense": "None", "netIncomeFromContinuingOperations": "1205000000", "comprehensiveIncomeNetOfTax": "None", "ebit": "1489000000", "ebitda": "1924000000", "netIncome": "1205000000"}, {"fiscalDateEnding": "2024-09-30", "reportedCurrency": "USD", "grossProfit": "2474000000", "totalRevenue": "4151000000", "costOfRevenue": "1677000000", "costofGoodsAndServicesSold": "1677000000", "operatingIncome": "1554000000", "sellingGeneralAndAdministrative": "428000000", "researchAndDevelopment": "492000000", "operatingExpenses": "920000000", "investmentIncomeNet": "None", "netInterestIncome": "-131000000", "interestIncome": "None", "interestExpense": "131000000", "nonInterestIncome": "None", "otherNonOperatingIncome": "None", "depreciation": "None", "depreciationAndAmortization": "402000000", "incomeBeforeTax": "1554000000", "incomeTaxExpense": "192000000", "interestAndDebtExpense": "None", "netIncomeFromContinuingOperations": "1362000000", "comprehensiveIncomeNetOfTax": "None", "ebit": "1685000000", "ebitda": "2087000000", "netIncome": "1362000000"}, {"fiscalDateEnding": "2024-06-30", "reportedCurrency": "USD", "grossProfit": "2211000000", "totalRevenue": "3822000000", "costOfRevenue": "1611000000", "costofGoodsAndServicesSold": "1611000000", "operatingIncome": "1248000000", "sellingGeneralAndAdministrative": "465000000", "researchAndDevelopment": "498000000", "operatingExpenses": "963000000", "investmentIncomeNet": "None", "netInterestIncome": "-131000000", "interestIncome": "None", "interestExpense": "131000000", "nonInterestIncome": "None", "otherNonOperatingIncome": "None", "depreciation": "None", "depreciationAndAmortization": "381000000", "incomeBeforeTax": "1247000000", "incomeTaxExpense": "120000000", "interestAndDebtExpense": "None", "netIncomeFromContinuingOperations": "1127000000", "comprehensiveIncomeNetOfTax": "None", "ebit": "1378000000", "ebitda": "1759000000", "netIncome": "1127000000"}, {"fiscalDateEnding": "2024-03-31", "reportedCurrency": "USD", "grossProfit": "2095000000", "totalRevenue": "3661000000", "costOfRevenue": "1566000000", "costofGoodsAndServicesSold": "1566000000", "operatingIncome": "1162000000", "sellingGeneralAndAdministrative": "455000000", "researchAndDevelopment": "478000000", "operatingExpenses": "933000000", "investmentIncomeNet": "None", "netInterestIncome": "-116000000", "interestIncome": "None", "interestExpense": "116000000", "nonInterestIncome": "None", "otherNonOperatingIncome": "None", "depreciation": "None", "depreciationAndAmortization": "362000000", "incomeBeforeTax": "1293000000", "incomeTaxExpense": "188000000", "interestAndDebtExpense": "None", "netIncomeFromContinuingOperations": "1105000000", "comprehensiveIncomeNetOfTax": "None", "ebit": "1409000000", "ebitda": "1771000000", "netIncome": "1105000000"}, {"fiscalDateEnding": "2023-12-31", "reportedCurrency": "USD", "grossProfit": "2431000000", "totalRevenue": "4077000000", "costOfRevenue": "1646000000", "costofGoodsAndServicesSold": "1646000000", "operatingIncome": "1533000000", "sellingGeneralAndAdministrative": "438000000", "researchAndDevelopment": "460000000", "operatingExpenses": "898000000", "investmentIncomeNet": "None", "netInterestIncome": "-98000000", "interestIncome": "None", "interestExpense": "98000000", "nonInterestIncome": "None", "otherNonOperatingIncome": "None", "depreciation": "None", "depreciationAndAmortization": "337000000", "incomeBeforeTax": "1548000000", "incomeTaxExpense": "177000000", "interestAndDebtExpense": "None", "netIncomeFromContinuingOperations": "1371000000", "comprehensiveIncomeNetOfTax": "None", "ebit": "1646000000", "ebitda": "1983000000", "netIncome": "1371000000"}, {"fiscalDateEnding": "2023-09-30", "reportedCurrency": "USD", "grossProfit": "2815000000", "totalRevenue": "4532000000", "costOfRevenue": "1717000000", "costofGoodsAndServicesSold": "1717000000", "operatingIncome": "1892000000", "sellingGeneralAndAdministrative": "452000000", "researchAndDevelopment": "471000000", "operatingExpenses": "923000000", "investmentIncomeNet": "None", "netInterestIncome": "-98000000", "interestIncome": "None", "interestExpense": "98000000", "nonInterestIncome": "None", "otherNonOperatingIncome": "None", "depreciation": "None", "depreciationAndAmortization": "320000000", "incomeBeforeTax": "1922000000", "incomeTaxExpense": "213000000", "interestAndDebtExpense": "None", "netIncomeFromContinuingOperations": "1709000000", "comprehensiveIncomeNetOfTax": "None", "ebit": "2020000000", "ebitda": "2340000000", "netIncome": "1709000000"}, {"fiscalDateEnding": "2023-06-30", "reportedCurrency": "USD", "grossProfit": "2910000000", "totalRevenue": "4531000000", "costOfRevenue": "1621000000", "costofGoodsAndServicesSold": "1621000000", "operatingIncome": "1972000000", "sellingGeneralAndAdministrative": "461000000", "researchAndDevelopment": "477000000", "operatingExpenses": "938000000", "investmentIncomeNet": "None", "netInterestIncome": "-89000000", "interestIncome": "None", "interestExpense": "89000000", "nonInterestIncome": "None", "otherNonOperatingIncome": "119000000", "depreciation": "None", "depreciationAndAmortization": "300000000", "incomeBeforeTax": "2002000000", "incomeTaxExpense": "280000000", "interestAndDebtExpense": "None", "netIncomeFromContinuingOperations": "1722000000", "comprehensiveIncomeNetOfTax": "None", "ebit": "2091000000", "ebitda": "2391000000", "netIncome": "1722000000"}, {"fiscalDateEnding": "2023-03-31", "reportedCurrency": "USD", "grossProfit": "2863000000", "totalRevenue": "4379000000", "costOfRevenue": "1516000000", "costofGoodsAndServicesSold": "1516000000", "operatingIncome": "1934000000", "sellingGeneralAndAdministrative": "474000000", "researchAndDevelopment": "455000000", "operatingExpenses": "929000000", "investmentIncomeNet": "None", "netInterestIncome": "-68000000", "interestIncome": "None", "interestExpense": "68000000", "nonInterestIncome": "None", "otherNonOperatingIncome": "80000000", "depreciation": "None", "depreciationAndAmortization": "281000000", "incomeBeforeTax": "1946000000", "incomeTaxExpense": "238000000", "interestAndDebtExpense": "None", "netIncomeFromContinuingOperations": "1708000000", "comprehensiveIncomeNetOfTax": "None", "ebit": "2014000000", "ebitda": "2295000000", "netIncome": "1708000000"}, {"fiscalDateEnding": "2022-12-31", "reportedCurrency": "USD", "grossProfit": "3087000000", "totalRevenue": "4670000000", "costOfRevenue": "1583000000", "costofGoodsAndServicesSold": "1583000000", "operatingIncome": "2176000000", "sellingGeneralAndAdministrative": "429000000", "researchAndDevelopment": "434000000", "operatingExpenses": "911000000", "investmentIncomeNet": "None", "netInterestIncome": "-60000000", "interestIncome": "None", "interestExpense": "60000000", "nonInterestIncome": "None", "otherNonOperatingIncome": "51000000", "depreciation": "None", "depreciationAndAmortization": "263000000", "incomeBeforeTax": "2167000000", "incomeTaxExpense": "205000000", "interestAndDebtExpense": "None", "netIncomeFromContinuingOperations": "1962000000", "comprehensiveIncomeNetOfTax": "None", "ebit": "2227000000", "ebitda": "2490000000", "netIncome": "1962000000"}, {"fiscalDateEnding": "2022-09-30", "reportedCurrency": "USD", "grossProfit": "3617000000", "totalRevenue": "5241000000", "costOfRevenue": "1624000000", "costofGoodsAndServicesSold": "1624000000", "operatingIncome": "2678000000", "sellingGeneralAndAdministrative": "431000000", "researchAndDevelopment": "431000000", "operatingExpenses": "862000000", "investmentIncomeNet": "None", "netInterestIncome": "-53000000", "interestIncome": "None", "interestExpense": "53000000", "nonInterestIncome": "None", "otherNonOperatingIncome": "33000000", "depreciation": "None", "depreciationAndAmortization": "262000000", "incomeBeforeTax": "2658000000", "incomeTaxExpense": "363000000", "interestAndDebtExpense": "None", "netIncomeFromContinuingOperations": "2295000000", "comprehensiveIncomeNetOfTax": "None", "ebit": "2711000000", "ebitda": "2973000000", "netIncome": "2295000000"}, {"fiscalDateEnding": "2022-06-30", "reportedCurrency": "USD", "grossProfit": "3625000000", "totalRevenue": "5212000000", "costOfRevenue": "1587000000", "costofGoodsAndServicesSold": "1587000000", "operatingIncome": "2723000000", "sellingGeneralAndAdministrative": "488000000", "researchAndDevelopment": "414000000", "operatingExpenses": "836000000", "investmentIncomeNet": "None", "netInterestIncome": "-49000000", "interestIncome": "None", "interestExpense": "49000000", "nonInterestIncome": "None", "otherNonOperatingIncome": "7000000", "depreciation": "None", "depreciationAndAmortization": "240000000", "incomeBeforeTax": "2681000000", "incomeTaxExpense": "390000000", "interestAndDebtExpense": "None", "netIncomeFromContinuingOperations": "2291000000", "comprehensiveIncomeNetOfTax": "None", "ebit": "2730000000", "ebitda": "2970000000", "netIncome": "2291000000"}, {"fiscalDateEnding": "2022-03-31", "reportedCurrency": "USD", "grossProfit": "3442000000", "totalRevenue": "4905000000", "costOfRevenue": "1463000000", "costofGoodsAndServicesSold": "1463000000", "operatingIncome": "2563000000", "sellingGeneralAndAdministrative": "488000000", "researchAndDevelopment": "391000000", "operatingExpenses": "813000000", "investmentIncomeNet": "None", "netInterestIncome": "-52000000", "interestIncome": "None", "interestExpense": "52000000", "nonInterestIncome": "None", "otherNonOperatingIncome": "15000000", "depreciation": "None", "depreciationAndAmortization": "214000000", "incomeBeforeTax": "2526000000", "incomeTaxExpense": "325000000", "interestAndDebtExpense": "None", "netIncomeFromContinuingOperations": "2201000000", "comprehensiveIncomeNetOfTax": "None", "ebit": "2578000000", "ebitda": "2792000000", "netIncome": "2201000000"}, {"fiscalDateEnding": "2021-12-31", "reportedCurrency": "USD", "grossProfit": "3350000000", "totalRevenue": "4832000000", "costOfRevenue": "1482000000", "costofGoodsAndServicesSold": "1482000000", "operatingIncome": "2503000000", "sellingGeneralAndAdministrative": "404000000", "researchAndDevelopment": "389000000", "operatingExpenses": "793000000", "investmentIncomeNet": "None", "netInterestIncome": "-49000000", "interestIncome": "None", "interestExpense": "49000000", "nonInterestIncome": "None", "otherNonOperatingIncome": "9000000", "depreciation": "None", "depreciationAndAmortization": "213000000", "incomeBeforeTax": "2463000000", "incomeTaxExpense": "325000000", "interestAndDebtExpense": "None", "netIncomeFromContinuingOperations": "2138000000", "comprehensiveIncomeNetOfTax": "None", "ebit": "2512000000", "ebitda": "2725000000", "netIncome": "2138000000"}, {"fiscalDateEnding": "2021-09-30", "reportedCurrency": "USD", "grossProfit": "3152000000", "totalRevenue": "4643000000", "costOfRevenue": "1491000000", "costofGoodsAndServicesSold": "1491000000", "operatingIncome": "2305000000", "sellingGeneralAndAdministrative": "412000000", "researchAndDevelopment": "388000000", "operatingExpenses": "800000000", "investmentIncomeNet": "None", "netInterestIncome": "-45000000", "interestIncome": "None", "interestExpense": "45000000", "nonInterestIncome": "None", "otherNonOperatingIncome": "15000000", "depreciation": "None", "depreciationAndAmortization": "253000000", "incomeBeforeTax": "2275000000", "incomeTaxExpense": "328000000", "interestAndDebtExpense": "None", "netIncomeFromContinuingOperations": "1947000000", "comprehensiveIncomeNetOfTax": "None", "ebit": "2320000000", "ebitda": "2573000000", "netIncome": "1947000000"}, {"fiscalDateEnding": "2021-06-30", "reportedCurrency": "USD", "grossProfit": "3077000000", "totalRevenue": "4580000000", "costOfRevenue": "1503000000", "costofGoodsAndServicesSold": "1503000000", "operatingIncome": "2213000000", "sellingGeneralAndAdministrative": "425000000", "researchAndDevelopment": "391000000", "operatingExpenses": "816000000", "investmentIncomeNet": "None", "netInterestIncome": "-44000000", "interestIncome": "None", "interestExpense": "44000000", "nonInterestIncome": "None", "otherNonOperatingIncome": "73000000", "depreciation": "None", "depreciationAndAmortization": "247000000", "incomeBeforeTax": "2242000000", "incomeTaxExpense": "311000000", "interestAndDebtExpense": "None", "netIncomeFromContinuingOperations": "1931000000", "comprehensiveIncomeNetOfTax": "None", "ebit": "2286000000", "ebitda": "2533000000", "netIncome": "1931000000"}, {"fiscalDateEnding": "2021-03-31", "reportedCurrency": "USD", "grossProfit": "2797000000", "totalRevenue": "4289000000", "costOfRevenue": "1492000000", "costofGoodsAndServicesSold": "1492000000", "operatingIncome": "1939000000", "sellingGeneralAndAdministrative": "425000000", "researchAndDevelopment": "386000000", "operatingExpenses": "811000000", "investmentIncomeNet": "None", "netInterestIncome": "-46000000", "interestIncome": "None", "interestExpense": "46000000", "nonInterestIncome": "None", "otherNonOperatingIncome": "46000000", "depreciation": "None", "depreciationAndAmortization": "241000000", "incomeBeforeTax": "1939000000", "incomeTaxExpense": "186000000", "interestAndDebtExpense": "None", "netIncomeFromContinuingOperations": "1753000000", "comprehensiveIncomeNetOfTax": "None", "ebit": "1985000000", "ebitda": "2226000000", "netIncome": "1753000000"}, {"fiscalDateEnding": "2020-12-31", "reportedCurrency": "USD", "grossProfit": "2646000000", "totalRevenue": "4076000000", "costOfRevenue": "1430000000", "costofGoodsAndServicesSold": "1430000000", "operatingIncome": "1813000000", "sellingGeneralAndAdministrative": "398000000", "researchAndDevelopment": "388000000", "operatingExpenses": "786000000", "investmentIncomeNet": "None", "netInterestIncome": "-48000000", "interestIncome": "None", "interestExpense": "48000000", "nonInterestIncome": "None", "otherNonOperatingIncome": "162000000", "depreciation": "None", "depreciationAndAmortization": "243000000", "incomeBeforeTax": "1927000000", "incomeTaxExpense": "239000000", "interestAndDebtExpense": "None", "netIncomeFromContinuingOperations": "1688000000", "comprehensiveIncomeNetOfTax": "None", "ebit": "1975000000", "ebitda": "2218000000", "netIncome": "1688000000"}, {"fiscalDateEnding": "2020-09-30", "reportedCurrency": "USD", "grossProfit": "2453000000", "totalRevenue": "3817000000", "costOfRevenue": "1364000000", "costofGoodsAndServicesSold": "1364000000", "operatingIncome": "1609000000", "sellingGeneralAndAdministrative": "407000000", "researchAndDevelopment": "386000000", "operatingExpenses": "793000000", "investmentIncomeNet": "None", "netInterestIncome": "-49000000", "interestIncome": "None", "interestExpense": "49000000", "nonInterestIncome": "None", "otherNonOperatingIncome": "27000000", "depreciation": "None", "depreciationAndAmortization": "250000000", "incomeBeforeTax": "1587000000", "incomeTaxExpense": "234000000", "interestAndDebtExpense": "None", "netIncomeFromContinuingOperations": "1353000000", "comprehensiveIncomeNetOfTax": "None", "ebit": "1636000000", "ebitda": "1886000000", "netIncome": "1353000000"}, {"fiscalDateEnding": "2020-06-30", "reportedCurrency": "USD", "grossProfit": "2082000000", "totalRevenue": "3239000000", "costOfRevenue": "1157000000", "costofGoodsAndServicesSold": "1157000000", "operatingIncome": "1228000000", "sellingGeneralAndAdministrative": "401000000", "researchAndDevelopment": "379000000", "operatingExpenses": "780000000", "investmentIncomeNet": "None", "netInterestIncome": "-48000000", "interestIncome": "48000000", "interestExpense": "48000000", "nonInterestIncome": "None", "otherNonOperatingIncome": "99000000", "depreciation": "None", "depreciationAndAmortization": "249000000", "incomeBeforeTax": "1279000000", "incomeTaxExpense": "-101000000", "interestAndDebtExpense": "None", "netIncomeFromContinuingOperations": "1380000000", "comprehensiveIncomeNetOfTax": "None", "ebit": "1327000000", "ebitda": "1576000000", "netIncome": "1380000000"}, {"fiscalDateEnding": "2020-03-31", "reportedCurrency": "USD", "grossProfit": "2088000000", "totalRevenue": "3329000000", "costOfRevenue": "1241000000", "costofGoodsAndServicesSold": "1241000000", "operatingIncome": "1244000000", "sellingGeneralAndAdministrative": "417000000", "researchAndDevelopment": "377000000", "operatingExpenses": "794000000", "investmentIncomeNet": "None", "netInterestIncome": "-45000000", "interestIncome": "45000000", "interestExpense": "45000000", "nonInterestIncome": "None", "otherNonOperatingIncome": "25000000", "depreciation": "None", "depreciationAndAmortization": "250000000", "incomeBeforeTax": "1224000000", "incomeTaxExpense": "50000000", "interestAndDebtExpense": "None", "netIncomeFromContinuingOperations": "1174000000", "comprehensiveIncomeNetOfTax": "None", "ebit": "1269000000", "ebitda": "1519000000", "netIncome": "1174000000"}, {"fiscalDateEnding": "2019-12-31", "reportedCurrency": "USD", "grossProfit": "2097000000", "totalRevenue": "3350000000", "costOfRevenue": "1253000000", "costofGoodsAndServicesSold": "1253000000", "operatingIncome": "1249000000", "sellingGeneralAndAdministrative": "412000000", "researchAndDevelopment": "386000000", "operatingExpenses": "798000000", "investmentIncomeNet": "None", "netInterestIncome": "-45000000", "interestIncome": "45000000", "interestExpense": "45000000", "nonInterestIncome": "None", "otherNonOperatingIncome": "53000000", "depreciation": "None", "depreciationAndAmortization": "250000000", "incomeBeforeTax": "1257000000", "incomeTaxExpense": "187000000", "interestAndDebtExpense": "None", "netIncomeFromContinuingOperations": "1070000000", "comprehensiveIncomeNetOfTax": "None", "ebit": "1302000000", "ebitda": "1552000000", "netIncome": "1070000000"}, {"fiscalDateEnding": "2019-09-30", "reportedCurrency": "USD", "grossProfit": "2446000000", "totalRevenue": "3771000000", "costOfRevenue": "1325000000", "costofGoodsAndServicesSold": "1325000000", "operatingIncome": "1589000000", "sellingGeneralAndAdministrative": "399000000", "researchAndDevelopment": "379000000", "operatingExpenses": "778000000", "investmentIncomeNet": "None", "netInterestIncome": "-43000000", "interestIncome": "43000000", "interestExpense": "43000000", "nonInterestIncome": "None", "otherNonOperatingIncome": "34000000", "depreciation": "None", "depreciationAndAmortization": "275000000", "incomeBeforeTax": "1580000000", "incomeTaxExpense": "155000000", "interestAndDebtExpense": "None", "netIncomeFromContinuingOperations": "1425000000", "comprehensiveIncomeNetOfTax": "None", "ebit": "1623000000", "ebitda": "1898000000", "netIncome": "1425000000"}, {"fiscalDateEnding": "2019-06-30", "reportedCurrency": "USD", "grossProfit": "2360000000", "totalRevenue": "3668000000", "costOfRevenue": "1308000000", "costofGoodsAndServicesSold": "1308000000", "operatingIncome": "1506000000", "sellingGeneralAndAdministrative": "420000000", "researchAndDevelopment": "390000000", "operatingExpenses": "810000000", "investmentIncomeNet": "None", "netInterestIncome": "-44000000", "interestIncome": "44000000", "interestExpense": "44000000", "nonInterestIncome": "None", "otherNonOperatingIncome": "52000000", "depreciation": "None", "depreciationAndAmortization": "267000000", "incomeBeforeTax": "1514000000", "incomeTaxExpense": "209000000", "interestAndDebtExpense": "None", "netIncomeFromContinuingOperations": "1305000000", "comprehensiveIncomeNetOfTax": "None", "ebit": "1558000000", "ebitda": "1825000000", "netIncome": "1305000000"}, {"fiscalDateEnding": "2019-03-31", "reportedCurrency": "USD", "grossProfit": "2261000000", "totalRevenue": "3594000000", "costOfRevenue": "1333000000", "costofGoodsAndServicesSold": "1333000000", "operatingIncome": "1379000000", "sellingGeneralAndAdministrative": "414000000", "researchAndDevelopment": "389000000", "operatingExpenses": "803000000", "investmentIncomeNet": "None", "netInterestIncome": "-38000000", "interestIncome": "None", "interestExpense": "38000000", "nonInterestIncome": "None", "otherNonOperatingIncome": "36000000", "depreciation": "None", "depreciationAndAmortization": "258000000", "incomeBeforeTax": "1377000000", "incomeTaxExpense": "160000000", "interestAndDebtExpense": "None", "netIncomeFromContinuingOperations": "1217000000", "comprehensiveIncomeNetOfTax": "None", "ebit": "1415000000", "ebitda": "1673000000", "netIncome": "1217000000"}, {"fiscalDateEnding": "2018-12-31", "reportedCurrency": "USD", "grossProfit": "2407000000", "totalRevenue": "3717000000", "costOfRevenue": "1310000000", "costofGoodsAndServicesSold": "1310000000", "operatingIncome": "1516000000", "sellingGeneralAndAdministrative": "414000000", "researchAndDevelopment": "400000000", "operatingExpenses": "814000000", "investmentIncomeNet": "None", "netInterestIncome": "None", "interestIncome": "None", "interestExpense": "36000000", "nonInterestIncome": "None", "otherNonOperatingIncome": "23000000", "depreciation": "None", "depreciationAndAmortization": "249000000", "incomeBeforeTax": "1503000000", "incomeTaxExpense": "264000000", "interestAndDebtExpense": "None", "netIncomeFromContinuingOperations": "1239000000", "comprehensiveIncomeNetOfTax": "None", "ebit": "1539000000", "ebitda": "1788000000", "netIncome": "1239000000"}, {"fiscalDateEnding": "2018-09-30", "reportedCurrency": "USD", "grossProfit": "2804000000", "totalRevenue": "4261000000", "costOfRevenue": "1457000000", "costofGoodsAndServicesSold": "1457000000", "operatingIncome": "1937000000", "sellingGeneralAndAdministrative": "396000000", "researchAndDevelopment": "390000000", "operatingExpenses": "786000000", "investmentIncomeNet": "None", "netInterestIncome": "None", "interestIncome": "None", "interestExpense": "36000000", "nonInterestIncome": "None", "otherNonOperatingIncome": "23000000", "depreciation": "None", "depreciationAndAmortization": "243000000", "incomeBeforeTax": "1924000000", "incomeTaxExpense": "354000000", "interestAndDebtExpense": "None", "netIncomeFromContinuingOperations": "1570000000", "comprehensiveIncomeNetOfTax": "None", "ebit": "1960000000", "ebitda": "2203000000", "netIncome": "1570000000"}, {"fiscalDateEnding": "2018-06-30", "reportedCurrency": "USD", "grossProfit": "2619000000", "totalRevenue": "4017000000", "costOfRevenue": "1398000000", "costofGoodsAndServicesSold": "1398000000", "operatingIncome": "1712000000", "sellingGeneralAndAdministrative": "441000000", "researchAndDevelopment": "384000000", "operatingExpenses": "825000000", "investmentIncomeNet": "None", "netInterestIncome": "None", "interestIncome": "None", "interestExpense": "30000000", "nonInterestIncome": "None", "otherNonOperatingIncome": "24000000", "depreciation": "None", "depreciationAndAmortization": "233000000", "incomeBeforeTax": "1706000000", "incomeTaxExpense": "301000000", "interestAndDebtExpense": "None", "netIncomeFromContinuingOperations": "1405000000", "comprehensiveIncomeNetOfTax": "None", "ebit": "1736000000", "ebitda": "1969000000", "netIncome": "1405000000"}, {"fiscalDateEnding": "2018-03-31", "reportedCurrency": "USD", "grossProfit": "2447000000", "totalRevenue": "3789000000", "costOfRevenue": "1342000000", "costofGoodsAndServicesSold": "1342000000", "operatingIncome": "1548000000", "sellingGeneralAndAdministrative": "433000000", "researchAndDevelopment": "385000000", "operatingExpenses": "818000000", "investmentIncomeNet": "None", "netInterestIncome": "None", "interestIncome": "None", "interestExpense": "23000000", "nonInterestIncome": "None", "otherNonOperatingIncome": "28000000", "depreciation": "None", "depreciationAndAmortization": "229000000", "incomeBeforeTax": "1553000000", "incomeTaxExpense": "187000000", "interestAndDebtExpense": "None", "netIncomeFromContinuingOperations": "1366000000", "comprehensiveIncomeNetOfTax": "None", "ebit": "1576000000", "ebitda": "1805000000", "netIncome": "1366000000"}, {"fiscalDateEnding": "2017-12-31", "reportedCurrency": "USD", "grossProfit": "2440000000", "totalRevenue": "3750000000", "costOfRevenue": "1310000000", "costofGoodsAndServicesSold": "1310000000", "operatingIncome": "1563000000", "sellingGeneralAndAdministrative": "409000000", "researchAndDevelopment": "386000000", "operatingExpenses": "795000000", "investmentIncomeNet": "None", "netInterestIncome": "None", "interestIncome": "None", "interestExpense": "21000000", "nonInterestIncome": "None", "otherNonOperatingIncome": "8000000", "depreciation": "None", "depreciationAndAmortization": "224000000", "incomeBeforeTax": "1550000000", "incomeTaxExpense": "1206000000", "interestAndDebtExpense": "None", "netIncomeFromContinuingOperations": "344000000", "comprehensiveIncomeNetOfTax": "None", "ebit": "1571000000", "ebitda": "1795000000", "netIncome": "344000000"}, {"fiscalDateEnding": "2017-09-30", "reportedCurrency": "USD", "grossProfit": "2656000000", "totalRevenue": "4116000000", "costOfRevenue": "1460000000", "costofGoodsAndServicesSold": "1460000000", "operatingIncome": "1788000000", "sellingGeneralAndAdministrative": "412000000", "researchAndDevelopment": "375000000", "operatingExpenses": "787000000", "investmentIncomeNet": "None", "netInterestIncome": "None", "interestIncome": "None", "interestExpense": "19000000", "nonInterestIncome": "None", "otherNonOperatingIncome": "20000000", "depreciation": "None", "depreciationAndAmortization": "225000000", "incomeBeforeTax": "1789000000", "incomeTaxExpense": "504000000", "interestAndDebtExpense": "None", "netIncomeFromContinuingOperations": "1285000000", "comprehensiveIncomeNetOfTax": "None", "ebit": "1808000000", "ebitda": "2033000000", "netIncome": "1285000000"}, {"fiscalDateEnding": "2017-06-30", "reportedCurrency": "USD", "grossProfit": "2374000000", "totalRevenue": "3693000000", "costOfRevenue": "1319000000", "costofGoodsAndServicesSold": "1319000000", "operatingIncome": "1480000000", "sellingGeneralAndAdministrative": "434000000", "researchAndDevelopment": "378000000", "operatingExpenses": "812000000", "investmentIncomeNet": "None", "netInterestIncome": "None", "interestIncome": "None", "interestExpense": "20000000", "nonInterestIncome": "None", "otherNonOperatingIncome": "26000000", "depreciation": "None", "depreciationAndAmortization": "225000000", "incomeBeforeTax": "1486000000", "incomeTaxExpense": "430000000", "interestAndDebtExpense": "None", "netIncomeFromContinuingOperations": "1056000000", "comprehensiveIncomeNetOfTax": "None", "ebit": "1506000000", "ebitda": "1731000000", "netIncome": "1056000000"}, {"fiscalDateEnding": "2017-03-31", "reportedCurrency": "USD", "grossProfit": "2144000000", "totalRevenue": "3402000000", "costOfRevenue": "1258000000", "costofGoodsAndServicesSold": "1258000000", "operatingIncome": "1252000000", "sellingGeneralAndAdministrative": "439000000", "researchAndDevelopment": "369000000", "operatingExpenses": "808000000", "investmentIncomeNet": "None", "netInterestIncome": "None", "interestIncome": "None", "interestExpense": "18000000", "nonInterestIncome": "None", "otherNonOperatingIncome": "21000000", "depreciation": "None", "depreciationAndAmortization": "230000000", "incomeBeforeTax": "1255000000", "incomeTaxExpense": "258000000", "interestAndDebtExpense": "None", "netIncomeFromContinuingOperations": "997000000", "comprehensiveIncomeNetOfTax": "None", "ebit": "1273000000", "ebitda": "1503000000", "netIncome": "997000000"}, {"fiscalDateEnding": "2016-12-31", "reportedCurrency": "USD", "grossProfit": "2133000000", "totalRevenue": "3414000000", "costOfRevenue": "1281000000", "costofGoodsAndServicesSold": "1281000000", "operatingIncome": "1319000000", "sellingGeneralAndAdministrative": "411000000", "researchAndDevelopment": "343000000", "operatingExpenses": "754000000", "investmentIncomeNet": "None", "netInterestIncome": "None", "interestIncome": "None", "interestExpense": "19000000", "nonInterestIncome": "None", "otherNonOperatingIncome": "197000000", "depreciation": "None", "depreciationAndAmortization": "227000000", "incomeBeforeTax": "1497000000", "incomeTaxExpense": "450000000", "interestAndDebtExpense": "None", "netIncomeFromContinuingOperations": "1180000000", "comprehensiveIncomeNetOfTax": "None", "ebit": "1516000000", "ebitda": "1743000000", "netIncome": "1047000000"}, {"fiscalDateEnding": "2016-09-30", "reportedCurrency": "USD", "grossProfit": "2280000000", "totalRevenue": "3675000000", "costOfRevenue": "1395000000", "costofGoodsAndServicesSold": "1395000000", "operatingIncome": "1395000000", "sellingGeneralAndAdministrative": "448000000", "researchAndDevelopment": "356000000", "operatingExpenses": "804000000", "investmentIncomeNet": "None", "netInterestIncome": "None", "interestIncome": "None", "interestExpense": "18000000", "nonInterestIncome": "None", "otherNonOperatingIncome": "4000000", "depreciation": "None", "depreciationAndAmortization": "237000000", "incomeBeforeTax": "1381000000", "incomeTaxExpense": "413000000", "interestAndDebtExpense": "None", "netIncomeFromContinuingOperations": "968000000", "comprehensiveIncomeNetOfTax": "None", "ebit": "1399000000", "ebitda": "1636000000", "netIncome": "968000000"}, {"fiscalDateEnding": "2016-06-30", "reportedCurrency": "USD", "grossProfit": "2003000000", "totalRevenue": "3273000000", "costOfRevenue": "1270000000", "costofGoodsAndServicesSold": "1270000000", "operatingIncome": "1117000000", "sellingGeneralAndAdministrative": "460000000", "researchAndDevelopment": "345000000", "operatingExpenses": "805000000", "investmentIncomeNet": "None", "netInterestIncome": "None", "interestIncome": "None", "interestExpense": "21000000", "nonInterestIncome": "None", "otherNonOperatingIncome": "6000000", "depreciation": "None", "depreciationAndAmortization": "242000000", "incomeBeforeTax": "1102000000", "incomeTaxExpense": "323000000", "interestAndDebtExpense": "None", "netIncomeFromContinuingOperations": "779000000", "comprehensiveIncomeNetOfTax": "None", "ebit": "1111000000", "ebitda": "1353000000", "netIncome": "779000000"}, {"fiscalDateEnding": "2016-03-31", "reportedCurrency": "USD", "grossProfit": "1824000000", "totalRevenue": "3008000000", "costOfRevenue": "1184000000", "costofGoodsAndServicesSold": "1184000000", "operatingIncome": "968000000", "sellingGeneralAndAdministrative": "448000000", "researchAndDevelopment": "326000000", "operatingExpenses": "774000000", "investmentIncomeNet": "None", "netInterestIncome": "None", "interestIncome": "None", "interestExpense": "22000000", "nonInterestIncome": "None", "otherNonOperatingIncome": "4000000", "depreciation": "None", "depreciationAndAmortization": "249000000", "incomeBeforeTax": "950000000", "incomeTaxExpense": "282000000", "interestAndDebtExpense": "None", "netIncomeFromContinuingOperations": "668000000", "comprehensiveIncomeNetOfTax": "None", "ebit": "972000000", "ebitda": "1221000000", "netIncome": "668000000"}, {"fiscalDateEnding": "2015-12-31", "reportedCurrency": "USD", "grossProfit": "1866000000", "totalRevenue": "3189000000", "costOfRevenue": "1323000000", "costofGoodsAndServicesSold": "1323000000", "operatingIncome": "1142000000", "sellingGeneralAndAdministrative": "405000000", "researchAndDevelopment": "306000000", "operatingExpenses": "711000000", "investmentIncomeNet": "None", "netInterestIncome": "None", "interestIncome": "None", "interestExpense": "22000000", "nonInterestIncome": "None", "otherNonOperatingIncome": "19000000", "depreciation": "None", "depreciationAndAmortization": "261000000", "incomeBeforeTax": "1139000000", "incomeTaxExpense": "303000000", "interestAndDebtExpense": "None", "netIncomeFromContinuingOperations": "836000000", "comprehensiveIncomeNetOfTax": "None", "ebit": "28000000", "ebitda": "289000000", "netIncome": "836000000"}, {"fiscalDateEnding": "2015-09-30", "reportedCurrency": "USD", "grossProfit": "1997000000", "totalRevenue": "3429000000", "costOfRevenue": "1432000000", "costofGoodsAndServicesSold": "1432000000", "operatingIncome": "1164000000", "sellingGeneralAndAdministrative": "434000000", "researchAndDevelopment": "316000000", "operatingExpenses": "750000000", "investmentIncomeNet": "None", "netInterestIncome": "None", "interestIncome": "None", "interestExpense": "22000000", "nonInterestIncome": "None", "otherNonOperatingIncome": "6000000", "depreciation": "None", "depreciationAndAmortization": "285000000", "incomeBeforeTax": "1148000000", "incomeTaxExpense": "350000000", "interestAndDebtExpense": "None", "netIncomeFromContinuingOperations": "798000000", "comprehensiveIncomeNetOfTax": "None", "ebit": "1170000000", "ebitda": "1455000000", "netIncome": "798000000"}, {"fiscalDateEnding": "2015-06-30", "reportedCurrency": "USD", "grossProfit": "1881000000", "totalRevenue": "3232000000", "costOfRevenue": "1351000000", "costofGoodsAndServicesSold": "1351000000", "operatingIncome": "1010000000", "sellingGeneralAndAdministrative": "470000000", "researchAndDevelopment": "320000000", "operatingExpenses": "790000000", "investmentIncomeNet": "None", "netInterestIncome": "None", "interestIncome": "None", "interestExpense": "24000000", "nonInterestIncome": "None", "otherNonOperatingIncome": "3000000", "depreciation": "None", "depreciationAndAmortization": "291000000", "incomeBeforeTax": "989000000", "incomeTaxExpense": "293000000", "interestAndDebtExpense": "None", "netIncomeFromContinuingOperations": "696000000", "comprehensiveIncomeNetOfTax": "None", "ebit": "1013000000", "ebitda": "1304000000", "netIncome": "696000000"}, {"fiscalDateEnding": "2015-03-31", "reportedCurrency": "USD", "grossProfit": "1816000000", "totalRevenue": "3150000000", "costOfRevenue": "1334000000", "costofGoodsAndServicesSold": "1334000000", "operatingIncome": "958000000", "sellingGeneralAndAdministrative": "439000000", "researchAndDevelopment": "338000000", "operatingExpenses": "777000000", "investmentIncomeNet": "None", "netInterestIncome": "None", "interestIncome": "None", "interestExpense": "22000000", "nonInterestIncome": "None", "otherNonOperatingIncome": "4000000", "depreciation": "None", "depreciationAndAmortization": "296000000", "incomeBeforeTax": "940000000", "incomeTaxExpense": "284000000", "interestAndDebtExpense": "None", "netIncomeFromContinuingOperations": "656000000", "comprehensiveIncomeNetOfTax": "None", "ebit": "962000000", "ebitda": "1258000000", "netIncome": "656000000"}, {"fiscalDateEnding": "2014-12-31", "reportedCurrency": "USD", "grossProfit": "1895000000", "totalRevenue": "3269000000", "costOfRevenue": "1374000000", "costofGoodsAndServicesSold": "1374000000", "operatingIncome": "1100000000", "sellingGeneralAndAdministrative": "429000000", "researchAndDevelopment": "311000000", "operatingExpenses": "740000000", "investmentIncomeNet": "None", "netInterestIncome": "None", "interestIncome": "None", "interestExpense": "22000000", "nonInterestIncome": "None", "otherNonOperatingIncome": "9000000", "depreciation": "None", "depreciationAndAmortization": "305000000", "incomeBeforeTax": "1087000000", "incomeTaxExpense": "262000000", "interestAndDebtExpense": "None", "netIncomeFromContinuingOperations": "825000000", "comprehensiveIncomeNetOfTax": "None", "ebit": "-121000000", "ebitda": "184000000", "netIncome": "825000000"}, {"fiscalDateEnding": "2014-09-30", "reportedCurrency": "USD", "grossProfit": "2044000000", "totalRevenue": "3501000000", "costOfRevenue": "1457000000", "costofGoodsAndServicesSold": "1457000000", "operatingIncome": "1175000000", "sellingGeneralAndAdministrative": "463000000", "researchAndDevelopment": "332000000", "operatingExpenses": "795000000", "investmentIncomeNet": "None", "netInterestIncome": "None", "interestIncome": "None", "interestExpense": "23000000", "nonInterestIncome": "None", "otherNonOperatingIncome": "3000000", "depreciation": "None", "depreciationAndAmortization": "308000000", "incomeBeforeTax": "1155000000", "incomeTaxExpense": "329000000", "interestAndDebtExpense": "None", "netIncomeFromContinuingOperations": "826000000", "comprehensiveIncomeNetOfTax": "None", "ebit": "1178000000", "ebitda": "1486000000", "netIncome": "826000000"}, {"fiscalDateEnding": "2014-06-30", "reportedCurrency": "USD", "grossProfit": "1881000000", "totalRevenue": "3292000000", "costOfRevenue": "1411000000", "costofGoodsAndServicesSold": "1411000000", "operatingIncome": "982000000", "sellingGeneralAndAdministrative": "472000000", "researchAndDevelopment": "349000000", "operatingExpenses": "821000000", "investmentIncomeNet": "None", "netInterestIncome": "None", "interestIncome": "None", "interestExpense": "24000000", "nonInterestIncome": "None", "otherNonOperatingIncome": "3000000", "depreciation": "None", "depreciationAndAmortization": "307000000", "incomeBeforeTax": "961000000", "incomeTaxExpense": "278000000", "interestAndDebtExpense": "None", "netIncomeFromContinuingOperations": "683000000", "comprehensiveIncomeNetOfTax": "None", "ebit": "985000000", "ebitda": "1292000000", "netIncome": "683000000"}, {"fiscalDateEnding": "2014-03-31", "reportedCurrency": "USD", "grossProfit": "1607000000", "totalRevenue": "2983000000", "costOfRevenue": "1376000000", "costofGoodsAndServicesSold": "1376000000", "operatingIncome": "690000000", "sellingGeneralAndAdministrative": "479000000", "researchAndDevelopment": "366000000", "operatingExpenses": "845000000", "investmentIncomeNet": "None", "netInterestIncome": "None", "interestIncome": "None", "interestExpense": "25000000", "nonInterestIncome": "None", "otherNonOperatingIncome": "6000000", "depreciation": "None", "depreciationAndAmortization": "310000000", "incomeBeforeTax": "671000000", "incomeTaxExpense": "184000000", "interestAndDebtExpense": "None", "netIncomeFromContinuingOperations": "487000000", "comprehensiveIncomeNetOfTax": "None", "ebit": "696000000", "ebitda": "1006000000", "netIncome": "487000000"}, {"fiscalDateEnding": "2013-12-31", "reportedCurrency": "USD", "grossProfit": "1640000000", "totalRevenue": "3028000000", "costOfRevenue": "1388000000", "costofGoodsAndServicesSold": "1388000000", "operatingIncome": "687000000", "sellingGeneralAndAdministrative": "461000000", "researchAndDevelopment": "346000000", "operatingExpenses": "807000000", "investmentIncomeNet": "None", "netInterestIncome": "None", "interestIncome": "None", "interestExpense": "24000000", "nonInterestIncome": "None", "otherNonOperatingIncome": "19000000", "depreciation": "None", "depreciationAndAmortization": "295000000", "incomeBeforeTax": "682000000", "incomeTaxExpense": "171000000", "interestAndDebtExpense": "None", "netIncomeFromContinuingOperations": "511000000", "comprehensiveIncomeNetOfTax": "None", "ebit": "789000000", "ebitda": "1084000000", "netIncome": "511000000"}, {"fiscalDateEnding": "2013-09-30", "reportedCurrency": "USD", "grossProfit": "1779000000", "totalRevenue": "3244000000", "costOfRevenue": "1465000000", "costofGoodsAndServicesSold": "1465000000", "operatingIncome": "844000000", "sellingGeneralAndAdministrative": "465000000", "researchAndDevelopment": "368000000", "operatingExpenses": "833000000", "investmentIncomeNet": "None", "netInterestIncome": "None", "interestIncome": "None", "interestExpense": "24000000", "nonInterestIncome": "None", "otherNonOperatingIncome": "-4000000", "depreciation": "None", "depreciationAndAmortization": "300000000", "incomeBeforeTax": "816000000", "incomeTaxExpense": "187000000", "interestAndDebtExpense": "None", "netIncomeFromContinuingOperations": "629000000", "comprehensiveIncomeNetOfTax": "None", "ebit": "858000000", "ebitda": "1158000000", "netIncome": "629000000"}, {"fiscalDateEnding": "2013-06-30", "reportedCurrency": "USD", "grossProfit": "1570000000", "totalRevenue": "3047000000", "costOfRevenue": "1477000000", "costofGoodsAndServicesSold": "1477000000", "operatingIncome": "906000000", "sellingGeneralAndAdministrative": "471000000", "researchAndDevelopment": "389000000", "operatingExpenses": "860000000", "investmentIncomeNet": "None", "netInterestIncome": "None", "interestIncome": "None", "interestExpense": "24000000", "nonInterestIncome": "None", "otherNonOperatingIncome": "None", "depreciation": "None", "depreciationAndAmortization": "306000000", "incomeBeforeTax": "882000000", "incomeTaxExpense": "222000000", "interestAndDebtExpense": "None", "netIncomeFromContinuingOperations": "660000000", "comprehensiveIncomeNetOfTax": "None", "ebit": "600000000", "ebitda": "906000000", "netIncome": "660000000"}, {"fiscalDateEnding": "2013-03-31", "reportedCurrency": "USD", "grossProfit": "1374000000", "totalRevenue": "2885000000", "costOfRevenue": "1511000000", "costofGoodsAndServicesSold": "1511000000", "operatingIncome": "395000000", "sellingGeneralAndAdministrative": "459000000", "researchAndDevelopment": "419000000", "operatingExpenses": "878000000", "investmentIncomeNet": "None", "netInterestIncome": "None", "interestIncome": "None", "interestExpense": "23000000", "nonInterestIncome": "None", "otherNonOperatingIncome": "2000000", "depreciation": "None", "depreciationAndAmortization": "313000000", "incomeBeforeTax": "374000000", "incomeTaxExpense": "12000000", "interestAndDebtExpense": "None", "netIncomeFromContinuingOperations": "362000000", "comprehensiveIncomeNetOfTax": "None", "ebit": "429000000", "ebitda": "742000000", "netIncome": "362000000"}, {"fiscalDateEnding": "2012-12-31", "reportedCurrency": "USD", "grossProfit": "1445000000", "totalRevenue": "2979000000", "costOfRevenue": "1534000000", "costofGoodsAndServicesSold": "1534000000", "operatingIncome": "139000000", "sellingGeneralAndAdministrative": "432000000", "researchAndDevelopment": "425000000", "operatingExpenses": "855000000", "investmentIncomeNet": "None", "netInterestIncome": "None", "interestIncome": "None", "interestExpense": "23000000", "nonInterestIncome": "None", "otherNonOperatingIncome": "39000000", "depreciation": "None", "depreciationAndAmortization": "317000000", "incomeBeforeTax": "155000000", "incomeTaxExpense": "-109000000", "interestAndDebtExpense": "None", "netIncomeFromContinuingOperations": "264000000", "comprehensiveIncomeNetOfTax": "None", "ebit": "178000000", "ebitda": "495000000", "netIncome": "264000000"}, {"fiscalDateEnding": "2012-09-30", "reportedCurrency": "USD", "grossProfit": "1740000000", "totalRevenue": "3390000000", "costOfRevenue": "1650000000", "costofGoodsAndServicesSold": "1650000000", "operatingIncome": "840000000", "sellingGeneralAndAdministrative": "453000000", "researchAndDevelopment": "463000000", "operatingExpenses": "916000000", "investmentIncomeNet": "None", "netInterestIncome": "None", "interestIncome": "None", "interestExpense": "21000000", "nonInterestIncome": "None", "otherNonOperatingIncome": "24000000", "depreciation": "None", "depreciationAndAmortization": "327000000", "incomeBeforeTax": "843000000", "incomeTaxExpense": "59000000", "interestAndDebtExpense": "None", "netIncomeFromContinuingOperations": "784000000", "comprehensiveIncomeNetOfTax": "None", "ebit": "864000000", "ebitda": "1191000000", "netIncome": "784000000"}, {"fiscalDateEnding": "2012-06-30", "reportedCurrency": "USD", "grossProfit": "1651000000", "totalRevenue": "3335000000", "costOfRevenue": "1684000000", "costofGoodsAndServicesSold": "1684000000", "operatingIncome": "598000000", "sellingGeneralAndAdministrative": "456000000", "researchAndDevelopment": "480000000", "operatingExpenses": "936000000", "investmentIncomeNet": "None", "netInterestIncome": "None", "interestIncome": "None", "interestExpense": "20000000", "nonInterestIncome": "None", "otherNonOperatingIncome": "-2000000", "depreciation": "None", "depreciationAndAmortization": "327000000", "incomeBeforeTax": "576000000", "incomeTaxExpense": "130000000", "interestAndDebtExpense": "None", "netIncomeFromContinuingOperations": "446000000", "comprehensiveIncomeNetOfTax": "None", "ebit": "595000000", "ebitda": "922000000", "netIncome": "446000000"}, {"fiscalDateEnding": "2012-03-31", "reportedCurrency": "USD", "grossProfit": "1531000000", "totalRevenue": "3121000000", "costOfRevenue": "1590000000", "costofGoodsAndServicesSold": "1590000000", "operatingIncome": "397000000", "sellingGeneralAndAdministrative": "462000000", "researchAndDevelopment": "509000000", "operatingExpenses": "971000000", "investmentIncomeNet": "None", "netInterestIncome": "None", "interestIncome": "None", "interestExpense": "21000000", "nonInterestIncome": "None", "otherNonOperatingIncome": "-14000000", "depreciation": "None", "depreciationAndAmortization": "329000000", "incomeBeforeTax": "362000000", "incomeTaxExpense": "97000000", "interestAndDebtExpense": "None", "netIncomeFromContinuingOperations": "265000000", "comprehensiveIncomeNetOfTax": "None", "ebit": "383000000", "ebitda": "712000000", "netIncome": "265000000"}, {"fiscalDateEnding": "2011-12-31", "reportedCurrency": "USD", "grossProfit": "1548000000", "totalRevenue": "3420000000", "costOfRevenue": "1872000000", "costofGoodsAndServicesSold": "1872000000", "operatingIncome": "365000000", "sellingGeneralAndAdministrative": "444000000", "researchAndDevelopment": "474000000", "operatingExpenses": "918000000", "investmentIncomeNet": "None", "netInterestIncome": "None", "interestIncome": "None", "interestExpense": "21000000", "nonInterestIncome": "None", "otherNonOperatingIncome": "4000000", "depreciation": "None", "depreciationAndAmortization": "332000000", "incomeBeforeTax": "348000000", "incomeTaxExpense": "50000000", "interestAndDebtExpense": "None", "netIncomeFromContinuingOperations": "297000000", "comprehensiveIncomeNetOfTax": "None", "ebit": "369000000", "ebitda": "701000000", "netIncome": "298000000"}, {"fiscalDateEnding": "2011-09-30", "reportedCurrency": "USD", "grossProfit": "1744000000", "totalRevenue": "3466000000", "costOfRevenue": "1722000000", "costofGoodsAndServicesSold": "1722000000", "operatingIncome": "814000000", "sellingGeneralAndAdministrative": "388000000", "researchAndDevelopment": "395000000", "operatingExpenses": "783000000", "investmentIncomeNet": "None", "netInterestIncome": "None", "interestIncome": "None", "interestExpense": "15000000", "nonInterestIncome": "None", "otherNonOperatingIncome": "-19000000", "depreciation": "None", "depreciationAndAmortization": "226000000", "incomeBeforeTax": "780000000", "incomeTaxExpense": "179000000", "interestAndDebtExpense": "None", "netIncomeFromContinuingOperations": "601000000", "comprehensiveIncomeNetOfTax": "None", "ebit": "795000000", "ebitda": "1021000000", "netIncome": "601000000"}, {"fiscalDateEnding": "2011-06-30", "reportedCurrency": "USD", "grossProfit": "1753000000", "totalRevenue": "3458000000", "costOfRevenue": "1705000000", "costofGoodsAndServicesSold": "1705000000", "operatingIncome": "905000000", "sellingGeneralAndAdministrative": "411000000", "researchAndDevelopment": "424000000", "operatingExpenses": "835000000", "investmentIncomeNet": "None", "netInterestIncome": "None", "interestIncome": "None", "interestExpense": "6000000", "nonInterestIncome": "None", "otherNonOperatingIncome": "10000000", "depreciation": "None", "depreciationAndAmortization": "226000000", "incomeBeforeTax": "909000000", "incomeTaxExpense": "237000000", "interestAndDebtExpense": "None", "netIncomeFromContinuingOperations": "672000000", "comprehensiveIncomeNetOfTax": "None", "ebit": "915000000", "ebitda": "1141000000", "netIncome": "672000000"}, {"fiscalDateEnding": "2011-03-31", "reportedCurrency": "USD", "grossProfit": "1728000000", "totalRevenue": "3392000000", "costOfRevenue": "1664000000", "costofGoodsAndServicesSold": "1664000000", "operatingIncome": "908000000", "sellingGeneralAndAdministrative": "396000000", "researchAndDevelopment": "422000000", "operatingExpenses": "818000000", "investmentIncomeNet": "None", "netInterestIncome": "None", "interestIncome": "None", "interestExpense": "0", "nonInterestIncome": "None", "otherNonOperatingIncome": "10000000", "depreciation": "None", "depreciationAndAmortization": "231000000", "incomeBeforeTax": "918000000", "incomeTaxExpense": "252000000", "interestAndDebtExpense": "None", "netIncomeFromContinuingOperations": "666000000", "comprehensiveIncomeNetOfTax": "None", "ebit": "918000000", "ebitda": "1149000000", "netIncome": "666000000"}, {"fiscalDateEnding": "2010-12-31", "reportedCurrency": "USD", "grossProfit": "1870000000", "totalRevenue": "3525000000", "costOfRevenue": "1655000000", "costofGoodsAndServicesSold": "1655000000", "operatingIncome": "1230000000", "sellingGeneralAndAdministrative": "390000000", "researchAndDevelopment": "392000000", "operatingExpenses": "638000000", "investmentIncomeNet": "None", "netInterestIncome": "None", "interestIncome": "None", "interestExpense": "0", "nonInterestIncome": "None", "otherNonOperatingIncome": "18000000", "depreciation": "None", "depreciationAndAmortization": "238000000", "incomeBeforeTax": "1248000000", "incomeTaxExpense": "306000000", "interestAndDebtExpense": "None", "netIncomeFromContinuingOperations": "942000000", "comprehensiveIncomeNetOfTax": "None", "ebit": "1229000000", "ebitda": "1467000000", "netIncome": "942000000"}, {"fiscalDateEnding": "2010-09-30", "reportedCurrency": "USD", "grossProfit": "2039000000", "totalRevenue": "3740000000", "costOfRevenue": "1701000000", "costofGoodsAndServicesSold": "1701000000", "operatingIncome": "1227000000", "sellingGeneralAndAdministrative": "391000000", "researchAndDevelopment": "417000000", "operatingExpenses": "808000000", "investmentIncomeNet": "None", "netInterestIncome": "None", "interestIncome": "None", "interestExpense": "0", "nonInterestIncome": "None", "otherNonOperatingIncome": "8000000", "depreciation": "None", "depreciationAndAmortization": "224000000", "incomeBeforeTax": "1235000000", "incomeTaxExpense": "376000000", "interestAndDebtExpense": "None", "netIncomeFromContinuingOperations": "859000000", "comprehensiveIncomeNetOfTax": "None", "ebit": "1235000000", "ebitda": "1459000000", "netIncome": "859000000"}, {"fiscalDateEnding": "2010-06-30", "reportedCurrency": "USD", "grossProfit": "1894000000", "totalRevenue": "3496000000", "costOfRevenue": "1602000000", "costofGoodsAndServicesSold": "1602000000", "operatingIncome": "1107000000", "sellingGeneralAndAdministrative": "378000000", "researchAndDevelopment": "392000000", "operatingExpenses": "770000000", "investmentIncomeNet": "None", "netInterestIncome": "None", "interestIncome": "None", "interestExpense": "0", "nonInterestIncome": "None", "otherNonOperatingIncome": "4000000", "depreciation": "None", "depreciationAndAmortization": "228000000", "incomeBeforeTax": "1111000000", "incomeTaxExpense": "342000000", "interestAndDebtExpense": "None", "netIncomeFromContinuingOperations": "769000000", "comprehensiveIncomeNetOfTax": "None", "ebit": "1110000000", "ebitda": "1338000000", "netIncome": "769000000"}, {"fiscalDateEnding": "2010-03-31", "reportedCurrency": "USD", "grossProfit": "1689000000", "totalRevenue": "3205000000", "costOfRevenue": "1516000000", "costofGoodsAndServicesSold": "1516000000", "operatingIncome": "950000000", "sellingGeneralAndAdministrative": "359000000", "researchAndDevelopment": "370000000", "operatingExpenses": "729000000", "investmentIncomeNet": "None", "netInterestIncome": "None", "interestIncome": "None", "interestExpense": "0", "nonInterestIncome": "None", "otherNonOperatingIncome": "7000000", "depreciation": "None", "depreciationAndAmortization": "224000000", "incomeBeforeTax": "957000000", "incomeTaxExpense": "299000000", "interestAndDebtExpense": "None", "netIncomeFromContinuingOperations": "658000000", "comprehensiveIncomeNetOfTax": "None", "ebit": "960000000", "ebitda": "1184000000", "netIncome": "658000000"}, {"fiscalDateEnding": "2009-12-31", "reportedCurrency": "USD", "grossProfit": "1589000000", "totalRevenue": "3005000000", "costOfRevenue": "1416000000", "costofGoodsAndServicesSold": "1416000000", "operatingIncome": "875000000", "sellingGeneralAndAdministrative": "348000000", "researchAndDevelopment": "354000000", "operatingExpenses": "702000000", "investmentIncomeNet": "None", "netInterestIncome": "None", "interestIncome": "None", "interestExpense": "0", "nonInterestIncome": "None", "otherNonOperatingIncome": "None", "depreciation": "None", "depreciationAndAmortization": "223000000", "incomeBeforeTax": "881000000", "incomeTaxExpense": "226000000", "interestAndDebtExpense": "None", "netIncomeFromContinuingOperations": "0", "comprehensiveIncomeNetOfTax": "None", "ebit": "887000000", "ebitda": "1110000000", "netIncome": "655000000"}, {"fiscalDateEnding": "2009-09-30", "reportedCurrency": "USD", "grossProfit": "1481000000", "totalRevenue": "2880000000", "costOfRevenue": "1399000000", "costofGoodsAndServicesSold": "1399000000", "operatingIncome": "763000000", "sellingGeneralAndAdministrative": "340000000", "researchAndDevelopment": "368000000", "operatingExpenses": "708000000", "investmentIncomeNet": "None", "netInterestIncome": "None", "interestIncome": "None", "interestExpense": "0", "nonInterestIncome": "None", "otherNonOperatingIncome": "2000000", "depreciation": "None", "depreciationAndAmortization": "229000000", "incomeBeforeTax": "765000000", "incomeTaxExpense": "227000000", "interestAndDebtExpense": "None", "netIncomeFromContinuingOperations": "538000000", "comprehensiveIncomeNetOfTax": "None", "ebit": "773000000", "ebitda": "1002000000", "netIncome": "538000000"}, {"fiscalDateEnding": "2009-06-30", "reportedCurrency": "USD", "grossProfit": "1124000000", "totalRevenue": "2457000000", "costOfRevenue": "1333000000", "costofGoodsAndServicesSold": "1333000000", "operatingIncome": "343000000", "sellingGeneralAndAdministrative": "327000000", "researchAndDevelopment": "369000000", "operatingExpenses": "696000000", "investmentIncomeNet": "None", "netInterestIncome": "None", "interestIncome": "None", "interestExpense": "0", "nonInterestIncome": "None", "otherNonOperatingIncome": "13000000", "depreciation": "None", "depreciationAndAmortization": "233000000", "incomeBeforeTax": "356000000", "incomeTaxExpense": "96000000", "interestAndDebtExpense": "None", "netIncomeFromContinuingOperations": "260000000", "comprehensiveIncomeNetOfTax": "None", "ebit": "428000000", "ebitda": "661000000", "netIncome": "260000000"}, {"fiscalDateEnding": "2009-03-31", "reportedCurrency": "USD", "grossProfit": "806000000", "totalRevenue": "2086000000", "costOfRevenue": "1280000000", "costofGoodsAndServicesSold": "1280000000", "operatingIncome": "10000000", "sellingGeneralAndAdministrative": "305000000", "researchAndDevelopment": "386000000", "operatingExpenses": "691000000", "investmentIncomeNet": "None", "netInterestIncome": "None", "interestIncome": "None", "interestExpense": "0", "nonInterestIncome": "None", "otherNonOperatingIncome": "None", "depreciation": "None", "depreciationAndAmortization": "240000000", "incomeBeforeTax": "15000000", "incomeTaxExpense": "-2000000", "interestAndDebtExpense": "None", "netIncomeFromContinuingOperations": "0", "comprehensiveIncomeNetOfTax": "None", "ebit": "115000000", "ebitda": "355000000", "netIncome": "17000000"}, {"fiscalDateEnding": "2008-12-31", "reportedCurrency": "USD", "grossProfit": "1097000000", "totalRevenue": "2491000000", "costOfRevenue": "1394000000", "costofGoodsAndServicesSold": "1394000000", "operatingIncome": "50000000", "sellingGeneralAndAdministrative": "362000000", "researchAndDevelopment": "431000000", "operatingExpenses": "793000000", "investmentIncomeNet": "None", "netInterestIncome": "None", "interestIncome": "None", "interestExpense": "0", "nonInterestIncome": "None", "otherNonOperatingIncome": "None", "depreciation": "None", "depreciationAndAmortization": "293000000", "incomeBeforeTax": "36000000", "incomeTaxExpense": "-71000000", "interestAndDebtExpense": "None", "netIncomeFromContinuingOperations": "0", "comprehensiveIncomeNetOfTax": "None", "ebit": "94000000", "ebitda": "387000000", "netIncome": "107000000"}, {"fiscalDateEnding": "2008-09-30", "reportedCurrency": "USD", "grossProfit": "1643000000", "totalRevenue": "3387000000", "costOfRevenue": "1744000000", "costofGoodsAndServicesSold": "1744000000", "operatingIncome": "746000000", "sellingGeneralAndAdministrative": "390000000", "researchAndDevelopment": "507000000", "operatingExpenses": "897000000", "investmentIncomeNet": "None", "netInterestIncome": "None", "interestIncome": "None", "interestExpense": "0", "nonInterestIncome": "None", "otherNonOperatingIncome": "None", "depreciation": "None", "depreciationAndAmortization": "260000000", "incomeBeforeTax": "756000000", "incomeTaxExpense": "193000000", "interestAndDebtExpense": "None", "netIncomeFromContinuingOperations": "0", "comprehensiveIncomeNetOfTax": "None", "ebit": "486000000", "ebitda": "746000000", "netIncome": "563000000"}, {"fiscalDateEnding": "2008-06-30", "reportedCurrency": "USD", "grossProfit": "1749000000", "totalRevenue": "3351000000", "costOfRevenue": "1602000000", "costofGoodsAndServicesSold": "1602000000", "operatingIncome": "833000000", "sellingGeneralAndAdministrative": "428000000", "researchAndDevelopment": "488000000", "operatingExpenses": "916000000", "investmentIncomeNet": "None", "netInterestIncome": "None", "interestIncome": "None", "interestExpense": "0", "nonInterestIncome": "None", "otherNonOperatingIncome": "None", "depreciation": "None", "depreciationAndAmortization": "255000000", "incomeBeforeTax": "850000000", "incomeTaxExpense": "262000000", "interestAndDebtExpense": "None", "netIncomeFromContinuingOperations": "0", "comprehensiveIncomeNetOfTax": "None", "ebit": "578000000", "ebitda": "833000000", "netIncome": "588000000"}, {"fiscalDateEnding": "2008-03-31", "reportedCurrency": "USD", "grossProfit": "1756000000", "totalRevenue": "3272000000", "costOfRevenue": "1516000000", "costofGoodsAndServicesSold": "1516000000", "operatingIncome": "807000000", "sellingGeneralAndAdministrative": "435000000", "researchAndDevelopment": "514000000", "operatingExpenses": "949000000", "investmentIncomeNet": "None", "netInterestIncome": "None", "interestIncome": "None", "interestExpense": "0", "nonInterestIncome": "None", "otherNonOperatingIncome": "None", "depreciation": "None", "depreciationAndAmortization": "251000000", "incomeBeforeTax": "840000000", "incomeTaxExpense": "178000000", "interestAndDebtExpense": "None", "netIncomeFromContinuingOperations": "0", "comprehensiveIncomeNetOfTax": "None", "ebit": "556000000", "ebitda": "807000000", "netIncome": "662000000"}, {"fiscalDateEnding": "2007-12-31", "reportedCurrency": "USD", "grossProfit": "1927000000", "totalRevenue": "3556000000", "costOfRevenue": "1629000000", "costofGoodsAndServicesSold": "1629000000", "operatingIncome": "996000000", "sellingGeneralAndAdministrative": "422000000", "researchAndDevelopment": "509000000", "operatingExpenses": "931000000", "investmentIncomeNet": "None", "netInterestIncome": "None", "interestIncome": "None", "interestExpense": "1000000", "nonInterestIncome": "None", "otherNonOperatingIncome": "None", "depreciation": "None", "depreciationAndAmortization": "189000000", "incomeBeforeTax": "1042000000", "incomeTaxExpense": "289000000", "interestAndDebtExpense": "None", "netIncomeFromContinuingOperations": "0", "comprehensiveIncomeNetOfTax": "None", "ebit": "996000000", "ebitda": "1185000000", "netIncome": "755000000"}, {"fiscalDateEnding": "2007-09-30", "reportedCurrency": "USD", "grossProfit": "1984000000", "totalRevenue": "3663000000", "costOfRevenue": "1679000000", "costofGoodsAndServicesSold": "1679000000", "operatingIncome": "1013000000", "sellingGeneralAndAdministrative": "429000000", "researchAndDevelopment": "542000000", "operatingExpenses": "971000000", "investmentIncomeNet": "None", "netInterestIncome": "None", "interestIncome": "None", "interestExpense": "0", "nonInterestIncome": "None", "otherNonOperatingIncome": "None", "depreciation": "None", "depreciationAndAmortization": "296000000", "incomeBeforeTax": "1066000000", "incomeTaxExpense": "308000000", "interestAndDebtExpense": "None", "netIncomeFromContinuingOperations": "0", "comprehensiveIncomeNetOfTax": "None", "ebit": "717000000", "ebitda": "1013000000", "netIncome": "776000000"}, {"fiscalDateEnding": "2007-06-30", "reportedCurrency": "USD", "grossProfit": "1784000000", "totalRevenue": "3424000000", "costOfRevenue": "1640000000", "costofGoodsAndServicesSold": "1640000000", "operatingIncome": "809000000", "sellingGeneralAndAdministrative": "424000000", "researchAndDevelopment": "551000000", "operatingExpenses": "975000000", "investmentIncomeNet": "None", "netInterestIncome": "None", "interestIncome": "None", "interestExpense": "1000000", "nonInterestIncome": "None", "otherNonOperatingIncome": "None", "depreciation": "None", "depreciationAndAmortization": "294000000", "incomeBeforeTax": "865000000", "incomeTaxExpense": "251000000", "interestAndDebtExpense": "None", "netIncomeFromContinuingOperations": "0", "comprehensiveIncomeNetOfTax": "None", "ebit": "515000000", "ebitda": "809000000", "netIncome": "610000000"}, {"fiscalDateEnding": "2007-03-31", "reportedCurrency": "USD", "grossProfit": "1637000000", "totalRevenue": "3191000000", "costOfRevenue": "1554000000", "costofGoodsAndServicesSold": "1554000000", "operatingIncome": "680000000", "sellingGeneralAndAdministrative": "405000000", "researchAndDevelopment": "552000000", "operatingExpenses": "957000000", "investmentIncomeNet": "None", "netInterestIncome": "None", "interestIncome": "None", "interestExpense": "1000000", "nonInterestIncome": "None", "otherNonOperatingIncome": "None", "depreciation": "None", "depreciationAndAmortization": "291000000", "incomeBeforeTax": "719000000", "incomeTaxExpense": "203000000", "interestAndDebtExpense": "None", "netIncomeFromContinuingOperations": "0", "comprehensiveIncomeNetOfTax": "None", "ebit": "389000000", "ebitda": "680000000", "netIncome": "516000000"}, {"fiscalDateEnding": "2006-12-31", "reportedCurrency": "USD", "grossProfit": "1748000000", "totalRevenue": "3463000000", "costOfRevenue": "1715000000", "costofGoodsAndServicesSold": "1715000000", "operatingIncome": "766000000", "sellingGeneralAndAdministrative": "426000000", "researchAndDevelopment": "556000000", "operatingExpenses": "982000000", "investmentIncomeNet": "None", "netInterestIncome": "None", "interestIncome": "None", "interestExpense": "1000000", "nonInterestIncome": "None", "otherNonOperatingIncome": "None", "depreciation": "None", "depreciationAndAmortization": "287000000", "incomeBeforeTax": "836000000", "incomeTaxExpense": "166000000", "interestAndDebtExpense": "None", "netIncomeFromContinuingOperations": "0", "comprehensiveIncomeNetOfTax": "None", "ebit": "766000000", "ebitda": "1053000000", "netIncome": "668000000"}, {"fiscalDateEnding": "2006-09-30", "reportedCurrency": "USD", "grossProfit": "1932000000", "totalRevenue": "3761000000", "costOfRevenue": "1829000000", "costofGoodsAndServicesSold": "1829000000", "operatingIncome": "930000000", "sellingGeneralAndAdministrative": "432000000", "researchAndDevelopment": "570000000", "operatingExpenses": "1002000000", "investmentIncomeNet": "None", "netInterestIncome": "None", "interestIncome": "None", "interestExpense": "1000000", "nonInterestIncome": "None", "otherNonOperatingIncome": "None", "depreciation": "None", "depreciationAndAmortization": "307000000", "incomeBeforeTax": "984000000", "incomeTaxExpense": "298000000", "interestAndDebtExpense": "None", "netIncomeFromContinuingOperations": "0", "comprehensiveIncomeNetOfTax": "None", "ebit": "623000000", "ebitda": "930000000", "netIncome": "702000000"}, {"fiscalDateEnding": "2006-06-30", "reportedCurrency": "USD", "grossProfit": "1907000000", "totalRevenue": "3697000000", "costOfRevenue": "1790000000", "costofGoodsAndServicesSold": "1790000000", "operatingIncome": "953000000", "sellingGeneralAndAdministrative": "418000000", "researchAndDevelopment": "536000000", "operatingExpenses": "954000000", "investmentIncomeNet": "None", "netInterestIncome": "None", "interestIncome": "None", "interestExpense": "2000000", "nonInterestIncome": "None", "otherNonOperatingIncome": "None", "depreciation": "None", "depreciationAndAmortization": "311000000", "incomeBeforeTax": "1039000000", "incomeTaxExpense": "300000000", "interestAndDebtExpense": "None", "netIncomeFromContinuingOperations": "0", "comprehensiveIncomeNetOfTax": "None", "ebit": "642000000", "ebitda": "953000000", "netIncome": "2387000000"}, {"fiscalDateEnding": "2006-03-31", "reportedCurrency": "USD", "grossProfit": "1672000000", "totalRevenue": "3334000000", "costOfRevenue": "1662000000", "costofGoodsAndServicesSold": "1662000000", "operatingIncome": "718000000", "sellingGeneralAndAdministrative": "421000000", "researchAndDevelopment": "533000000", "operatingExpenses": "954000000", "investmentIncomeNet": "None", "netInterestIncome": "None", "interestIncome": "None", "interestExpense": "3000000", "nonInterestIncome": "None", "otherNonOperatingIncome": "None", "depreciation": "None", "depreciationAndAmortization": "316000000", "incomeBeforeTax": "767000000", "incomeTaxExpense": "225000000", "interestAndDebtExpense": "None", "netIncomeFromContinuingOperations": "0", "comprehensiveIncomeNetOfTax": "None", "ebit": "402000000", "ebitda": "718000000", "netIncome": "585000000"}, {"fiscalDateEnding": "2005-12-31", "reportedCurrency": "USD", "grossProfit": "1735000000", "totalRevenue": "3592000000", "costOfRevenue": "1857000000", "costofGoodsAndServicesSold": "1857000000", "operatingIncome": "810000000", "sellingGeneralAndAdministrative": "425000000", "researchAndDevelopment": "500000000", "operatingExpenses": "925000000", "investmentIncomeNet": "None", "netInterestIncome": "None", "interestIncome": "None", "interestExpense": "3000000", "nonInterestIncome": "None", "otherNonOperatingIncome": "None", "depreciation": "None", "depreciationAndAmortization": "484000000", "incomeBeforeTax": "860000000", "incomeTaxExpense": "205000000", "interestAndDebtExpense": "None", "netIncomeFromContinuingOperations": "0", "comprehensiveIncomeNetOfTax": "None", "ebit": "810000000", "ebitda": "1294000000", "netIncome": "655000000"}, {"fiscalDateEnding": "2005-09-30", "reportedCurrency": "USD", "grossProfit": "1771000000", "totalRevenue": "3590000000", "costOfRevenue": "1819000000", "costofGoodsAndServicesSold": "1819000000", "operatingIncome": "815000000", "sellingGeneralAndAdministrative": "429000000", "researchAndDevelopment": "527000000", "operatingExpenses": "956000000", "investmentIncomeNet": "None", "netInterestIncome": "None", "interestIncome": "None", "interestExpense": "2000000", "nonInterestIncome": "None", "otherNonOperatingIncome": "None", "depreciation": "None", "depreciationAndAmortization": "352000000", "incomeBeforeTax": "862000000", "incomeTaxExpense": "231000000", "interestAndDebtExpense": "None", "netIncomeFromContinuingOperations": "0", "comprehensiveIncomeNetOfTax": "None", "ebit": "786000000", "ebitda": "1138000000", "netIncome": "631000000"}, {"fiscalDateEnding": "2005-06-30", "reportedCurrency": "USD", "grossProfit": "1521000000", "totalRevenue": "3239000000", "costOfRevenue": "1718000000", "costofGoodsAndServicesSold": "1718000000", "operatingIncome": "669000000", "sellingGeneralAndAdministrative": "359000000", "researchAndDevelopment": "493000000", "operatingExpenses": "852000000", "investmentIncomeNet": "None", "netInterestIncome": "None", "interestIncome": "None", "interestExpense": "2000000", "nonInterestIncome": "None", "otherNonOperatingIncome": "None", "depreciation": "None", "depreciationAndAmortization": "360000000", "incomeBeforeTax": "723000000", "incomeTaxExpense": "95000000", "interestAndDebtExpense": "None", "netIncomeFromContinuingOperations": "0", "comprehensiveIncomeNetOfTax": "None", "ebit": "625000000", "ebitda": "985000000", "netIncome": "628000000"}, {"fiscalDateEnding": "2005-03-31", "reportedCurrency": "USD", "grossProfit": "1336000000", "totalRevenue": "2972000000", "costOfRevenue": "1636000000", "costofGoodsAndServicesSold": "1636000000", "operatingIncome": "497000000", "sellingGeneralAndAdministrative": "344000000", "researchAndDevelopment": "495000000", "operatingExpenses": "839000000", "investmentIncomeNet": "None", "netInterestIncome": "None", "interestIncome": "None", "interestExpense": "2000000", "nonInterestIncome": "None", "otherNonOperatingIncome": "None", "depreciation": "None", "depreciationAndAmortization": "362000000", "incomeBeforeTax": "543000000", "incomeTaxExpense": "132000000", "interestAndDebtExpense": "None", "netIncomeFromContinuingOperations": "0", "comprehensiveIncomeNetOfTax": "None", "ebit": "135000000", "ebitda": "497000000", "netIncome": "411000000"}, {"fiscalDateEnding": "2004-12-31", "reportedCurrency": "USD", "grossProfit": "1334000000", "totalRevenue": "3153000000", "costOfRevenue": "1819000000", "costofGoodsAndServicesSold": "1819000000", "operatingIncome": "484000000", "sellingGeneralAndAdministrative": "362000000", "researchAndDevelopment": "488000000", "operatingExpenses": "850000000", "investmentIncomeNet": "None", "netInterestIncome": "None", "interestIncome": "None", "interestExpense": "2000000", "nonInterestIncome": "None", "otherNonOperatingIncome": "None", "depreciation": "None", "depreciationAndAmortization": "406000000", "incomeBeforeTax": "568000000", "incomeTaxExpense": "78000000", "interestAndDebtExpense": "None", "netIncomeFromContinuingOperations": "0", "comprehensiveIncomeNetOfTax": "None", "ebit": "484000000", "ebitda": "890000000", "netIncome": "490000000"}]}