{"Meta Data": {"1. Information": "Daily Time Series with Splits and Dividend Events", "2. Symbol": "VLTO", "3. Last Refreshed": "2025-04-22", "4. Output Size": "Compact", "5. Time Zone": "US/Eastern"}, "Time Series (Daily)": {"2025-04-22": {"1. open": "88.13", "2. high": "89.68", "3. low": "87.35", "4. close": "89.18", "5. adjusted close": "89.18", "6. volume": "1478764", "7. dividend amount": "0.0000", "8. split coefficient": "1.0"}, "2025-04-21": {"1. open": "88.46", "2. high": "88.8", "3. low": "86.33", "4. close": "87.2", "5. adjusted close": "87.2", "6. volume": "1571218", "7. dividend amount": "0.0000", "8. split coefficient": "1.0"}, "2025-04-17": {"1. open": "89.93", "2. high": "90.37", "3. low": "89.23", "4. close": "89.54", "5. adjusted close": "89.54", "6. volume": "1691548", "7. dividend amount": "0.0000", "8. split coefficient": "1.0"}, "2025-04-16": {"1. open": "89.94", "2. high": "90.725", "3. low": "88.9", "4. close": "89.33", "5. adjusted close": "89.33", "6. volume": "1493685", "7. dividend amount": "0.0000", "8. split coefficient": "1.0"}, "2025-04-15": {"1. open": "90.3", "2. high": "91.12", "3. low": "89.99", "4. close": "90.06", "5. adjusted close": "90.06", "6. volume": "1212915", "7. dividend amount": "0.0000", "8. split coefficient": "1.0"}, "2025-04-14": {"1. open": "90.53", "2. high": "91.3", "3. low": "89.89", "4. close": "90.68", "5. adjusted close": "90.68", "6. volume": "1235478", "7. dividend amount": "0.0000", "8. split coefficient": "1.0"}, "2025-04-11": {"1. open": "88.73", "2. high": "90.55", "3. low": "87.57", "4. close": "89.62", "5. adjusted close": "89.62", "6. volume": "2132306", "7. dividend amount": "0.0000", "8. split coefficient": "1.0"}, "2025-04-10": {"1. open": "89.93", "2. high": "90.535", "3. low": "86.56", "4. close": "88.7", "5. adjusted close": "88.7", "6. volume": "1722667", "7. dividend amount": "0.0000", "8. split coefficient": "1.0"}, "2025-04-09": {"1. open": "84.88", "2. high": "91.8", "3. low": "83.865", "4. close": "91.13", "5. adjusted close": "91.13", "6. volume": "2080654", "7. dividend amount": "0.0000", "8. split coefficient": "1.0"}, "2025-04-08": {"1. open": "89.56", "2. high": "90.0", "3. low": "84.24", "4. close": "85.32", "5. adjusted close": "85.32", "6. volume": "2034217", "7. dividend amount": "0.0000", "8. split coefficient": "1.0"}, "2025-04-07": {"1. open": "87.82", "2. high": "89.97", "3. low": "84.0", "4. close": "87.11", "5. adjusted close": "87.11", "6. volume": "2395182", "7. dividend amount": "0.0000", "8. split coefficient": "1.0"}, "2025-04-04": {"1. open": "92.82", "2. high": "92.82", "3. low": "88.68", "4. close": "88.82", "5. adjusted close": "88.82", "6. volume": "2531483", "7. dividend amount": "0.0000", "8. split coefficient": "1.0"}, "2025-04-03": {"1. open": "97.15", "2. high": "98.14", "3. low": "93.73", "4. close": "93.9", "5. adjusted close": "93.9", "6. volume": "1780628", "7. dividend amount": "0.0000", "8. split coefficient": "1.0"}, "2025-04-02": {"1. open": "97.14", "2. high": "98.78", "3. low": "96.43", "4. close": "98.68", "5. adjusted close": "98.68", "6. volume": "791077", "7. dividend amount": "0.0000", "8. split coefficient": "1.0"}, "2025-04-01": {"1. open": "97.05", "2. high": "98.1", "3. low": "96.76", "4. close": "97.62", "5. adjusted close": "97.62", "6. volume": "1380053", "7. dividend amount": "0.0000", "8. split coefficient": "1.0"}, "2025-03-31": {"1. open": "95.91", "2. high": "98.08", "3. low": "95.5", "4. close": "97.45", "5. adjusted close": "97.45", "6. volume": "2346356", "7. dividend amount": "0.1100", "8. split coefficient": "1.0"}, "2025-03-28": {"1. open": "97.7", "2. high": "98.23", "3. low": "95.93", "4. close": "96.04", "5. adjusted close": "95.9317138171382", "6. volume": "834864", "7. dividend amount": "0.0000", "8. split coefficient": "1.0"}, "2025-03-27": {"1. open": "98.02", "2. high": "98.675", "3. low": "97.16", "4. close": "97.89", "5. adjusted close": "97.7796279212792", "6. volume": "947726", "7. dividend amount": "0.0000", "8. split coefficient": "1.0"}, "2025-03-26": {"1. open": "98.01", "2. high": "99.05", "3. low": "97.37", "4. close": "97.73", "5. adjusted close": "97.6198083230832", "6. volume": "1489936", "7. dividend amount": "0.0000", "8. split coefficient": "1.0"}, "2025-03-25": {"1. open": "98.63", "2. high": "98.83", "3. low": "96.84", "4. close": "97.75", "5. adjusted close": "97.6397857728577", "6. volume": "1201947", "7. dividend amount": "0.0000", "8. split coefficient": "1.0"}, "2025-03-24": {"1. open": "98.56", "2. high": "99.78", "3. low": "97.95", "4. close": "98.26", "5. adjusted close": "98.1492107421074", "6. volume": "1093983", "7. dividend amount": "0.0000", "8. split coefficient": "1.0"}, "2025-03-21": {"1. open": "97.43", "2. high": "97.795", "3. low": "96.03", "4. close": "97.77", "5. adjusted close": "97.6597632226322", "6. volume": "2879774", "7. dividend amount": "0.0000", "8. split coefficient": "1.0"}, "2025-03-20": {"1. open": "99.12", "2. high": "99.28", "3. low": "97.96", "4. close": "98.14", "5. adjusted close": "98.0293460434604", "6. volume": "1061767", "7. dividend amount": "0.0000", "8. split coefficient": "1.0"}, "2025-03-19": {"1. open": "98.45", "2. high": "99.75", "3. low": "98.3272", "4. close": "99.26", "5. adjusted close": "99.1480832308323", "6. volume": "1021247", "7. dividend amount": "0.0000", "8. split coefficient": "1.0"}, "2025-03-18": {"1. open": "98.18", "2. high": "98.52", "3. low": "97.33", "4. close": "98.36", "5. adjusted close": "98.2490979909799", "6. volume": "1315774", "7. dividend amount": "0.0000", "8. split coefficient": "1.0"}, "2025-03-17": {"1. open": "97.68", "2. high": "99.14", "3. low": "97.41", "4. close": "98.45", "5. adjusted close": "98.3389965149652", "6. volume": "1189313", "7. dividend amount": "0.0000", "8. split coefficient": "1.0"}, "2025-03-14": {"1. open": "96.78", "2. high": "98.32", "3. low": "96.1136", "4. close": "97.95", "5. adjusted close": "97.8395602706027", "6. volume": "2056804", "7. dividend amount": "0.0000", "8. split coefficient": "1.0"}, "2025-03-13": {"1. open": "94.98", "2. high": "95.8699", "3. low": "94.35", "4. close": "95.73", "5. adjusted close": "95.6220633456335", "6. volume": "1368083", "7. dividend amount": "0.0000", "8. split coefficient": "1.0"}, "2025-03-12": {"1. open": "97.26", "2. high": "97.77", "3. low": "95.36", "4. close": "95.43", "5. adjusted close": "95.322401599016", "6. volume": "1373937", "7. dividend amount": "0.0000", "8. split coefficient": "1.0"}, "2025-03-11": {"1. open": "100.59", "2. high": "100.59", "3. low": "96.92", "4. close": "96.99", "5. adjusted close": "96.8806426814268", "6. volume": "2197353", "7. dividend amount": "0.0000", "8. split coefficient": "1.0"}, "2025-03-10": {"1. open": "99.76", "2. high": "102.44", "3. low": "99.01", "4. close": "100.33", "5. adjusted close": "100.216876793768", "6. volume": "1436621", "7. dividend amount": "0.0000", "8. split coefficient": "1.0"}, "2025-03-07": {"1. open": "97.58", "2. high": "100.27", "3. low": "97.3", "4. close": "100.12", "5. adjusted close": "100.007113571136", "6. volume": "1444817", "7. dividend amount": "0.0000", "8. split coefficient": "1.0"}, "2025-03-06": {"1. open": "98.23", "2. high": "98.56", "3. low": "97.15", "4. close": "97.95", "5. adjusted close": "97.8395602706027", "6. volume": "1175122", "7. dividend amount": "0.0000", "8. split coefficient": "1.0"}, "2025-03-05": {"1. open": "98.0", "2. high": "99.61", "3. low": "97.6417", "4. close": "98.62", "5. adjusted close": "98.5088048380484", "6. volume": "1427133", "7. dividend amount": "0.0000", "8. split coefficient": "1.0"}, "2025-03-04": {"1. open": "99.45", "2. high": "100.76", "3. low": "98.7527", "4. close": "98.88", "5. adjusted close": "98.7685116851168", "6. volume": "1281523", "7. dividend amount": "0.0000", "8. split coefficient": "1.0"}, "2025-03-03": {"1. open": "99.81", "2. high": "101.435", "3. low": "98.98", "4. close": "99.87", "5. adjusted close": "99.7573954489545", "6. volume": "1009586", "7. dividend amount": "0.0000", "8. split coefficient": "1.0"}, "2025-02-28": {"1. open": "99.55", "2. high": "100.48", "3. low": "98.95", "4. close": "99.76", "5. adjusted close": "99.6475194751948", "6. volume": "1947750", "7. dividend amount": "0.0000", "8. split coefficient": "1.0"}, "2025-02-27": {"1. open": "99.39", "2. high": "100.75", "3. low": "98.99", "4. close": "99.16", "5. adjusted close": "99.0481959819598", "6. volume": "847770", "7. dividend amount": "0.0000", "8. split coefficient": "1.0"}, "2025-02-26": {"1. open": "101.15", "2. high": "101.46", "3. low": "99.39", "4. close": "99.72", "5. adjusted close": "99.6075645756458", "6. volume": "1237684", "7. dividend amount": "0.0000", "8. split coefficient": "1.0"}, "2025-02-25": {"1. open": "100.62", "2. high": "102.25", "3. low": "99.4001", "4. close": "100.65", "5. adjusted close": "100.53651599016", "6. volume": "1990659", "7. dividend amount": "0.0000", "8. split coefficient": "1.0"}, "2025-02-24": {"1. open": "98.6", "2. high": "100.28", "3. low": "97.9433", "4. close": "100.07", "5. adjusted close": "99.9571699466995", "6. volume": "1592854", "7. dividend amount": "0.0000", "8. split coefficient": "1.0"}, "2025-02-21": {"1. open": "97.33", "2. high": "98.33", "3. low": "96.6", "4. close": "98.15", "5. adjusted close": "98.0393347683477", "6. volume": "2816519", "7. dividend amount": "0.0000", "8. split coefficient": "1.0"}, "2025-02-20": {"1. open": "97.41", "2. high": "97.92", "3. low": "96.65", "4. close": "97.72", "5. adjusted close": "97.609819598196", "6. volume": "1114772", "7. dividend amount": "0.0000", "8. split coefficient": "1.0"}, "2025-02-19": {"1. open": "97.67", "2. high": "98.12", "3. low": "96.82", "4. close": "97.68", "5. adjusted close": "97.569864698647", "6. volume": "1195587", "7. dividend amount": "0.0000", "8. split coefficient": "1.0"}, "2025-02-18": {"1. open": "97.9", "2. high": "98.38", "3. low": "96.99", "4. close": "97.9", "5. adjusted close": "97.7896166461665", "6. volume": "2388254", "7. dividend amount": "0.0000", "8. split coefficient": "1.0"}, "2025-02-14": {"1. open": "99.99", "2. high": "99.99", "3. low": "97.98", "4. close": "97.99", "5. adjusted close": "97.8795151701517", "6. volume": "974522", "7. dividend amount": "0.0000", "8. split coefficient": "1.0"}, "2025-02-13": {"1. open": "100.27", "2. high": "100.55", "3. low": "98.55", "4. close": "99.75", "5. adjusted close": "99.6375307503075", "6. volume": "1576387", "7. dividend amount": "0.0000", "8. split coefficient": "1.0"}, "2025-02-12": {"1. open": "98.81", "2. high": "100.51", "3. low": "98.5", "4. close": "100.06", "5. adjusted close": "99.9471812218122", "6. volume": "1205978", "7. dividend amount": "0.0000", "8. split coefficient": "1.0"}, "2025-02-11": {"1. open": "99.6", "2. high": "100.12", "3. low": "98.28", "4. close": "99.81", "5. adjusted close": "99.697463099631", "6. volume": "938484", "7. dividend amount": "0.0000", "8. split coefficient": "1.0"}, "2025-02-10": {"1. open": "99.26", "2. high": "100.38", "3. low": "98.49", "4. close": "99.78", "5. adjusted close": "99.6674969249693", "6. volume": "1461479", "7. dividend amount": "0.0000", "8. split coefficient": "1.0"}, "2025-02-07": {"1. open": "98.33", "2. high": "99.23", "3. low": "96.69", "4. close": "98.81", "5. adjusted close": "98.6985906109061", "6. volume": "2182954", "7. dividend amount": "0.0000", "8. split coefficient": "1.0"}, "2025-02-06": {"1. open": "96.01", "2. high": "98.49", "3. low": "95.63", "4. close": "98.44", "5. adjusted close": "98.3290077900779", "6. volume": "2281095", "7. dividend amount": "0.0000", "8. split coefficient": "1.0"}, "2025-02-05": {"1. open": "100.69", "2. high": "102.0", "3. low": "95.52", "4. close": "95.81", "5. adjusted close": "95.7019731447315", "6. volume": "2627796", "7. dividend amount": "0.0000", "8. split coefficient": "1.0"}, "2025-02-04": {"1. open": "102.2", "2. high": "103.38", "3. low": "100.8", "4. close": "100.98", "5. adjusted close": "100.866143911439", "6. volume": "2065565", "7. dividend amount": "0.0000", "8. split coefficient": "1.0"}, "2025-02-03": {"1. open": "102.02", "2. high": "102.59", "3. low": "100.49", "4. close": "101.17", "5. adjusted close": "101.055929684297", "6. volume": "1484369", "7. dividend amount": "0.0000", "8. split coefficient": "1.0"}, "2025-01-31": {"1. open": "103.67", "2. high": "104.7", "3. low": "103.35", "4. close": "103.39", "5. adjusted close": "103.273426609266", "6. volume": "994935", "7. dividend amount": "0.0000", "8. split coefficient": "1.0"}, "2025-01-30": {"1. open": "103.63", "2. high": "104.4", "3. low": "102.99", "4. close": "103.85", "5. adjusted close": "103.73290795408", "6. volume": "881455", "7. dividend amount": "0.0000", "8. split coefficient": "1.0"}, "2025-01-29": {"1. open": "103.39", "2. high": "104.0", "3. low": "102.63", "4. close": "102.85", "5. adjusted close": "102.734035465355", "6. volume": "891703", "7. dividend amount": "0.0000", "8. split coefficient": "1.0"}, "2025-01-28": {"1. open": "103.32", "2. high": "104.48", "3. low": "102.6", "4. close": "103.45", "5. adjusted close": "103.33335895859", "6. volume": "1265948", "7. dividend amount": "0.0000", "8. split coefficient": "1.0"}, "2025-01-27": {"1. open": "101.94", "2. high": "103.38", "3. low": "101.76", "4. close": "103.28", "5. adjusted close": "103.163550635506", "6. volume": "2060251", "7. dividend amount": "0.0000", "8. split coefficient": "1.0"}, "2025-01-24": {"1. open": "102.86", "2. high": "103.11", "3. low": "101.31", "4. close": "101.75", "5. adjusted close": "101.635275727757", "6. volume": "1441517", "7. dividend amount": "0.0000", "8. split coefficient": "1.0"}, "2025-01-23": {"1. open": "102.75", "2. high": "103.69", "3. low": "102.1", "4. close": "103.27", "5. adjusted close": "103.153561910619", "6. volume": "1680125", "7. dividend amount": "0.0000", "8. split coefficient": "1.0"}, "2025-01-22": {"1. open": "103.16", "2. high": "103.425", "3. low": "102.43", "4. close": "102.71", "5. adjusted close": "102.594193316933", "6. volume": "1190399", "7. dividend amount": "0.0000", "8. split coefficient": "1.0"}, "2025-01-21": {"1. open": "102.81", "2. high": "103.55", "3. low": "102.06", "4. close": "103.09", "5. adjusted close": "102.973764862649", "6. volume": "1761293", "7. dividend amount": "0.0000", "8. split coefficient": "1.0"}, "2025-01-17": {"1. open": "104.25", "2. high": "104.435", "3. low": "102.9", "4. close": "102.94", "5. adjusted close": "102.82393398934", "6. volume": "1372681", "7. dividend amount": "0.0000", "8. split coefficient": "1.0"}, "2025-01-16": {"1. open": "102.71", "2. high": "104.46", "3. low": "102.02", "4. close": "104.05", "5. adjusted close": "103.932682451825", "6. volume": "1369689", "7. dividend amount": "0.0000", "8. split coefficient": "1.0"}, "2025-01-15": {"1. open": "104.2", "2. high": "104.78", "3. low": "102.34", "4. close": "102.55", "5. adjusted close": "102.434373718737", "6. volume": "1718124", "7. dividend amount": "0.0000", "8. split coefficient": "1.0"}, "2025-01-14": {"1. open": "100.82", "2. high": "102.49", "3. low": "100.48", "4. close": "102.37", "5. adjusted close": "102.254576670767", "6. volume": "996081", "7. dividend amount": "0.0000", "8. split coefficient": "1.0"}, "2025-01-13": {"1. open": "100.12", "2. high": "101.36", "3. low": "99.77", "4. close": "101.14", "5. adjusted close": "101.025963509635", "6. volume": "1370247", "7. dividend amount": "0.0000", "8. split coefficient": "1.0"}, "2025-01-10": {"1. open": "100.89", "2. high": "101.216", "3. low": "99.83", "4. close": "100.1", "5. adjusted close": "99.9871361213612", "6. volume": "1272115", "7. dividend amount": "0.0000", "8. split coefficient": "1.0"}, "2025-01-08": {"1. open": "101.65", "2. high": "102.05", "3. low": "100.2", "4. close": "102.0", "5. adjusted close": "101.884993849939", "6. volume": "1034931", "7. dividend amount": "0.0000", "8. split coefficient": "1.0"}, "2025-01-07": {"1. open": "101.01", "2. high": "101.9592", "3. low": "100.32", "4. close": "101.65", "5. adjusted close": "101.535388478885", "6. volume": "1313507", "7. dividend amount": "0.0000", "8. split coefficient": "1.0"}, "2025-01-06": {"1. open": "100.69", "2. high": "101.41", "3. low": "99.99", "4. close": "101.17", "5. adjusted close": "101.055929684297", "6. volume": "1180407", "7. dividend amount": "0.0000", "8. split coefficient": "1.0"}, "2025-01-03": {"1. open": "100.29", "2. high": "101.195", "3. low": "99.8", "4. close": "100.8", "5. adjusted close": "100.686346863469", "6. volume": "903232", "7. dividend amount": "0.0000", "8. split coefficient": "1.0"}, "2025-01-02": {"1. open": "102.55", "2. high": "102.55", "3. low": "100.15", "4. close": "100.59", "5. adjusted close": "100.476583640836", "6. volume": "1315202", "7. dividend amount": "0.0000", "8. split coefficient": "1.0"}, "2024-12-31": {"1. open": "102.18", "2. high": "102.55", "3. low": "101.3388", "4. close": "101.85", "5. adjusted close": "101.73516297663", "6. volume": "644384", "7. dividend amount": "0.1100", "8. split coefficient": "1.0"}, "2024-12-30": {"1. open": "102.36", "2. high": "102.5", "3. low": "101.0905", "4. close": "102.01", "5. adjusted close": "101.785052719164", "6. volume": "528641", "7. dividend amount": "0.0000", "8. split coefficient": "1.0"}, "2024-12-27": {"1. open": "102.9", "2. high": "103.67", "3. low": "102.44", "4. close": "103.12", "5. adjusted close": "102.892605003433", "6. volume": "608796", "7. dividend amount": "0.0000", "8. split coefficient": "1.0"}, "2024-12-26": {"1. open": "102.86", "2. high": "104.08", "3. low": "102.75", "4. close": "103.87", "5. adjusted close": "103.640951141453", "6. volume": "580354", "7. dividend amount": "0.0000", "8. split coefficient": "1.0"}, "2024-12-24": {"1. open": "102.85", "2. high": "103.49", "3. low": "102.33", "4. close": "103.49", "5. adjusted close": "103.26178909819", "6. volume": "277542", "7. dividend amount": "0.0000", "8. split coefficient": "1.0"}, "2024-12-23": {"1. open": "103.1", "2. high": "103.99", "3. low": "102.2", "4. close": "102.89", "5. adjusted close": "102.663112187774", "6. volume": "949101", "7. dividend amount": "0.0000", "8. split coefficient": "1.0"}, "2024-12-20": {"1. open": "101.36", "2. high": "104.54", "3. low": "101.3", "4. close": "104.25", "5. adjusted close": "104.020113184716", "6. volume": "4807334", "7. dividend amount": "0.0000", "8. split coefficient": "1.0"}, "2024-12-19": {"1. open": "101.06", "2. high": "102.52", "3. low": "100.0", "4. close": "101.33", "5. adjusted close": "101.106552220693", "6. volume": "1738566", "7. dividend amount": "0.0000", "8. split coefficient": "1.0"}, "2024-12-18": {"1. open": "103.48", "2. high": "103.74", "3. low": "101.16", "4. close": "101.23", "5. adjusted close": "101.006772735624", "6. volume": "2211754", "7. dividend amount": "0.0000", "8. split coefficient": "1.0"}, "2024-12-17": {"1. open": "103.69", "2. high": "104.47", "3. low": "102.6", "4. close": "103.46", "5. adjusted close": "103.231855252669", "6. volume": "2706427", "7. dividend amount": "0.0000", "8. split coefficient": "1.0"}, "2024-12-16": {"1. open": "104.57", "2. high": "105.94", "3. low": "103.94", "4. close": "104.23", "5. adjusted close": "104.000157287702", "6. volume": "1247278", "7. dividend amount": "0.0000", "8. split coefficient": "1.0"}, "2024-12-13": {"1. open": "105.51", "2. high": "105.76", "3. low": "104.2", "4. close": "104.22", "5. adjusted close": "103.990179339195", "6. volume": "756295", "7. dividend amount": "0.0000", "8. split coefficient": "1.0"}, "2024-12-12": {"1. open": "105.0", "2. high": "106.56", "3. low": "104.56", "4. close": "105.79", "5. adjusted close": "105.556717254783", "6. volume": "859420", "7. dividend amount": "0.0000", "8. split coefficient": "1.0"}, "2024-12-11": {"1. open": "106.69", "2. high": "107.25", "3. low": "104.82", "4. close": "105.35", "5. adjusted close": "105.117687520478", "6. volume": "1183272", "7. dividend amount": "0.0000", "8. split coefficient": "1.0"}, "2024-12-10": {"1. open": "106.53", "2. high": "107.16", "3. low": "104.76", "4. close": "106.39", "5. adjusted close": "106.155394165199", "6. volume": "716492", "7. dividend amount": "0.0000", "8. split coefficient": "1.0"}, "2024-12-09": {"1. open": "107.03", "2. high": "107.15", "3. low": "105.38", "4. close": "106.75", "5. adjusted close": "106.514600311448", "6. volume": "1050894", "7. dividend amount": "0.0000", "8. split coefficient": "1.0"}, "2024-12-06": {"1. open": "105.61", "2. high": "106.68", "3. low": "105.25", "4. close": "106.53", "5. adjusted close": "106.295085444296", "6. volume": "1003356", "7. dividend amount": "0.0000", "8. split coefficient": "1.0"}, "2024-12-05": {"1. open": "106.93", "2. high": "107.34", "3. low": "105.09", "4. close": "105.29", "5. adjusted close": "105.057819829437", "6. volume": "1075067", "7. dividend amount": "0.0000", "8. split coefficient": "1.0"}, "2024-12-04": {"1. open": "107.16", "2. high": "107.95", "3. low": "106.92", "4. close": "107.52", "5. adjusted close": "107.282902346481", "6. volume": "1085422", "7. dividend amount": "0.0000", "8. split coefficient": "1.0"}, "2024-12-03": {"1. open": "106.65", "2. high": "107.73", "3. low": "105.49", "4. close": "107.28", "5. adjusted close": "107.043431582315", "6. volume": "1053470", "7. dividend amount": "0.0000", "8. split coefficient": "1.0"}, "2024-12-02": {"1. open": "108.0", "2. high": "108.0", "3. low": "105.58", "4. close": "106.63", "5. adjusted close": "106.394864929365", "6. volume": "1060851", "7. dividend amount": "0.0000", "8. split coefficient": "1.0"}, "2024-11-29": {"1. open": "108.06", "2. high": "108.545", "3. low": "107.76", "4. close": "108.19", "5. adjusted close": "107.951424896445", "6. volume": "586303", "7. dividend amount": "0.0000", "8. split coefficient": "1.0"}, "2024-11-27": {"1. open": "108.16", "2. high": "108.77", "3. low": "107.85", "4. close": "107.97", "5. adjusted close": "107.731910029293", "6. volume": "675082", "7. dividend amount": "0.0000", "8. split coefficient": "1.0"}, "2024-11-26": {"1. open": "108.78", "2. high": "108.9586", "3. low": "107.93", "4. close": "107.96", "5. adjusted close": "107.721932080786", "6. volume": "1369078", "7. dividend amount": "0.0000", "8. split coefficient": "1.0"}, "2024-11-25": {"1. open": "106.73", "2. high": "108.56", "3. low": "106.41", "4. close": "108.48", "5. adjusted close": "108.240785403146", "6. volume": "4014694", "7. dividend amount": "0.0000", "8. split coefficient": "1.0"}}}