{"Symbol": "DLR", "AssetType": "Common Stock", "Name": "Digital Realty Trust Inc", "Description": "Digital Realty Trust, Inc. is a real estate investment trust that invests in carrier-neutral data centers and provides colocation and peering services.", "CIK": "1297996", "Exchange": "NYSE", "Currency": "USD", "Country": "USA", "Sector": "REAL ESTATE & CONSTRUCTION", "Industry": "REAL ESTATE INVESTMENT TRUSTS", "Address": "FOUR EMBARCADERO CENTER, SUITE 3200, SAN FRANCISCO, CA, US", "OfficialSite": "https://www.digitalrealty.com", "FiscalYearEnd": "December", "LatestQuarter": "2024-12-31", "MarketCapitalization": "51689697000", "EBITDA": "2413809000", "PERatio": "92.48", "PEGRatio": "2.19", "BookValue": "61.22", "DividendPerShare": "4.88", "DividendYield": "0.0328", "EPS": "1.61", "RevenuePerShareTTM": "16.81", "ProfitMargin": "0.111", "OperatingMarginTTM": "0.161", "ReturnOnAssetsTTM": "0.0089", "ReturnOnEquityTTM": "0.0266", "RevenueTTM": "5434830000", "GrossProfitTTM": "2915715000", "DilutedEPSTTM": "1.61", "QuarterlyEarningsGrowthYOY": "14.87", "QuarterlyRevenueGrowthYOY": "0.045", "AnalystTargetPrice": "186.35", "AnalystRatingStrongBuy": "7", "AnalystRatingBuy": "12", "AnalystRatingHold": "6", "AnalystRatingSell": "0", "AnalystRatingStrongSell": "1", "TrailingPE": "92.48", "ForwardPE": "78.12", "PriceToSalesRatioTTM": "9.51", "PriceToBookRatio": "2.391", "EVToRevenue": "11.55", "EVToEBITDA": "22.37", "Beta": "0.94", "52WeekHigh": "195.06", "52WeekLow": "129.95", "50DayMovingAverage": "151.97", "200DayMovingAverage": "163.18", "SharesOutstanding": "336749000", "DividendDate": "2025-03-31", "ExDividendDate": "2025-03-14"}