{"symbol": "CEG", "annualReports": [{"fiscalDateEnding": "2024-12-31", "reportedCurrency": "USD", "totalAssets": "52926000000", "totalCurrentAssets": "2306000000", "cashAndCashEquivalentsAtCarryingValue": "109000000", "cashAndShortTermInvestments": "109000000", "inventory": "1600000000", "currentNetReceivables": "None", "totalNonCurrentAssets": "42150000000", "propertyPlantEquipment": "None", "accumulatedDepreciationAmortizationPPE": "None", "intangibleAssets": "None", "intangibleAssetsExcludingGoodwill": "None", "goodwill": "420000000", "investments": "None", "longTermInvestments": "640000000", "shortTermInvestments": "None", "otherCurrentAssets": "63000000", "otherNonCurrentAssets": "None", "totalLiabilities": "39387000000", "totalCurrentLiabilities": "6846000000", "currentAccountsPayable": "None", "deferredRevenue": "None", "currentDebt": "None", "shortTermDebt": "1028000000", "totalNonCurrentLiabilities": "32541000000", "capitalLeaseObligations": "None", "longTermDebt": "7384000000", "currentLongTermDebt": "1028000000", "longTermDebtNoncurrent": "None", "shortLongTermDebtTotal": "8412000000", "otherCurrentLiabilities": "5818000000", "otherNonCurrentLiabilities": "2585000000", "totalShareholderEquity": "13166000000", "treasuryStock": "None", "retainedEarnings": "4066000000", "commonStock": "11402000000", "commonStockSharesOutstanding": "315000000"}, {"fiscalDateEnding": "2023-12-31", "reportedCurrency": "USD", "totalAssets": "50758000000", "totalCurrentAssets": "8299000000", "cashAndCashEquivalentsAtCarryingValue": "368000000", "cashAndShortTermInvestments": "368000000", "inventory": "1500000000", "currentNetReceivables": "None", "totalNonCurrentAssets": "42459000000", "propertyPlantEquipment": "None", "accumulatedDepreciationAmortizationPPE": "None", "intangibleAssets": "155000000", "intangibleAssetsExcludingGoodwill": "155000000", "goodwill": "425000000", "investments": "None", "longTermInvestments": "16961000000", "shortTermInvestments": "14000000", "otherCurrentAssets": "3580000000", "otherNonCurrentAssets": "None", "totalLiabilities": "39472000000", "totalCurrentLiabilities": "6319000000", "currentAccountsPayable": "None", "deferredRevenue": "None", "currentDebt": "None", "shortTermDebt": "1765000000", "totalNonCurrentLiabilities": "33153000000", "capitalLeaseObligations": "None", "longTermDebt": "7496000000", "currentLongTermDebt": "1765000000", "longTermDebtNoncurrent": "None", "shortLongTermDebtTotal": "9261000000", "otherCurrentLiabilities": "3074000000", "otherNonCurrentLiabilities": "2421000000", "totalShareholderEquity": "10925000000", "treasuryStock": "None", "retainedEarnings": "761000000", "commonStock": "12355000000", "commonStockSharesOutstanding": "324000000"}, {"fiscalDateEnding": "2022-12-31", "reportedCurrency": "USD", "totalAssets": "46909000000", "totalCurrentAssets": "9360000000", "cashAndCashEquivalentsAtCarryingValue": "422000000", "cashAndShortTermInvestments": "422000000", "inventory": "1505000000", "currentNetReceivables": "None", "totalNonCurrentAssets": "37549000000", "propertyPlantEquipment": "19822000000", "accumulatedDepreciationAmortizationPPE": "None", "intangibleAssets": "178000000", "intangibleAssetsExcludingGoodwill": "178000000", "goodwill": "47000000", "investments": "None", "longTermInvestments": "14316000000", "shortTermInvestments": "-14114000000", "otherCurrentAssets": "4011000000", "otherNonCurrentAssets": "None", "totalLiabilities": "35537000000", "totalCurrentLiabilities": "7839000000", "currentAccountsPayable": "None", "deferredRevenue": "None", "currentDebt": "None", "shortTermDebt": "1369000000", "totalNonCurrentLiabilities": "27698000000", "capitalLeaseObligations": "None", "longTermDebt": "4466000000", "currentLongTermDebt": "1302000000", "longTermDebtNoncurrent": "None", "shortLongTermDebtTotal": "5768000000", "otherCurrentLiabilities": "3642000000", "otherNonCurrentLiabilities": "23232000000", "totalShareholderEquity": "11018000000", "treasuryStock": "None", "retainedEarnings": "-496000000", "commonStock": "13274000000", "commonStockSharesOutstanding": "328000000"}, {"fiscalDateEnding": "2021-12-31", "reportedCurrency": "USD", "totalAssets": "48086000000", "totalCurrentAssets": "7981000000", "cashAndCashEquivalentsAtCarryingValue": "504000000", "cashAndShortTermInvestments": "504000000", "inventory": "1288000000", "currentNetReceivables": "None", "totalNonCurrentAssets": "40105000000", "propertyPlantEquipment": "19612000000", "accumulatedDepreciationAmortizationPPE": "None", "intangibleAssets": "202000000", "intangibleAssetsExcludingGoodwill": "202000000", "goodwill": "2430000000", "investments": "None", "longTermInvestments": "16112000000", "shortTermInvestments": "43000000", "otherCurrentAssets": "3696000000", "otherNonCurrentAssets": "None", "totalLiabilities": "36472000000", "totalCurrentLiabilities": "7996000000", "currentAccountsPayable": "None", "deferredRevenue": "None", "currentDebt": "None", "shortTermDebt": "3374000000", "totalNonCurrentLiabilities": "28476000000", "capitalLeaseObligations": "None", "longTermDebt": "4894000000", "currentLongTermDebt": "3302000000", "longTermDebtNoncurrent": "None", "shortLongTermDebtTotal": "8196000000", "otherCurrentLiabilities": "2865000000", "otherNonCurrentLiabilities": "2343000000", "totalShareholderEquity": "11219000000", "treasuryStock": "None", "retainedEarnings": "768000000", "commonStock": "10482000000", "commonStockSharesOutstanding": "326663937"}, {"fiscalDateEnding": "2020-12-31", "reportedCurrency": "USD", "totalAssets": "48094000000", "totalCurrentAssets": "6947000000", "cashAndCashEquivalentsAtCarryingValue": "226000000", "cashAndShortTermInvestments": "226000000", "inventory": "1211000000", "currentNetReceivables": "None", "totalNonCurrentAssets": "41147000000", "propertyPlantEquipment": "20315000000", "accumulatedDepreciationAmortizationPPE": "None", "intangibleAssets": "47000000", "intangibleAssetsExcludingGoodwill": "47000000", "goodwill": "47000000", "investments": "None", "longTermInvestments": "14648000000", "shortTermInvestments": "195000000", "otherCurrentAssets": "3618000000", "otherNonCurrentAssets": "None", "totalLiabilities": "33418000000", "totalCurrentLiabilities": "5219000000", "currentAccountsPayable": "None", "deferredRevenue": "None", "currentDebt": "None", "shortTermDebt": "1454000000", "totalNonCurrentLiabilities": "28199000000", "capitalLeaseObligations": "None", "longTermDebt": "5890000000", "currentLongTermDebt": "1322000000", "longTermDebtNoncurrent": "None", "shortLongTermDebtTotal": "7212000000", "otherCurrentLiabilities": "2505000000", "otherNonCurrentLiabilities": "2516000000", "totalShareholderEquity": "12399000000", "treasuryStock": "None", "retainedEarnings": "2805000000", "commonStock": "9624000000", "commonStockSharesOutstanding": "326663937"}, {"fiscalDateEnding": "2019-12-31", "reportedCurrency": "USD", "totalAssets": "48995000000", "totalCurrentAssets": "7076000000", "cashAndCashEquivalentsAtCarryingValue": "303000000", "cashAndShortTermInvestments": "303000000", "inventory": "1262000000", "currentNetReceivables": "None", "totalNonCurrentAssets": "41919000000", "propertyPlantEquipment": "22299000000", "accumulatedDepreciationAmortizationPPE": "None", "intangibleAssets": "47000000", "intangibleAssetsExcludingGoodwill": "47000000", "goodwill": "47000000", "investments": "None", "longTermInvestments": "13425000000", "shortTermInvestments": "None", "otherCurrentAssets": "1762000000", "otherNonCurrentAssets": "None", "totalLiabilities": "33165000000", "totalCurrentLiabilities": "7289000000", "currentAccountsPayable": "None", "deferredRevenue": "None", "currentDebt": "None", "shortTermDebt": "3659000000", "totalNonCurrentLiabilities": "25876000000", "capitalLeaseObligations": "None", "longTermDebt": "4792000000", "currentLongTermDebt": "3502000000", "longTermDebtNoncurrent": "None", "shortLongTermDebtTotal": "8294000000", "otherCurrentLiabilities": "1921000000", "otherNonCurrentLiabilities": "2614000000", "totalShareholderEquity": "13484000000", "treasuryStock": "None", "retainedEarnings": "3950000000", "commonStock": "9566000000", "commonStockSharesOutstanding": "326663937"}, {"fiscalDateEnding": "2018-12-31", "reportedCurrency": "USD", "totalAssets": "47556000000", "totalCurrentAssets": "8433000000", "cashAndCashEquivalentsAtCarryingValue": "750000000", "cashAndShortTermInvestments": "750000000", "inventory": "1214000000", "currentNetReceivables": "None", "totalNonCurrentAssets": "39123000000", "propertyPlantEquipment": "20993000000", "accumulatedDepreciationAmortizationPPE": "None", "intangibleAssets": "371000000", "intangibleAssetsExcludingGoodwill": "371000000", "goodwill": "47000000", "investments": "None", "longTermInvestments": "None", "shortTermInvestments": "None", "otherCurrentAssets": "3355000000", "otherNonCurrentAssets": "None", "totalLiabilities": "32048000000", "totalCurrentLiabilities": "5769000000", "currentAccountsPayable": "None", "deferredRevenue": "None", "currentDebt": "None", "shortTermDebt": "1006000000", "totalNonCurrentLiabilities": "26279000000", "capitalLeaseObligations": "None", "longTermDebt": "None", "currentLongTermDebt": "None", "longTermDebtNoncurrent": "None", "shortLongTermDebtTotal": "8893000000", "otherCurrentLiabilities": "2916000000", "otherNonCurrentLiabilities": "None", "totalShareholderEquity": "13204000000", "treasuryStock": "None", "retainedEarnings": "3724000000", "commonStock": "9518000000", "commonStockSharesOutstanding": "326300000"}, {"fiscalDateEnding": "2017-12-31", "reportedCurrency": "USD", "totalAssets": "48457000000", "totalCurrentAssets": "6882000000", "cashAndCashEquivalentsAtCarryingValue": "416000000", "cashAndShortTermInvestments": "416000000", "inventory": "1201000000", "currentNetReceivables": "None", "totalNonCurrentAssets": "41575000000", "propertyPlantEquipment": "21645000000", "accumulatedDepreciationAmortizationPPE": "None", "intangibleAssets": "395000000", "intangibleAssetsExcludingGoodwill": "395000000", "goodwill": "47000000", "investments": "None", "longTermInvestments": "None", "shortTermInvestments": "None", "otherCurrentAssets": "2428000000", "otherNonCurrentAssets": "None", "totalLiabilities": "32498000000", "totalCurrentLiabilities": "4191000000", "currentAccountsPayable": "None", "deferredRevenue": "None", "currentDebt": "None", "shortTermDebt": "402000000", "totalNonCurrentLiabilities": "28307000000", "capitalLeaseObligations": "None", "longTermDebt": "None", "currentLongTermDebt": "None", "longTermDebtNoncurrent": "None", "shortLongTermDebtTotal": "9046000000", "otherCurrentLiabilities": "1992000000", "otherNonCurrentLiabilities": "None", "totalShareholderEquity": "13669000000", "treasuryStock": "None", "retainedEarnings": "4349000000", "commonStock": "9357000000", "commonStockSharesOutstanding": "None"}, {"fiscalDateEnding": "2016-12-31", "reportedCurrency": "None", "totalAssets": "46974000000", "totalCurrentAssets": "6528000000", "cashAndCashEquivalentsAtCarryingValue": "290000000", "cashAndShortTermInvestments": "290000000", "inventory": "1227000000", "currentNetReceivables": "None", "totalNonCurrentAssets": "40446000000", "propertyPlantEquipment": "None", "accumulatedDepreciationAmortizationPPE": "None", "intangibleAssets": "447000000", "intangibleAssetsExcludingGoodwill": "447000000", "goodwill": "47000000", "investments": "None", "longTermInvestments": "None", "shortTermInvestments": "None", "otherCurrentAssets": "2422000000", "otherNonCurrentAssets": "None", "totalLiabilities": "33718000000", "totalCurrentLiabilities": "5683000000", "currentAccountsPayable": "None", "deferredRevenue": "None", "currentDebt": "None", "shortTermDebt": "1871000000", "totalNonCurrentLiabilities": "28035000000", "capitalLeaseObligations": "None", "longTermDebt": "None", "currentLongTermDebt": "None", "longTermDebtNoncurrent": "None", "shortLongTermDebtTotal": "9995000000", "otherCurrentLiabilities": "2202000000", "otherNonCurrentLiabilities": "None", "totalShareholderEquity": "11482000000", "treasuryStock": "None", "retainedEarnings": "2275000000", "commonStock": "9261000000", "commonStockSharesOutstanding": "None"}, {"fiscalDateEnding": "2015-12-31", "reportedCurrency": "None", "totalAssets": "46529000000", "totalCurrentAssets": "6342000000", "cashAndCashEquivalentsAtCarryingValue": "431000000", "cashAndShortTermInvestments": "431000000", "inventory": "1264000000", "currentNetReceivables": "None", "totalNonCurrentAssets": "40187000000", "propertyPlantEquipment": "None", "accumulatedDepreciationAmortizationPPE": "None", "intangibleAssets": "484000000", "intangibleAssetsExcludingGoodwill": "484000000", "goodwill": "47000000", "investments": "None", "longTermInvestments": "None", "shortTermInvestments": "None", "otherCurrentAssets": "2469000000", "otherNonCurrentAssets": "None", "totalLiabilities": "33559000000", "totalCurrentLiabilities": "4933000000", "currentAccountsPayable": "None", "deferredRevenue": "None", "currentDebt": "None", "shortTermDebt": "1371000000", "totalNonCurrentLiabilities": "28626000000", "capitalLeaseObligations": "None", "longTermDebt": "None", "currentLongTermDebt": "None", "longTermDebtNoncurrent": "None", "shortLongTermDebtTotal": "10240000000", "otherCurrentLiabilities": "1979000000", "otherNonCurrentLiabilities": "None", "totalShareholderEquity": "11635000000", "treasuryStock": "None", "retainedEarnings": "2701000000", "commonStock": "8997000000", "commonStockSharesOutstanding": "None"}, {"fiscalDateEnding": "2014-12-31", "reportedCurrency": "None", "totalAssets": "44951000000", "totalCurrentAssets": "7311000000", "cashAndCashEquivalentsAtCarryingValue": "780000000", "cashAndShortTermInvestments": "780000000", "inventory": "1312000000", "currentNetReceivables": "None", "totalNonCurrentAssets": "37640000000", "propertyPlantEquipment": "None", "accumulatedDepreciationAmortizationPPE": "None", "intangibleAssets": "549000000", "intangibleAssetsExcludingGoodwill": "549000000", "goodwill": "47000000", "investments": "None", "longTermInvestments": "None", "shortTermInvestments": "None", "otherCurrentAssets": "2811000000", "otherNonCurrentAssets": "None", "totalLiabilities": "30900000000", "totalCurrentLiabilities": "4459000000", "currentAccountsPayable": "None", "deferredRevenue": "None", "currentDebt": "None", "shortTermDebt": "650000000", "totalNonCurrentLiabilities": "26441000000", "capitalLeaseObligations": "None", "longTermDebt": "None", "currentLongTermDebt": "None", "longTermDebtNoncurrent": "None", "shortLongTermDebtTotal": "8232000000", "otherCurrentLiabilities": "2038000000", "otherNonCurrentLiabilities": "None", "totalShareholderEquity": "12718000000", "treasuryStock": "None", "retainedEarnings": "3803000000", "commonStock": "8951000000", "commonStockSharesOutstanding": "None"}, {"fiscalDateEnding": "2013-12-31", "reportedCurrency": "None", "totalAssets": "41232000000", "totalCurrentAssets": "6439000000", "cashAndCashEquivalentsAtCarryingValue": "1258000000", "cashAndShortTermInvestments": "1258000000", "inventory": "835000000", "currentNetReceivables": "None", "totalNonCurrentAssets": "34793000000", "propertyPlantEquipment": "None", "accumulatedDepreciationAmortizationPPE": "None", "intangibleAssets": "710000000", "intangibleAssetsExcludingGoodwill": "710000000", "goodwill": "None", "investments": "None", "longTermInvestments": "None", "shortTermInvestments": "None", "otherCurrentAssets": "2549000000", "otherNonCurrentAssets": "None", "totalLiabilities": "28490000000", "totalCurrentLiabilities": "3867000000", "currentAccountsPayable": "None", "deferredRevenue": "None", "currentDebt": "None", "shortTermDebt": "583000000", "totalNonCurrentLiabilities": "24623000000", "capitalLeaseObligations": "None", "longTermDebt": "None", "currentLongTermDebt": "None", "longTermDebtNoncurrent": "None", "shortLongTermDebtTotal": "7751000000", "otherCurrentLiabilities": "1856000000", "otherNonCurrentLiabilities": "None", "totalShareholderEquity": "12725000000", "treasuryStock": "None", "retainedEarnings": "3613000000", "commonStock": "8898000000", "commonStockSharesOutstanding": "None"}, {"fiscalDateEnding": "2012-12-31", "reportedCurrency": "None", "totalAssets": "40681000000", "totalCurrentAssets": "6211000000", "cashAndCashEquivalentsAtCarryingValue": "671000000", "cashAndShortTermInvestments": "671000000", "inventory": "756000000", "currentNetReceivables": "None", "totalNonCurrentAssets": "20136000000", "propertyPlantEquipment": "None", "accumulatedDepreciationAmortizationPPE": "None", "intangibleAssets": "1073000000", "intangibleAssetsExcludingGoodwill": "1073000000", "goodwill": "None", "investments": "None", "longTermInvestments": "None", "shortTermInvestments": "None", "otherCurrentAssets": "3161000000", "otherNonCurrentAssets": "None", "totalLiabilities": "28016000000", "totalCurrentLiabilities": "4097000000", "currentAccountsPayable": "None", "deferredRevenue": "None", "currentDebt": "None", "shortTermDebt": "None", "totalNonCurrentLiabilities": "7455000000", "capitalLeaseObligations": "None", "longTermDebt": "None", "currentLongTermDebt": "None", "longTermDebtNoncurrent": "None", "shortLongTermDebtTotal": "None", "otherCurrentLiabilities": "2569000000", "otherNonCurrentLiabilities": "None", "totalShareholderEquity": "12557000000", "treasuryStock": "None", "retainedEarnings": "3168000000", "commonStock": "8876000000", "commonStockSharesOutstanding": "None"}], "quarterlyReports": [{"fiscalDateEnding": "2024-12-31", "reportedCurrency": "USD", "totalAssets": "52926000000", "totalCurrentAssets": "10776000000", "cashAndCashEquivalentsAtCarryingValue": "3022000000", "cashAndShortTermInvestments": "3022000000", "inventory": "1600000000", "currentNetReceivables": "None", "totalNonCurrentAssets": "42150000000", "propertyPlantEquipment": "None", "accumulatedDepreciationAmortizationPPE": "None", "intangibleAssets": "None", "intangibleAssetsExcludingGoodwill": "None", "goodwill": "420000000", "investments": "None", "longTermInvestments": "640000000", "shortTermInvestments": "None", "otherCurrentAssets": "2436000000", "otherNonCurrentAssets": "None", "totalLiabilities": "39387000000", "totalCurrentLiabilities": "6846000000", "currentAccountsPayable": "None", "deferredRevenue": "None", "currentDebt": "None", "shortTermDebt": "1028000000", "totalNonCurrentLiabilities": "32541000000", "capitalLeaseObligations": "None", "longTermDebt": "7384000000", "currentLongTermDebt": "1028000000", "longTermDebtNoncurrent": "None", "shortLongTermDebtTotal": "8412000000", "otherCurrentLiabilities": "5818000000", "otherNonCurrentLiabilities": "2585000000", "totalShareholderEquity": "13166000000", "treasuryStock": "None", "retainedEarnings": "4066000000", "commonStock": "11402000000", "commonStockSharesOutstanding": "314000000"}, {"fiscalDateEnding": "2024-09-30", "reportedCurrency": "USD", "totalAssets": "51834000000", "totalCurrentAssets": "9270000000", "cashAndCashEquivalentsAtCarryingValue": "1793000000", "cashAndShortTermInvestments": "1793000000", "inventory": "1472000000", "currentNetReceivables": "None", "totalNonCurrentAssets": "42564000000", "propertyPlantEquipment": "None", "accumulatedDepreciationAmortizationPPE": "None", "intangibleAssets": "420000000", "intangibleAssetsExcludingGoodwill": "420000000", "goodwill": "420000000", "investments": "None", "longTermInvestments": "494000000", "shortTermInvestments": "1770000000", "otherCurrentAssets": "4240000000", "otherNonCurrentAssets": "None", "totalLiabilities": "38893000000", "totalCurrentLiabilities": "5452000000", "currentAccountsPayable": "None", "deferredRevenue": "None", "currentDebt": "None", "shortTermDebt": "1034000000", "totalNonCurrentLiabilities": "33441000000", "capitalLeaseObligations": "None", "longTermDebt": "7378000000", "currentLongTermDebt": "1034000000", "longTermDebtNoncurrent": "None", "shortLongTermDebtTotal": "8412000000", "otherCurrentLiabilities": "4418000000", "otherNonCurrentLiabilities": "3377000000", "totalShareholderEquity": "12570000000", "treasuryStock": "None", "retainedEarnings": "3325000000", "commonStock": "11379000000", "commonStockSharesOutstanding": "314000000"}, {"fiscalDateEnding": "2024-06-30", "reportedCurrency": "USD", "totalAssets": "51340000000", "totalCurrentAssets": "7852000000", "cashAndCashEquivalentsAtCarryingValue": "383000000", "cashAndShortTermInvestments": "383000000", "inventory": "1442000000", "currentNetReceivables": "None", "totalNonCurrentAssets": "43488000000", "propertyPlantEquipment": "None", "accumulatedDepreciationAmortizationPPE": "None", "intangibleAssets": "144000000", "intangibleAssetsExcludingGoodwill": "144000000", "goodwill": "420000000", "investments": "None", "longTermInvestments": "584000000", "shortTermInvestments": "None", "otherCurrentAssets": "3816000000", "otherNonCurrentAssets": "None", "totalLiabilities": "39559000000", "totalCurrentLiabilities": "5801000000", "currentAccountsPayable": "None", "deferredRevenue": "None", "currentDebt": "None", "shortTermDebt": "1715000000", "totalNonCurrentLiabilities": "33758000000", "capitalLeaseObligations": "None", "longTermDebt": "7409000000", "currentLongTermDebt": "1715000000", "longTermDebtNoncurrent": "None", "shortLongTermDebtTotal": "9124000000", "otherCurrentLiabilities": "2726000000", "otherNonCurrentLiabilities": "2971000000", "totalShareholderEquity": "11425000000", "treasuryStock": "None", "retainedEarnings": "2236000000", "commonStock": "11350000000", "commonStockSharesOutstanding": "316000000"}, {"fiscalDateEnding": "2024-03-31", "reportedCurrency": "USD", "totalAssets": "52014000000", "totalCurrentAssets": "8460000000", "cashAndCashEquivalentsAtCarryingValue": "645000000", "cashAndShortTermInvestments": "645000000", "inventory": "1385000000", "currentNetReceivables": "None", "totalNonCurrentAssets": "43554000000", "propertyPlantEquipment": "None", "accumulatedDepreciationAmortizationPPE": "None", "intangibleAssets": "150000000", "intangibleAssetsExcludingGoodwill": "150000000", "goodwill": "425000000", "investments": "None", "longTermInvestments": "623000000", "shortTermInvestments": "None", "otherCurrentAssets": "4103000000", "otherNonCurrentAssets": "None", "totalLiabilities": "40454000000", "totalCurrentLiabilities": "5922000000", "currentAccountsPayable": "None", "deferredRevenue": "None", "currentDebt": "None", "shortTermDebt": "1631000000", "totalNonCurrentLiabilities": "34532000000", "capitalLeaseObligations": "None", "longTermDebt": "8352000000", "currentLongTermDebt": "1631000000", "longTermDebtNoncurrent": "None", "shortLongTermDebtTotal": "9983000000", "otherCurrentLiabilities": "2982000000", "otherNonCurrentLiabilities": "2706000000", "totalShareholderEquity": "11199000000", "treasuryStock": "None", "retainedEarnings": "1532000000", "commonStock": "11847000000", "commonStockSharesOutstanding": "318000000"}, {"fiscalDateEnding": "2023-12-31", "reportedCurrency": "USD", "totalAssets": "50758000000", "totalCurrentAssets": "8299000000", "cashAndCashEquivalentsAtCarryingValue": "454000000", "cashAndShortTermInvestments": "454000000", "inventory": "1500000000", "currentNetReceivables": "None", "totalNonCurrentAssets": "42459000000", "propertyPlantEquipment": "None", "accumulatedDepreciationAmortizationPPE": "None", "intangibleAssets": "155000000", "intangibleAssetsExcludingGoodwill": "155000000", "goodwill": "425000000", "investments": "None", "longTermInvestments": "16961000000", "shortTermInvestments": "14000000", "otherCurrentAssets": "3494000000", "otherNonCurrentAssets": "None", "totalLiabilities": "39472000000", "totalCurrentLiabilities": "6319000000", "currentAccountsPayable": "None", "deferredRevenue": "None", "currentDebt": "None", "shortTermDebt": "1832000000", "totalNonCurrentLiabilities": "33153000000", "capitalLeaseObligations": "None", "longTermDebt": "7496000000", "currentLongTermDebt": "1765000000", "longTermDebtNoncurrent": "None", "shortLongTermDebtTotal": "9261000000", "otherCurrentLiabilities": "3185000000", "otherNonCurrentLiabilities": "2421000000", "totalShareholderEquity": "10925000000", "treasuryStock": "None", "retainedEarnings": "761000000", "commonStock": "12355000000", "commonStockSharesOutstanding": "320000000"}, {"fiscalDateEnding": "2023-09-30", "reportedCurrency": "USD", "totalAssets": "48965000000", "totalCurrentAssets": "9902000000", "cashAndCashEquivalentsAtCarryingValue": "1889000000", "cashAndShortTermInvestments": "1889000000", "inventory": "1422000000", "currentNetReceivables": "None", "totalNonCurrentAssets": "39063000000", "propertyPlantEquipment": "None", "accumulatedDepreciationAmortizationPPE": "None", "intangibleAssets": "None", "intangibleAssetsExcludingGoodwill": "None", "goodwill": "None", "investments": "None", "longTermInvestments": "15300000000", "shortTermInvestments": "None", "otherCurrentAssets": "4327000000", "otherNonCurrentAssets": "None", "totalLiabilities": "36965000000", "totalCurrentLiabilities": "5263000000", "currentAccountsPayable": "None", "deferredRevenue": "None", "currentDebt": "None", "shortTermDebt": "643000000", "totalNonCurrentLiabilities": "31702000000", "capitalLeaseObligations": "None", "longTermDebt": "7512000000", "currentLongTermDebt": "643000000", "longTermDebtNoncurrent": "None", "shortLongTermDebtTotal": "8155000000", "otherCurrentLiabilities": "4589000000", "otherNonCurrentLiabilities": "2474000000", "totalShareholderEquity": "11666000000", "treasuryStock": "None", "retainedEarnings": "887000000", "commonStock": "12576000000", "commonStockSharesOutstanding": "323000000"}, {"fiscalDateEnding": "2023-06-30", "reportedCurrency": "USD", "totalAssets": "46559000000", "totalCurrentAssets": "7575000000", "cashAndCashEquivalentsAtCarryingValue": "269000000", "cashAndShortTermInvestments": "269000000", "inventory": "1387000000", "currentNetReceivables": "None", "totalNonCurrentAssets": "38984000000", "propertyPlantEquipment": "20239000000", "accumulatedDepreciationAmortizationPPE": "None", "intangibleAssets": "166000000", "intangibleAssetsExcludingGoodwill": "166000000", "goodwill": "901000000", "investments": "None", "longTermInvestments": "14821000000", "shortTermInvestments": "480000000", "otherCurrentAssets": "3911000000", "otherNonCurrentAssets": "None", "totalLiabilities": "34947000000", "totalCurrentLiabilities": "5225000000", "currentAccountsPayable": "None", "deferredRevenue": "None", "currentDebt": "None", "shortTermDebt": "1045000000", "totalNonCurrentLiabilities": "29722000000", "capitalLeaseObligations": "None", "longTermDebt": "6156000000", "currentLongTermDebt": "1045000000", "longTermDebtNoncurrent": "None", "shortLongTermDebtTotal": "7201000000", "otherCurrentLiabilities": "2920000000", "otherNonCurrentLiabilities": "638000000", "totalShareholderEquity": "11256000000", "treasuryStock": "None", "retainedEarnings": "248000000", "commonStock": "12808000000", "commonStockSharesOutstanding": "325000000"}, {"fiscalDateEnding": "2023-03-31", "reportedCurrency": "USD", "totalAssets": "46158000000", "totalCurrentAssets": "8108000000", "cashAndCashEquivalentsAtCarryingValue": "237000000", "cashAndShortTermInvestments": "237000000", "inventory": "1344000000", "currentNetReceivables": "None", "totalNonCurrentAssets": "38050000000", "propertyPlantEquipment": "20074000000", "accumulatedDepreciationAmortizationPPE": "None", "intangibleAssets": "172000000", "intangibleAssetsExcludingGoodwill": "172000000", "goodwill": "None", "investments": "None", "longTermInvestments": "14606000000", "shortTermInvestments": "5000000", "otherCurrentAssets": "3838000000", "otherNonCurrentAssets": "None", "totalLiabilities": "35072000000", "totalCurrentLiabilities": "5947000000", "currentAccountsPayable": "None", "deferredRevenue": "None", "currentDebt": "None", "shortTermDebt": "866000000", "totalNonCurrentLiabilities": "29125000000", "capitalLeaseObligations": "None", "longTermDebt": "5763000000", "currentLongTermDebt": "866000000", "longTermDebtNoncurrent": "None", "shortLongTermDebtTotal": "6629000000", "otherCurrentLiabilities": "3523000000", "otherNonCurrentLiabilities": "645000000", "totalShareholderEquity": "10728000000", "treasuryStock": "None", "retainedEarnings": "-493000000", "commonStock": "13029000000", "commonStockSharesOutstanding": "328000000"}, {"fiscalDateEnding": "2022-12-31", "reportedCurrency": "USD", "totalAssets": "46909000000", "totalCurrentAssets": "9360000000", "cashAndCashEquivalentsAtCarryingValue": "422000000", "cashAndShortTermInvestments": "422000000", "inventory": "1505000000", "currentNetReceivables": "None", "totalNonCurrentAssets": "37549000000", "propertyPlantEquipment": "19822000000", "accumulatedDepreciationAmortizationPPE": "None", "intangibleAssets": "178000000", "intangibleAssetsExcludingGoodwill": "178000000", "goodwill": "47000000", "investments": "None", "longTermInvestments": "14316000000", "shortTermInvestments": "-14114000000", "otherCurrentAssets": "4011000000", "otherNonCurrentAssets": "None", "totalLiabilities": "35537000000", "totalCurrentLiabilities": "7839000000", "currentAccountsPayable": "None", "deferredRevenue": "None", "currentDebt": "None", "shortTermDebt": "1369000000", "totalNonCurrentLiabilities": "27698000000", "capitalLeaseObligations": "None", "longTermDebt": "4466000000", "currentLongTermDebt": "1302000000", "longTermDebtNoncurrent": "None", "shortLongTermDebtTotal": "5768000000", "otherCurrentLiabilities": "3642000000", "otherNonCurrentLiabilities": "23232000000", "totalShareholderEquity": "11018000000", "treasuryStock": "None", "retainedEarnings": "-496000000", "commonStock": "13274000000", "commonStockSharesOutstanding": "329000000"}, {"fiscalDateEnding": "2022-09-30", "reportedCurrency": "USD", "totalAssets": "46616000000", "totalCurrentAssets": "9853000000", "cashAndCashEquivalentsAtCarryingValue": "1192000000", "cashAndShortTermInvestments": "1192000000", "inventory": "1464000000", "currentNetReceivables": "None", "totalNonCurrentAssets": "36763000000", "propertyPlantEquipment": "19705000000", "accumulatedDepreciationAmortizationPPE": "None", "intangibleAssets": "183000000", "intangibleAssetsExcludingGoodwill": "183000000", "goodwill": "None", "investments": "None", "longTermInvestments": "13453000000", "shortTermInvestments": "6000000", "otherCurrentAssets": "4688000000", "otherNonCurrentAssets": "None", "totalLiabilities": "35447000000", "totalCurrentLiabilities": "7887000000", "currentAccountsPayable": "None", "deferredRevenue": "None", "currentDebt": "None", "shortTermDebt": "874000000", "totalNonCurrentLiabilities": "27560000000", "capitalLeaseObligations": "None", "longTermDebt": "4480000000", "currentLongTermDebt": "874000000", "longTermDebtNoncurrent": "None", "shortLongTermDebtTotal": "5354000000", "otherCurrentLiabilities": "4416000000", "otherNonCurrentLiabilities": "636000000", "totalShareholderEquity": "10803000000", "treasuryStock": "None", "retainedEarnings": "-483000000", "commonStock": "13255000000", "commonStockSharesOutstanding": "328000000"}, {"fiscalDateEnding": "2022-06-30", "reportedCurrency": "USD", "totalAssets": "45333000000", "totalCurrentAssets": "8090000000", "cashAndCashEquivalentsAtCarryingValue": "806000000", "cashAndShortTermInvestments": "806000000", "inventory": "1383000000", "currentNetReceivables": "None", "totalNonCurrentAssets": "37243000000", "propertyPlantEquipment": "19739000000", "accumulatedDepreciationAmortizationPPE": "None", "intangibleAssets": "189000000", "intangibleAssetsExcludingGoodwill": "189000000", "goodwill": "None", "investments": "None", "longTermInvestments": "14001000000", "shortTermInvestments": "8000000", "otherCurrentAssets": "3662000000", "otherNonCurrentAssets": "None", "totalLiabilities": "33944000000", "totalCurrentLiabilities": "5878000000", "currentAccountsPayable": "None", "deferredRevenue": "None", "currentDebt": "None", "shortTermDebt": "384000000", "totalNonCurrentLiabilities": "28066000000", "capitalLeaseObligations": "None", "longTermDebt": "4507000000", "currentLongTermDebt": "384000000", "longTermDebtNoncurrent": "None", "shortLongTermDebtTotal": "4891000000", "otherCurrentLiabilities": "3334000000", "otherNonCurrentLiabilities": "682000000", "totalShareholderEquity": "11000000000", "treasuryStock": "None", "retainedEarnings": "-249000000", "commonStock": "13241000000", "commonStockSharesOutstanding": "328000000"}, {"fiscalDateEnding": "2022-03-31", "reportedCurrency": "USD", "totalAssets": "46846000000", "totalCurrentAssets": "8767000000", "cashAndCashEquivalentsAtCarryingValue": "1605000000", "cashAndShortTermInvestments": "1605000000", "inventory": "1211000000", "currentNetReceivables": "None", "totalNonCurrentAssets": "38079000000", "propertyPlantEquipment": "19837000000", "accumulatedDepreciationAmortizationPPE": "None", "intangibleAssets": "196000000", "intangibleAssetsExcludingGoodwill": "196000000", "goodwill": "None", "investments": "None", "longTermInvestments": "15272000000", "shortTermInvestments": "13000000", "otherCurrentAssets": "3590000000", "otherNonCurrentAssets": "None", "totalLiabilities": "35341000000", "totalCurrentLiabilities": "6434000000", "currentAccountsPayable": "None", "deferredRevenue": "None", "currentDebt": "None", "shortTermDebt": "1271000000", "totalNonCurrentLiabilities": "28907000000", "capitalLeaseObligations": "None", "longTermDebt": "4548000000", "currentLongTermDebt": "1271000000", "longTermDebtNoncurrent": "None", "shortLongTermDebtTotal": "5819000000", "otherCurrentLiabilities": "3316000000", "otherNonCurrentLiabilities": "722000000", "totalShareholderEquity": "11105000000", "treasuryStock": "None", "retainedEarnings": "-91000000", "commonStock": "13212000000", "commonStockSharesOutstanding": "328000000"}, {"fiscalDateEnding": "2021-12-31", "reportedCurrency": "USD", "totalAssets": "48086000000", "totalCurrentAssets": "7981000000", "cashAndCashEquivalentsAtCarryingValue": "504000000", "cashAndShortTermInvestments": "504000000", "inventory": "1288000000", "currentNetReceivables": "None", "totalNonCurrentAssets": "40105000000", "propertyPlantEquipment": "19612000000", "accumulatedDepreciationAmortizationPPE": "None", "intangibleAssets": "202000000", "intangibleAssetsExcludingGoodwill": "202000000", "goodwill": "2430000000", "investments": "None", "longTermInvestments": "16112000000", "shortTermInvestments": "43000000", "otherCurrentAssets": "3696000000", "otherNonCurrentAssets": "None", "totalLiabilities": "36472000000", "totalCurrentLiabilities": "7996000000", "currentAccountsPayable": "None", "deferredRevenue": "None", "currentDebt": "None", "shortTermDebt": "3374000000", "totalNonCurrentLiabilities": "28476000000", "capitalLeaseObligations": "None", "longTermDebt": "4894000000", "currentLongTermDebt": "3302000000", "longTermDebtNoncurrent": "None", "shortLongTermDebtTotal": "8196000000", "otherCurrentLiabilities": "2865000000", "otherNonCurrentLiabilities": "2343000000", "totalShareholderEquity": "11219000000", "treasuryStock": "None", "retainedEarnings": "768000000", "commonStock": "10482000000", "commonStockSharesOutstanding": "326664009"}, {"fiscalDateEnding": "2021-09-30", "reportedCurrency": "USD", "totalAssets": "48010000000", "totalCurrentAssets": "8587000000", "cashAndCashEquivalentsAtCarryingValue": "1957000000", "cashAndShortTermInvestments": "1957000000", "inventory": "1238000000", "currentNetReceivables": "None", "totalNonCurrentAssets": "39423000000", "propertyPlantEquipment": "19574000000", "accumulatedDepreciationAmortizationPPE": "None", "intangibleAssets": "265000000", "intangibleAssetsExcludingGoodwill": "265000000", "goodwill": "47000000", "investments": "None", "longTermInvestments": "15569000000", "shortTermInvestments": "137000000", "otherCurrentAssets": "3246000000", "otherNonCurrentAssets": "None", "totalLiabilities": "35975000000", "totalCurrentLiabilities": "7796000000", "currentAccountsPayable": "None", "deferredRevenue": "None", "currentDebt": "None", "shortTermDebt": "2596000000", "totalNonCurrentLiabilities": "28179000000", "capitalLeaseObligations": "None", "longTermDebt": "4914000000", "currentLongTermDebt": "2596000000", "longTermDebtNoncurrent": "None", "shortLongTermDebtTotal": "7510000000", "otherCurrentLiabilities": "3588000000", "otherNonCurrentLiabilities": "2433000000", "totalShareholderEquity": "11634000000", "treasuryStock": "None", "retainedEarnings": "1185000000", "commonStock": "10480000000", "commonStockSharesOutstanding": "326300000"}, {"fiscalDateEnding": "2021-06-30", "reportedCurrency": "USD", "totalAssets": "45821000000", "totalCurrentAssets": "6209000000", "cashAndCashEquivalentsAtCarryingValue": "542000000", "cashAndShortTermInvestments": "542000000", "inventory": "1190000000", "currentNetReceivables": "None", "totalNonCurrentAssets": "39612000000", "propertyPlantEquipment": "19837000000", "accumulatedDepreciationAmortizationPPE": "None", "intangibleAssets": "278000000", "intangibleAssetsExcludingGoodwill": "278000000", "goodwill": "47000000", "investments": "None", "longTermInvestments": "None", "shortTermInvestments": "327000000", "otherCurrentAssets": "2548000000", "otherNonCurrentAssets": "None", "totalLiabilities": "32836000000", "totalCurrentLiabilities": "5513000000", "currentAccountsPayable": "None", "deferredRevenue": "None", "currentDebt": "None", "shortTermDebt": "1729000000", "totalNonCurrentLiabilities": "27323000000", "capitalLeaseObligations": "None", "longTermDebt": "None", "currentLongTermDebt": "None", "longTermDebtNoncurrent": "None", "shortLongTermDebtTotal": "6678000000", "otherCurrentLiabilities": "2295000000", "otherNonCurrentLiabilities": "None", "totalShareholderEquity": "10632000000", "treasuryStock": "None", "retainedEarnings": "1035000000", "commonStock": "9624000000", "commonStockSharesOutstanding": "326300000"}, {"fiscalDateEnding": "2021-03-31", "reportedCurrency": "USD", "totalAssets": "47326000000", "totalCurrentAssets": "6740000000", "cashAndCashEquivalentsAtCarryingValue": "721000000", "cashAndShortTermInvestments": "721000000", "inventory": "1148000000", "currentNetReceivables": "None", "totalNonCurrentAssets": "40586000000", "propertyPlantEquipment": "21311000000", "accumulatedDepreciationAmortizationPPE": "None", "intangibleAssets": "285000000", "intangibleAssetsExcludingGoodwill": "285000000", "goodwill": "47000000", "investments": "None", "longTermInvestments": "None", "shortTermInvestments": "177000000", "otherCurrentAssets": "2643000000", "otherNonCurrentAssets": "None", "totalLiabilities": "33886000000", "totalCurrentLiabilities": "6298000000", "currentAccountsPayable": "None", "deferredRevenue": "None", "currentDebt": "None", "shortTermDebt": "2536000000", "totalNonCurrentLiabilities": "27588000000", "capitalLeaseObligations": "None", "longTermDebt": "None", "currentLongTermDebt": "None", "longTermDebtNoncurrent": "None", "shortLongTermDebtTotal": "7897000000", "otherCurrentLiabilities": "2233000000", "otherNonCurrentLiabilities": "None", "totalShareholderEquity": "11149000000", "treasuryStock": "None", "retainedEarnings": "1554000000", "commonStock": "9624000000", "commonStockSharesOutstanding": "326300000"}, {"fiscalDateEnding": "2020-12-31", "reportedCurrency": "USD", "totalAssets": "48094000000", "totalCurrentAssets": "6947000000", "cashAndCashEquivalentsAtCarryingValue": "226000000", "cashAndShortTermInvestments": "226000000", "inventory": "1211000000", "currentNetReceivables": "None", "totalNonCurrentAssets": "41147000000", "propertyPlantEquipment": "20315000000", "accumulatedDepreciationAmortizationPPE": "None", "intangibleAssets": "47000000", "intangibleAssetsExcludingGoodwill": "47000000", "goodwill": "47000000", "investments": "None", "longTermInvestments": "14648000000", "shortTermInvestments": "195000000", "otherCurrentAssets": "3618000000", "otherNonCurrentAssets": "None", "totalLiabilities": "33418000000", "totalCurrentLiabilities": "5219000000", "currentAccountsPayable": "None", "deferredRevenue": "None", "currentDebt": "None", "shortTermDebt": "1454000000", "totalNonCurrentLiabilities": "28199000000", "capitalLeaseObligations": "None", "longTermDebt": "5890000000", "currentLongTermDebt": "1322000000", "longTermDebtNoncurrent": "None", "shortLongTermDebtTotal": "7212000000", "otherCurrentLiabilities": "2505000000", "otherNonCurrentLiabilities": "2516000000", "totalShareholderEquity": "12399000000", "treasuryStock": "None", "retainedEarnings": "2805000000", "commonStock": "9624000000", "commonStockSharesOutstanding": "326664009"}, {"fiscalDateEnding": "2020-09-30", "reportedCurrency": "None", "totalAssets": "47372000000", "totalCurrentAssets": "5883000000", "cashAndCashEquivalentsAtCarryingValue": "623000000", "cashAndShortTermInvestments": "623000000", "inventory": "1209000000", "currentNetReceivables": "None", "totalNonCurrentAssets": "41489000000", "propertyPlantEquipment": "None", "accumulatedDepreciationAmortizationPPE": "None", "intangibleAssets": "308000000", "intangibleAssetsExcludingGoodwill": "308000000", "goodwill": "47000000", "investments": "None", "longTermInvestments": "None", "shortTermInvestments": "None", "otherCurrentAssets": "2886000000", "otherNonCurrentAssets": "None", "totalLiabilities": "32448000000", "totalCurrentLiabilities": "4411000000", "currentAccountsPayable": "None", "deferredRevenue": "None", "currentDebt": "None", "shortTermDebt": "1294000000", "totalNonCurrentLiabilities": "28037000000", "capitalLeaseObligations": "None", "longTermDebt": "None", "currentLongTermDebt": "None", "longTermDebtNoncurrent": "None", "shortLongTermDebtTotal": "7296000000", "otherCurrentLiabilities": "2008000000", "otherNonCurrentLiabilities": "None", "totalShareholderEquity": "12711000000", "treasuryStock": "None", "retainedEarnings": "3114000000", "commonStock": "9633000000", "commonStockSharesOutstanding": "None"}, {"fiscalDateEnding": "2020-06-30", "reportedCurrency": "None", "totalAssets": "47003000000", "totalCurrentAssets": "5849000000", "cashAndCashEquivalentsAtCarryingValue": "483000000", "cashAndShortTermInvestments": "483000000", "inventory": "1295000000", "currentNetReceivables": "None", "totalNonCurrentAssets": "41154000000", "propertyPlantEquipment": "None", "accumulatedDepreciationAmortizationPPE": "None", "intangibleAssets": "320000000", "intangibleAssetsExcludingGoodwill": "320000000", "goodwill": "47000000", "investments": "None", "longTermInvestments": "None", "shortTermInvestments": "None", "otherCurrentAssets": "2869000000", "otherNonCurrentAssets": "None", "totalLiabilities": "31776000000", "totalCurrentLiabilities": "4838000000", "currentAccountsPayable": "None", "deferredRevenue": "None", "currentDebt": "None", "shortTermDebt": "1939000000", "totalNonCurrentLiabilities": "26938000000", "capitalLeaseObligations": "None", "longTermDebt": "None", "currentLongTermDebt": "None", "longTermDebtNoncurrent": "None", "shortLongTermDebtTotal": "8033000000", "otherCurrentLiabilities": "1824000000", "otherNonCurrentLiabilities": "None", "totalShareholderEquity": "13064000000", "treasuryStock": "None", "retainedEarnings": "3534000000", "commonStock": "9569000000", "commonStockSharesOutstanding": "None"}, {"fiscalDateEnding": "2020-03-31", "reportedCurrency": "None", "totalAssets": "47882000000", "totalCurrentAssets": "7324000000", "cashAndCashEquivalentsAtCarryingValue": "821000000", "cashAndShortTermInvestments": "821000000", "inventory": "1224000000", "currentNetReceivables": "None", "totalNonCurrentAssets": "40558000000", "propertyPlantEquipment": "None", "accumulatedDepreciationAmortizationPPE": "None", "intangibleAssets": "328000000", "intangibleAssetsExcludingGoodwill": "328000000", "goodwill": "47000000", "investments": "None", "longTermInvestments": "None", "shortTermInvestments": "None", "otherCurrentAssets": "2697000000", "otherNonCurrentAssets": "None", "totalLiabilities": "32699000000", "totalCurrentLiabilities": "6325000000", "currentAccountsPayable": "None", "deferredRevenue": "None", "currentDebt": "None", "shortTermDebt": "3274000000", "totalNonCurrentLiabilities": "26374000000", "capitalLeaseObligations": "None", "longTermDebt": "None", "currentLongTermDebt": "None", "longTermDebtNoncurrent": "None", "shortLongTermDebtTotal": "9544000000", "otherCurrentLiabilities": "1856000000", "otherNonCurrentLiabilities": "None", "totalShareholderEquity": "13054000000", "treasuryStock": "None", "retainedEarnings": "3527000000", "commonStock": "9568000000", "commonStockSharesOutstanding": "None"}, {"fiscalDateEnding": "2019-12-31", "reportedCurrency": "None", "totalAssets": "48995000000", "totalCurrentAssets": "7076000000", "cashAndCashEquivalentsAtCarryingValue": "303000000", "cashAndShortTermInvestments": "303000000", "inventory": "1262000000", "currentNetReceivables": "None", "totalNonCurrentAssets": "41919000000", "propertyPlantEquipment": "None", "accumulatedDepreciationAmortizationPPE": "None", "intangibleAssets": "336000000", "intangibleAssetsExcludingGoodwill": "336000000", "goodwill": "47000000", "investments": "None", "longTermInvestments": "None", "shortTermInvestments": "None", "otherCurrentAssets": "2428000000", "otherNonCurrentAssets": "None", "totalLiabilities": "33165000000", "totalCurrentLiabilities": "7289000000", "currentAccountsPayable": "None", "deferredRevenue": "None", "currentDebt": "None", "shortTermDebt": "3659000000", "totalNonCurrentLiabilities": "25876000000", "capitalLeaseObligations": "None", "longTermDebt": "None", "currentLongTermDebt": "None", "longTermDebtNoncurrent": "None", "shortLongTermDebtTotal": "9219000000", "otherCurrentLiabilities": "1938000000", "otherNonCurrentLiabilities": "None", "totalShareholderEquity": "13484000000", "treasuryStock": "None", "retainedEarnings": "3950000000", "commonStock": "9566000000", "commonStockSharesOutstanding": "None"}, {"fiscalDateEnding": "2019-09-30", "reportedCurrency": "None", "totalAssets": "47984000000", "totalCurrentAssets": "7159000000", "cashAndCashEquivalentsAtCarryingValue": "1019000000", "cashAndShortTermInvestments": "1019000000", "inventory": "1253000000", "currentNetReceivables": "None", "totalNonCurrentAssets": "40825000000", "propertyPlantEquipment": "None", "accumulatedDepreciationAmortizationPPE": "None", "intangibleAssets": "352000000", "intangibleAssetsExcludingGoodwill": "352000000", "goodwill": "47000000", "investments": "None", "longTermInvestments": "None", "shortTermInvestments": "None", "otherCurrentAssets": "2134000000", "otherNonCurrentAssets": "None", "totalLiabilities": "32391000000", "totalCurrentLiabilities": "6344000000", "currentAccountsPayable": "None", "deferredRevenue": "None", "currentDebt": "None", "shortTermDebt": "2876000000", "totalNonCurrentLiabilities": "26047000000", "capitalLeaseObligations": "None", "longTermDebt": "None", "currentLongTermDebt": "None", "longTermDebtNoncurrent": "None", "shortLongTermDebtTotal": "9562000000", "otherCurrentLiabilities": "1885000000", "otherNonCurrentLiabilities": "None", "totalShareholderEquity": "13267000000", "treasuryStock": "None", "retainedEarnings": "3778000000", "commonStock": "9525000000", "commonStockSharesOutstanding": "None"}, {"fiscalDateEnding": "2019-06-30", "reportedCurrency": "None", "totalAssets": "48402000000", "totalCurrentAssets": "7376000000", "cashAndCashEquivalentsAtCarryingValue": "575000000", "cashAndShortTermInvestments": "575000000", "inventory": "1185000000", "currentNetReceivables": "None", "totalNonCurrentAssets": "41026000000", "propertyPlantEquipment": "None", "accumulatedDepreciationAmortizationPPE": "None", "intangibleAssets": "361000000", "intangibleAssetsExcludingGoodwill": "361000000", "goodwill": "47000000", "investments": "None", "longTermInvestments": "None", "shortTermInvestments": "None", "otherCurrentAssets": "2929000000", "otherNonCurrentAssets": "None", "totalLiabilities": "32810000000", "totalCurrentLiabilities": "6842000000", "currentAccountsPayable": "None", "deferredRevenue": "None", "currentDebt": "None", "shortTermDebt": "2906000000", "totalNonCurrentLiabilities": "25968000000", "capitalLeaseObligations": "None", "longTermDebt": "None", "currentLongTermDebt": "None", "longTermDebtNoncurrent": "None", "shortLongTermDebtTotal": "9685000000", "otherCurrentLiabilities": "2419000000", "otherNonCurrentLiabilities": "None", "totalShareholderEquity": "13235000000", "treasuryStock": "None", "retainedEarnings": "3746000000", "commonStock": "9525000000", "commonStockSharesOutstanding": "None"}, {"fiscalDateEnding": "2019-03-31", "reportedCurrency": "None", "totalAssets": "48682000000", "totalCurrentAssets": "7721000000", "cashAndCashEquivalentsAtCarryingValue": "537000000", "cashAndShortTermInvestments": "537000000", "inventory": "1111000000", "currentNetReceivables": "None", "totalNonCurrentAssets": "40961000000", "propertyPlantEquipment": "None", "accumulatedDepreciationAmortizationPPE": "None", "intangibleAssets": "364000000", "intangibleAssetsExcludingGoodwill": "364000000", "goodwill": "47000000", "investments": "None", "longTermInvestments": "None", "shortTermInvestments": "None", "otherCurrentAssets": "3110000000", "otherNonCurrentAssets": "None", "totalLiabilities": "32986000000", "totalCurrentLiabilities": "6660000000", "currentAccountsPayable": "None", "deferredRevenue": "None", "currentDebt": "None", "shortTermDebt": "2538000000", "totalNonCurrentLiabilities": "26326000000", "capitalLeaseObligations": "None", "longTermDebt": "None", "currentLongTermDebt": "None", "longTermDebtNoncurrent": "None", "shortLongTermDebtTotal": "9770000000", "otherCurrentLiabilities": "2556000000", "otherNonCurrentLiabilities": "None", "totalShareholderEquity": "13351000000", "treasuryStock": "None", "retainedEarnings": "3862000000", "commonStock": "9525000000", "commonStockSharesOutstanding": "None"}, {"fiscalDateEnding": "2018-12-31", "reportedCurrency": "None", "totalAssets": "47556000000", "totalCurrentAssets": "8433000000", "cashAndCashEquivalentsAtCarryingValue": "750000000", "cashAndShortTermInvestments": "750000000", "inventory": "1214000000", "currentNetReceivables": "None", "totalNonCurrentAssets": "39123000000", "propertyPlantEquipment": "None", "accumulatedDepreciationAmortizationPPE": "None", "intangibleAssets": "371000000", "intangibleAssetsExcludingGoodwill": "371000000", "goodwill": "47000000", "investments": "None", "longTermInvestments": "None", "shortTermInvestments": "None", "otherCurrentAssets": "3355000000", "otherNonCurrentAssets": "None", "totalLiabilities": "32048000000", "totalCurrentLiabilities": "5769000000", "currentAccountsPayable": "None", "deferredRevenue": "None", "currentDebt": "None", "shortTermDebt": "1006000000", "totalNonCurrentLiabilities": "26279000000", "capitalLeaseObligations": "None", "longTermDebt": "None", "currentLongTermDebt": "None", "longTermDebtNoncurrent": "None", "shortLongTermDebtTotal": "8893000000", "otherCurrentLiabilities": "2916000000", "otherNonCurrentLiabilities": "None", "totalShareholderEquity": "13204000000", "treasuryStock": "None", "retainedEarnings": "3724000000", "commonStock": "9518000000", "commonStockSharesOutstanding": "None"}, {"fiscalDateEnding": "2018-09-30", "reportedCurrency": "None", "totalAssets": "48207000000", "totalCurrentAssets": "8049000000", "cashAndCashEquivalentsAtCarryingValue": "1187000000", "cashAndShortTermInvestments": "1187000000", "inventory": "1203000000", "currentNetReceivables": "None", "totalNonCurrentAssets": "40158000000", "propertyPlantEquipment": "None", "accumulatedDepreciationAmortizationPPE": "None", "intangibleAssets": "370000000", "intangibleAssetsExcludingGoodwill": "370000000", "goodwill": "47000000", "investments": "None", "longTermInvestments": "None", "shortTermInvestments": "None", "otherCurrentAssets": "2932000000", "otherNonCurrentAssets": "None", "totalLiabilities": "32247000000", "totalCurrentLiabilities": "4767000000", "currentAccountsPayable": "None", "deferredRevenue": "None", "currentDebt": "None", "shortTermDebt": "336000000", "totalNonCurrentLiabilities": "27480000000", "capitalLeaseObligations": "None", "longTermDebt": "None", "currentLongTermDebt": "None", "longTermDebtNoncurrent": "None", "shortLongTermDebtTotal": "8842000000", "otherCurrentLiabilities": "2981000000", "otherNonCurrentLiabilities": "None", "totalShareholderEquity": "13594000000", "treasuryStock": "None", "retainedEarnings": "4214000000", "commonStock": "9411000000", "commonStockSharesOutstanding": "None"}, {"fiscalDateEnding": "2018-06-30", "reportedCurrency": "None", "totalAssets": "47668000000", "totalCurrentAssets": "6567000000", "cashAndCashEquivalentsAtCarryingValue": "420000000", "cashAndShortTermInvestments": "420000000", "inventory": "1167000000", "currentNetReceivables": "None", "totalNonCurrentAssets": "41101000000", "propertyPlantEquipment": "None", "accumulatedDepreciationAmortizationPPE": "None", "intangibleAssets": "378000000", "intangibleAssetsExcludingGoodwill": "378000000", "goodwill": "47000000", "investments": "None", "longTermInvestments": "None", "shortTermInvestments": "None", "otherCurrentAssets": "2399000000", "otherNonCurrentAssets": "None", "totalLiabilities": "31729000000", "totalCurrentLiabilities": "3522000000", "currentAccountsPayable": "None", "deferredRevenue": "None", "currentDebt": "None", "shortTermDebt": "321000000", "totalNonCurrentLiabilities": "28207000000", "capitalLeaseObligations": "None", "longTermDebt": "None", "currentLongTermDebt": "None", "longTermDebtNoncurrent": "None", "shortLongTermDebtTotal": "8886000000", "otherCurrentLiabilities": "1937000000", "otherNonCurrentLiabilities": "None", "totalShareholderEquity": "13616000000", "treasuryStock": "None", "retainedEarnings": "4292000000", "commonStock": "9357000000", "commonStockSharesOutstanding": "None"}, {"fiscalDateEnding": "2018-03-31", "reportedCurrency": "None", "totalAssets": "48375000000", "totalCurrentAssets": "6884000000", "cashAndCashEquivalentsAtCarryingValue": "610000000", "cashAndShortTermInvestments": "610000000", "inventory": "1067000000", "currentNetReceivables": "None", "totalNonCurrentAssets": "41491000000", "propertyPlantEquipment": "None", "accumulatedDepreciationAmortizationPPE": "None", "intangibleAssets": "385000000", "intangibleAssetsExcludingGoodwill": "385000000", "goodwill": "47000000", "investments": "None", "longTermInvestments": "None", "shortTermInvestments": "None", "otherCurrentAssets": "2576000000", "otherNonCurrentAssets": "None", "totalLiabilities": "32417000000", "totalCurrentLiabilities": "4156000000", "currentAccountsPayable": "None", "deferredRevenue": "None", "currentDebt": "None", "shortTermDebt": "593000000", "totalNonCurrentLiabilities": "28261000000", "capitalLeaseObligations": "None", "longTermDebt": "None", "currentLongTermDebt": "None", "longTermDebtNoncurrent": "None", "shortLongTermDebtTotal": "9185000000", "otherCurrentLiabilities": "2116000000", "otherNonCurrentLiabilities": "None", "totalShareholderEquity": "13626000000", "treasuryStock": "None", "retainedEarnings": "4303000000", "commonStock": "9357000000", "commonStockSharesOutstanding": "None"}, {"fiscalDateEnding": "2017-12-31", "reportedCurrency": "None", "totalAssets": "48457000000", "totalCurrentAssets": "6882000000", "cashAndCashEquivalentsAtCarryingValue": "416000000", "cashAndShortTermInvestments": "416000000", "inventory": "1201000000", "currentNetReceivables": "None", "totalNonCurrentAssets": "41575000000", "propertyPlantEquipment": "None", "accumulatedDepreciationAmortizationPPE": "None", "intangibleAssets": "395000000", "intangibleAssetsExcludingGoodwill": "395000000", "goodwill": "47000000", "investments": "None", "longTermInvestments": "None", "shortTermInvestments": "None", "otherCurrentAssets": "2428000000", "otherNonCurrentAssets": "None", "totalLiabilities": "32498000000", "totalCurrentLiabilities": "4191000000", "currentAccountsPayable": "None", "deferredRevenue": "None", "currentDebt": "None", "shortTermDebt": "402000000", "totalNonCurrentLiabilities": "28307000000", "capitalLeaseObligations": "None", "longTermDebt": "None", "currentLongTermDebt": "None", "longTermDebtNoncurrent": "None", "shortLongTermDebtTotal": "9046000000", "otherCurrentLiabilities": "1992000000", "otherNonCurrentLiabilities": "None", "totalShareholderEquity": "13669000000", "treasuryStock": "None", "retainedEarnings": "4349000000", "commonStock": "9357000000", "commonStockSharesOutstanding": "None"}, {"fiscalDateEnding": "2017-09-30", "reportedCurrency": "None", "totalAssets": "47744000000", "totalCurrentAssets": "6439000000", "cashAndCashEquivalentsAtCarryingValue": "360000000", "cashAndShortTermInvestments": "360000000", "inventory": "1215000000", "currentNetReceivables": "None", "totalNonCurrentAssets": "41305000000", "propertyPlantEquipment": "None", "accumulatedDepreciationAmortizationPPE": "None", "intangibleAssets": "406000000", "intangibleAssetsExcludingGoodwill": "406000000", "goodwill": "47000000", "investments": "None", "longTermInvestments": "None", "shortTermInvestments": "None", "otherCurrentAssets": "2398000000", "otherNonCurrentAssets": "None", "totalLiabilities": "33947000000", "totalCurrentLiabilities": "5059000000", "currentAccountsPayable": "None", "deferredRevenue": "None", "currentDebt": "None", "shortTermDebt": "1897000000", "totalNonCurrentLiabilities": "28888000000", "capitalLeaseObligations": "None", "longTermDebt": "None", "currentLongTermDebt": "None", "longTermDebtNoncurrent": "None", "shortLongTermDebtTotal": "9766000000", "otherCurrentLiabilities": "1670000000", "otherNonCurrentLiabilities": "None", "totalShareholderEquity": "11581000000", "treasuryStock": "None", "retainedEarnings": "2260000000", "commonStock": "9357000000", "commonStockSharesOutstanding": "None"}, {"fiscalDateEnding": "2017-06-30", "reportedCurrency": "None", "totalAssets": "48130000000", "totalCurrentAssets": "6594000000", "cashAndCashEquivalentsAtCarryingValue": "265000000", "cashAndShortTermInvestments": "265000000", "inventory": "1173000000", "currentNetReceivables": "None", "totalNonCurrentAssets": "41536000000", "propertyPlantEquipment": "None", "accumulatedDepreciationAmortizationPPE": "None", "intangibleAssets": "418000000", "intangibleAssetsExcludingGoodwill": "418000000", "goodwill": "47000000", "investments": "None", "longTermInvestments": "None", "shortTermInvestments": "None", "otherCurrentAssets": "2771000000", "otherNonCurrentAssets": "None", "totalLiabilities": "35000000000", "totalCurrentLiabilities": "6064000000", "currentAccountsPayable": "None", "deferredRevenue": "None", "currentDebt": "None", "shortTermDebt": "2795000000", "totalNonCurrentLiabilities": "28936000000", "capitalLeaseObligations": "None", "longTermDebt": "None", "currentLongTermDebt": "None", "longTermDebtNoncurrent": "None", "shortLongTermDebtTotal": "10721000000", "otherCurrentLiabilities": "1742000000", "otherNonCurrentLiabilities": "None", "totalShareholderEquity": "11387000000", "treasuryStock": "None", "retainedEarnings": "2119000000", "commonStock": "9308000000", "commonStockSharesOutstanding": "None"}, {"fiscalDateEnding": "2017-03-31", "reportedCurrency": "None", "totalAssets": "48609000000", "totalCurrentAssets": "6514000000", "cashAndCashEquivalentsAtCarryingValue": "400000000", "cashAndShortTermInvestments": "400000000", "inventory": "1179000000", "currentNetReceivables": "None", "totalNonCurrentAssets": "42095000000", "propertyPlantEquipment": "None", "accumulatedDepreciationAmortizationPPE": "None", "intangibleAssets": "432000000", "intangibleAssetsExcludingGoodwill": "432000000", "goodwill": "47000000", "investments": "None", "longTermInvestments": "None", "shortTermInvestments": "None", "otherCurrentAssets": "2516000000", "otherNonCurrentAssets": "None", "totalLiabilities": "35045000000", "totalCurrentLiabilities": "5237000000", "currentAccountsPayable": "None", "deferredRevenue": "None", "currentDebt": "None", "shortTermDebt": "1927000000", "totalNonCurrentLiabilities": "29808000000", "capitalLeaseObligations": "None", "longTermDebt": "None", "currentLongTermDebt": "None", "longTermDebtNoncurrent": "None", "shortLongTermDebtTotal": "10750000000", "otherCurrentLiabilities": "1828000000", "otherNonCurrentLiabilities": "None", "totalShareholderEquity": "11803000000", "treasuryStock": "None", "retainedEarnings": "2534000000", "commonStock": "9310000000", "commonStockSharesOutstanding": "None"}, {"fiscalDateEnding": "2016-12-31", "reportedCurrency": "None", "totalAssets": "46974000000", "totalCurrentAssets": "6528000000", "cashAndCashEquivalentsAtCarryingValue": "290000000", "cashAndShortTermInvestments": "290000000", "inventory": "1227000000", "currentNetReceivables": "None", "totalNonCurrentAssets": "40446000000", "propertyPlantEquipment": "None", "accumulatedDepreciationAmortizationPPE": "None", "intangibleAssets": "447000000", "intangibleAssetsExcludingGoodwill": "447000000", "goodwill": "47000000", "investments": "None", "longTermInvestments": "None", "shortTermInvestments": "None", "otherCurrentAssets": "2422000000", "otherNonCurrentAssets": "None", "totalLiabilities": "33718000000", "totalCurrentLiabilities": "5683000000", "currentAccountsPayable": "None", "deferredRevenue": "None", "currentDebt": "None", "shortTermDebt": "1871000000", "totalNonCurrentLiabilities": "28035000000", "capitalLeaseObligations": "None", "longTermDebt": "None", "currentLongTermDebt": "None", "longTermDebtNoncurrent": "None", "shortLongTermDebtTotal": "9995000000", "otherCurrentLiabilities": "2202000000", "otherNonCurrentLiabilities": "None", "totalShareholderEquity": "11482000000", "treasuryStock": "None", "retainedEarnings": "2275000000", "commonStock": "9261000000", "commonStockSharesOutstanding": "None"}, {"fiscalDateEnding": "2016-09-30", "reportedCurrency": "None", "totalAssets": "47568000000", "totalCurrentAssets": "6135000000", "cashAndCashEquivalentsAtCarryingValue": "375000000", "cashAndShortTermInvestments": "375000000", "inventory": "1141000000", "currentNetReceivables": "None", "totalNonCurrentAssets": "41433000000", "propertyPlantEquipment": "None", "accumulatedDepreciationAmortizationPPE": "None", "intangibleAssets": "472000000", "intangibleAssetsExcludingGoodwill": "472000000", "goodwill": "47000000", "investments": "None", "longTermInvestments": "None", "shortTermInvestments": "None", "otherCurrentAssets": "2131000000", "otherNonCurrentAssets": "None", "totalLiabilities": "33829000000", "totalCurrentLiabilities": "4307000000", "currentAccountsPayable": "None", "deferredRevenue": "None", "currentDebt": "None", "shortTermDebt": "755000000", "totalNonCurrentLiabilities": "29522000000", "capitalLeaseObligations": "None", "longTermDebt": "None", "currentLongTermDebt": "None", "longTermDebtNoncurrent": "None", "shortLongTermDebtTotal": "9756000000", "otherCurrentLiabilities": "2087000000", "otherNonCurrentLiabilities": "None", "totalShareholderEquity": "12281000000", "treasuryStock": "None", "retainedEarnings": "3072000000", "commonStock": "9265000000", "commonStockSharesOutstanding": "None"}, {"fiscalDateEnding": "2016-06-30", "reportedCurrency": "None", "totalAssets": "46897000000", "totalCurrentAssets": "5725000000", "cashAndCashEquivalentsAtCarryingValue": "373000000", "cashAndShortTermInvestments": "373000000", "inventory": "1106000000", "currentNetReceivables": "None", "totalNonCurrentAssets": "41172000000", "propertyPlantEquipment": "None", "accumulatedDepreciationAmortizationPPE": "None", "intangibleAssets": "460000000", "intangibleAssetsExcludingGoodwill": "460000000", "goodwill": "47000000", "investments": "None", "longTermInvestments": "None", "shortTermInvestments": "None", "otherCurrentAssets": "1986000000", "otherNonCurrentAssets": "None", "totalLiabilities": "33530000000", "totalCurrentLiabilities": "4187000000", "currentAccountsPayable": "None", "deferredRevenue": "None", "currentDebt": "None", "shortTermDebt": "1199000000", "totalNonCurrentLiabilities": "29343000000", "capitalLeaseObligations": "None", "longTermDebt": "None", "currentLongTermDebt": "None", "longTermDebtNoncurrent": "None", "shortLongTermDebtTotal": "10091000000", "otherCurrentLiabilities": "1717000000", "otherNonCurrentLiabilities": "None", "totalShareholderEquity": "11995000000", "treasuryStock": "None", "retainedEarnings": "2892000000", "commonStock": "9168000000", "commonStockSharesOutstanding": "None"}, {"fiscalDateEnding": "2016-03-31", "reportedCurrency": "None", "totalAssets": "47002000000", "totalCurrentAssets": "6171000000", "cashAndCashEquivalentsAtCarryingValue": "377000000", "cashAndShortTermInvestments": "377000000", "inventory": "1135000000", "currentNetReceivables": "None", "totalNonCurrentAssets": "40831000000", "propertyPlantEquipment": "None", "accumulatedDepreciationAmortizationPPE": "None", "intangibleAssets": "473000000", "intangibleAssetsExcludingGoodwill": "473000000", "goodwill": "47000000", "investments": "None", "longTermInvestments": "None", "shortTermInvestments": "None", "otherCurrentAssets": "2542000000", "otherNonCurrentAssets": "None", "totalLiabilities": "33649000000", "totalCurrentLiabilities": "4775000000", "currentAccountsPayable": "None", "deferredRevenue": "None", "currentDebt": "None", "shortTermDebt": "1769000000", "totalNonCurrentLiabilities": "28874000000", "capitalLeaseObligations": "None", "longTermDebt": "None", "currentLongTermDebt": "None", "longTermDebtNoncurrent": "None", "shortLongTermDebtTotal": "10644000000", "otherCurrentLiabilities": "1716000000", "otherNonCurrentLiabilities": "None", "totalShareholderEquity": "12059000000", "treasuryStock": "None", "retainedEarnings": "2956000000", "commonStock": "9167000000", "commonStockSharesOutstanding": "None"}, {"fiscalDateEnding": "2015-12-31", "reportedCurrency": "None", "totalAssets": "46529000000", "totalCurrentAssets": "6342000000", "cashAndCashEquivalentsAtCarryingValue": "431000000", "cashAndShortTermInvestments": "431000000", "inventory": "1264000000", "currentNetReceivables": "None", "totalNonCurrentAssets": "40187000000", "propertyPlantEquipment": "None", "accumulatedDepreciationAmortizationPPE": "None", "intangibleAssets": "484000000", "intangibleAssetsExcludingGoodwill": "484000000", "goodwill": "47000000", "investments": "None", "longTermInvestments": "None", "shortTermInvestments": "None", "otherCurrentAssets": "2469000000", "otherNonCurrentAssets": "None", "totalLiabilities": "33559000000", "totalCurrentLiabilities": "4933000000", "currentAccountsPayable": "None", "deferredRevenue": "None", "currentDebt": "None", "shortTermDebt": "1371000000", "totalNonCurrentLiabilities": "28626000000", "capitalLeaseObligations": "None", "longTermDebt": "None", "currentLongTermDebt": "None", "longTermDebtNoncurrent": "None", "shortLongTermDebtTotal": "10240000000", "otherCurrentLiabilities": "1979000000", "otherNonCurrentLiabilities": "None", "totalShareholderEquity": "11635000000", "treasuryStock": "None", "retainedEarnings": "2701000000", "commonStock": "8997000000", "commonStockSharesOutstanding": "None"}, {"fiscalDateEnding": "2015-09-30", "reportedCurrency": "None", "totalAssets": "46479000000", "totalCurrentAssets": "7050000000", "cashAndCashEquivalentsAtCarryingValue": "545000000", "cashAndShortTermInvestments": "545000000", "inventory": "1220000000", "currentNetReceivables": "None", "totalNonCurrentAssets": "39429000000", "propertyPlantEquipment": "None", "accumulatedDepreciationAmortizationPPE": "None", "intangibleAssets": "513000000", "intangibleAssetsExcludingGoodwill": "513000000", "goodwill": "47000000", "investments": "None", "longTermInvestments": "None", "shortTermInvestments": "None", "otherCurrentAssets": "3145000000", "otherNonCurrentAssets": "None", "totalLiabilities": "33555000000", "totalCurrentLiabilities": "4786000000", "currentAccountsPayable": "None", "deferredRevenue": "None", "currentDebt": "None", "shortTermDebt": "1323000000", "totalNonCurrentLiabilities": "28769000000", "capitalLeaseObligations": "None", "longTermDebt": "None", "currentLongTermDebt": "None", "longTermDebtNoncurrent": "None", "shortLongTermDebtTotal": "10222000000", "otherCurrentLiabilities": "1787000000", "otherNonCurrentLiabilities": "None", "totalShareholderEquity": "11599000000", "treasuryStock": "None", "retainedEarnings": "2653000000", "commonStock": "9006000000", "commonStockSharesOutstanding": "None"}, {"fiscalDateEnding": "2015-06-30", "reportedCurrency": "None", "totalAssets": "45125000000", "totalCurrentAssets": "6443000000", "cashAndCashEquivalentsAtCarryingValue": "456000000", "cashAndShortTermInvestments": "456000000", "inventory": "1165000000", "currentNetReceivables": "None", "totalNonCurrentAssets": "38682000000", "propertyPlantEquipment": "None", "accumulatedDepreciationAmortizationPPE": "None", "intangibleAssets": "526000000", "intangibleAssetsExcludingGoodwill": "526000000", "goodwill": "47000000", "investments": "None", "longTermInvestments": "None", "shortTermInvestments": "None", "otherCurrentAssets": "2674000000", "otherNonCurrentAssets": "None", "totalLiabilities": "32469000000", "totalCurrentLiabilities": "3864000000", "currentAccountsPayable": "None", "deferredRevenue": "None", "currentDebt": "None", "shortTermDebt": "767000000", "totalNonCurrentLiabilities": "28605000000", "capitalLeaseObligations": "None", "longTermDebt": "None", "currentLongTermDebt": "None", "longTermDebtNoncurrent": "None", "shortLongTermDebtTotal": "9679000000", "otherCurrentLiabilities": "1569000000", "otherNonCurrentLiabilities": "None", "totalShareholderEquity": "11286000000", "treasuryStock": "None", "retainedEarnings": "2382000000", "commonStock": "8951000000", "commonStockSharesOutstanding": "None"}, {"fiscalDateEnding": "2015-03-31", "reportedCurrency": "None", "totalAssets": "45318000000", "totalCurrentAssets": "6719000000", "cashAndCashEquivalentsAtCarryingValue": "532000000", "cashAndShortTermInvestments": "532000000", "inventory": "1073000000", "currentNetReceivables": "None", "totalNonCurrentAssets": "38599000000", "propertyPlantEquipment": "None", "accumulatedDepreciationAmortizationPPE": "None", "intangibleAssets": "558000000", "intangibleAssetsExcludingGoodwill": "558000000", "goodwill": "47000000", "investments": "None", "longTermInvestments": "None", "shortTermInvestments": "None", "otherCurrentAssets": "2679000000", "otherNonCurrentAssets": "None", "totalLiabilities": "32150000000", "totalCurrentLiabilities": "4275000000", "currentAccountsPayable": "None", "deferredRevenue": "None", "currentDebt": "None", "shortTermDebt": "1036000000", "totalNonCurrentLiabilities": "27875000000", "capitalLeaseObligations": "None", "longTermDebt": "None", "currentLongTermDebt": "None", "longTermDebtNoncurrent": "None", "shortLongTermDebtTotal": "9453000000", "otherCurrentLiabilities": "1605000000", "otherNonCurrentLiabilities": "None", "totalShareholderEquity": "11788000000", "treasuryStock": "None", "retainedEarnings": "2890000000", "commonStock": "8951000000", "commonStockSharesOutstanding": "None"}, {"fiscalDateEnding": "2014-12-31", "reportedCurrency": "None", "totalAssets": "44951000000", "totalCurrentAssets": "7311000000", "cashAndCashEquivalentsAtCarryingValue": "780000000", "cashAndShortTermInvestments": "780000000", "inventory": "1312000000", "currentNetReceivables": "None", "totalNonCurrentAssets": "37640000000", "propertyPlantEquipment": "None", "accumulatedDepreciationAmortizationPPE": "None", "intangibleAssets": "549000000", "intangibleAssetsExcludingGoodwill": "549000000", "goodwill": "47000000", "investments": "None", "longTermInvestments": "None", "shortTermInvestments": "None", "otherCurrentAssets": "2811000000", "otherNonCurrentAssets": "None", "totalLiabilities": "30900000000", "totalCurrentLiabilities": "4459000000", "currentAccountsPayable": "None", "deferredRevenue": "None", "currentDebt": "None", "shortTermDebt": "650000000", "totalNonCurrentLiabilities": "26441000000", "capitalLeaseObligations": "None", "longTermDebt": "None", "currentLongTermDebt": "None", "longTermDebtNoncurrent": "None", "shortLongTermDebtTotal": "8232000000", "otherCurrentLiabilities": "2038000000", "otherNonCurrentLiabilities": "None", "totalShareholderEquity": "12718000000", "treasuryStock": "None", "retainedEarnings": "3803000000", "commonStock": "8951000000", "commonStockSharesOutstanding": "None"}, {"fiscalDateEnding": "2014-09-30", "reportedCurrency": "None", "totalAssets": "45019000000", "totalCurrentAssets": "7458000000", "cashAndCashEquivalentsAtCarryingValue": "1311000000", "cashAndShortTermInvestments": "1311000000", "inventory": "1291000000", "currentNetReceivables": "None", "totalNonCurrentAssets": "37561000000", "propertyPlantEquipment": "None", "accumulatedDepreciationAmortizationPPE": "None", "intangibleAssets": "571000000", "intangibleAssetsExcludingGoodwill": "571000000", "goodwill": "47000000", "investments": "None", "longTermInvestments": "None", "shortTermInvestments": "None", "otherCurrentAssets": "3095000000", "otherNonCurrentAssets": "None", "totalLiabilities": "30693000000", "totalCurrentLiabilities": "3835000000", "currentAccountsPayable": "None", "deferredRevenue": "None", "currentDebt": "None", "shortTermDebt": "647000000", "totalNonCurrentLiabilities": "26858000000", "capitalLeaseObligations": "None", "longTermDebt": "None", "currentLongTermDebt": "None", "longTermDebtNoncurrent": "None", "shortLongTermDebtTotal": "8334000000", "otherCurrentLiabilities": "1870000000", "otherNonCurrentLiabilities": "None", "totalShareholderEquity": "13063000000", "treasuryStock": "None", "retainedEarnings": "4099000000", "commonStock": "8953000000", "commonStockSharesOutstanding": "None"}, {"fiscalDateEnding": "2014-06-30", "reportedCurrency": "None", "totalAssets": "44422000000", "totalCurrentAssets": "5727000000", "cashAndCashEquivalentsAtCarryingValue": "305000000", "cashAndShortTermInvestments": "305000000", "inventory": "1200000000", "currentNetReceivables": "None", "totalNonCurrentAssets": "38695000000", "propertyPlantEquipment": "None", "accumulatedDepreciationAmortizationPPE": "None", "intangibleAssets": "593000000", "intangibleAssetsExcludingGoodwill": "593000000", "goodwill": "49000000", "investments": "None", "longTermInvestments": "None", "shortTermInvestments": "None", "otherCurrentAssets": "2422000000", "otherNonCurrentAssets": "None", "totalLiabilities": "30772000000", "totalCurrentLiabilities": "4215000000", "currentAccountsPayable": "None", "deferredRevenue": "None", "currentDebt": "None", "shortTermDebt": "858000000", "totalNonCurrentLiabilities": "26557000000", "capitalLeaseObligations": "None", "longTermDebt": "None", "currentLongTermDebt": "None", "longTermDebtNoncurrent": "None", "shortLongTermDebtTotal": "7750000000", "otherCurrentLiabilities": "1849000000", "otherNonCurrentLiabilities": "None", "totalShareholderEquity": "12465000000", "treasuryStock": "None", "retainedEarnings": "3533000000", "commonStock": "8895000000", "commonStockSharesOutstanding": "None"}, {"fiscalDateEnding": "2014-03-31", "reportedCurrency": "None", "totalAssets": "41080000000", "totalCurrentAssets": "6189000000", "cashAndCashEquivalentsAtCarryingValue": "566000000", "cashAndShortTermInvestments": "566000000", "inventory": "832000000", "currentNetReceivables": "None", "totalNonCurrentAssets": "34891000000", "propertyPlantEquipment": "None", "accumulatedDepreciationAmortizationPPE": "None", "intangibleAssets": "657000000", "intangibleAssetsExcludingGoodwill": "657000000", "goodwill": "None", "investments": "None", "longTermInvestments": "None", "shortTermInvestments": "None", "otherCurrentAssets": "3148000000", "otherNonCurrentAssets": "None", "totalLiabilities": "28572000000", "totalCurrentLiabilities": "3815000000", "currentAccountsPayable": "None", "deferredRevenue": "None", "currentDebt": "None", "shortTermDebt": "424000000", "totalNonCurrentLiabilities": "24757000000", "capitalLeaseObligations": "None", "longTermDebt": "None", "currentLongTermDebt": "None", "longTermDebtNoncurrent": "None", "shortLongTermDebtTotal": "7867000000", "otherCurrentLiabilities": "1914000000", "otherNonCurrentLiabilities": "None", "totalShareholderEquity": "12489000000", "treasuryStock": "None", "retainedEarnings": "3398000000", "commonStock": "8898000000", "commonStockSharesOutstanding": "None"}, {"fiscalDateEnding": "2013-12-31", "reportedCurrency": "None", "totalAssets": "41232000000", "totalCurrentAssets": "6439000000", "cashAndCashEquivalentsAtCarryingValue": "1258000000", "cashAndShortTermInvestments": "1258000000", "inventory": "835000000", "currentNetReceivables": "None", "totalNonCurrentAssets": "34793000000", "propertyPlantEquipment": "None", "accumulatedDepreciationAmortizationPPE": "None", "intangibleAssets": "710000000", "intangibleAssetsExcludingGoodwill": "710000000", "goodwill": "None", "investments": "None", "longTermInvestments": "None", "shortTermInvestments": "None", "otherCurrentAssets": "2549000000", "otherNonCurrentAssets": "None", "totalLiabilities": "28490000000", "totalCurrentLiabilities": "3867000000", "currentAccountsPayable": "None", "deferredRevenue": "None", "currentDebt": "None", "shortTermDebt": "583000000", "totalNonCurrentLiabilities": "24623000000", "capitalLeaseObligations": "None", "longTermDebt": "None", "currentLongTermDebt": "None", "longTermDebtNoncurrent": "None", "shortLongTermDebtTotal": "7751000000", "otherCurrentLiabilities": "1856000000", "otherNonCurrentLiabilities": "None", "totalShareholderEquity": "12725000000", "treasuryStock": "None", "retainedEarnings": "3613000000", "commonStock": "8898000000", "commonStockSharesOutstanding": "None"}, {"fiscalDateEnding": "2013-09-30", "reportedCurrency": "None", "totalAssets": "40498000000", "totalCurrentAssets": "5805000000", "cashAndCashEquivalentsAtCarryingValue": "928000000", "cashAndShortTermInvestments": "928000000", "inventory": "830000000", "currentNetReceivables": "None", "totalNonCurrentAssets": "34693000000", "propertyPlantEquipment": "None", "accumulatedDepreciationAmortizationPPE": "None", "intangibleAssets": "1189000000", "intangibleAssetsExcludingGoodwill": "1189000000", "goodwill": "None", "investments": "None", "longTermInvestments": "None", "shortTermInvestments": "None", "otherCurrentAssets": "2451000000", "otherNonCurrentAssets": "None", "totalLiabilities": "27947000000", "totalCurrentLiabilities": "3896000000", "currentAccountsPayable": "None", "deferredRevenue": "None", "currentDebt": "None", "shortTermDebt": "669000000", "totalNonCurrentLiabilities": "24051000000", "capitalLeaseObligations": "None", "longTermDebt": "None", "currentLongTermDebt": "None", "longTermDebtNoncurrent": "None", "shortLongTermDebtTotal": "7830000000", "otherCurrentLiabilities": "1865000000", "otherNonCurrentLiabilities": "None", "totalShareholderEquity": "12534000000", "treasuryStock": "None", "retainedEarnings": "3419000000", "commonStock": "8872000000", "commonStockSharesOutstanding": "None"}, {"fiscalDateEnding": "2013-06-30", "reportedCurrency": "None", "totalAssets": "39678000000", "totalCurrentAssets": "5307000000", "cashAndCashEquivalentsAtCarryingValue": "222000000", "cashAndShortTermInvestments": "222000000", "inventory": "781000000", "currentNetReceivables": "None", "totalNonCurrentAssets": "34371000000", "propertyPlantEquipment": "None", "accumulatedDepreciationAmortizationPPE": "None", "intangibleAssets": "856000000", "intangibleAssetsExcludingGoodwill": "856000000", "goodwill": "None", "investments": "None", "longTermInvestments": "None", "shortTermInvestments": "None", "otherCurrentAssets": "2717000000", "otherNonCurrentAssets": "None", "totalLiabilities": "27481000000", "totalCurrentLiabilities": "4102000000", "currentAccountsPayable": "None", "deferredRevenue": "None", "currentDebt": "None", "shortTermDebt": "1059000000", "totalNonCurrentLiabilities": "23379000000", "capitalLeaseObligations": "None", "longTermDebt": "None", "currentLongTermDebt": "None", "longTermDebtNoncurrent": "None", "shortLongTermDebtTotal": "7764000000", "otherCurrentLiabilities": "1762000000", "otherNonCurrentLiabilities": "None", "totalShareholderEquity": "12153000000", "treasuryStock": "None", "retainedEarnings": "3005000000", "commonStock": "8873000000", "commonStockSharesOutstanding": "None"}, {"fiscalDateEnding": "2013-03-31", "reportedCurrency": "None", "totalAssets": "39991000000", "totalCurrentAssets": "5262000000", "cashAndCashEquivalentsAtCarryingValue": "225000000", "cashAndShortTermInvestments": "225000000", "inventory": "727000000", "currentNetReceivables": "None", "totalNonCurrentAssets": "34729000000", "propertyPlantEquipment": "None", "accumulatedDepreciationAmortizationPPE": "None", "intangibleAssets": "968000000", "intangibleAssetsExcludingGoodwill": "968000000", "goodwill": "None", "investments": "None", "longTermInvestments": "None", "shortTermInvestments": "None", "otherCurrentAssets": "2708000000", "otherNonCurrentAssets": "None", "totalLiabilities": "27721000000", "totalCurrentLiabilities": "3864000000", "currentAccountsPayable": "None", "deferredRevenue": "None", "currentDebt": "None", "shortTermDebt": "541000000", "totalNonCurrentLiabilities": "23857000000", "capitalLeaseObligations": "None", "longTermDebt": "None", "currentLongTermDebt": "None", "longTermDebtNoncurrent": "None", "shortLongTermDebtTotal": "7634000000", "otherCurrentLiabilities": "1973000000", "otherNonCurrentLiabilities": "None", "totalShareholderEquity": "12224000000", "treasuryStock": "None", "retainedEarnings": "2939000000", "commonStock": "8876000000", "commonStockSharesOutstanding": "None"}, {"fiscalDateEnding": "2012-12-31", "reportedCurrency": "None", "totalAssets": "40681000000", "totalCurrentAssets": "6211000000", "cashAndCashEquivalentsAtCarryingValue": "671000000", "cashAndShortTermInvestments": "671000000", "inventory": "756000000", "currentNetReceivables": "None", "totalNonCurrentAssets": "20136000000", "propertyPlantEquipment": "None", "accumulatedDepreciationAmortizationPPE": "None", "intangibleAssets": "1073000000", "intangibleAssetsExcludingGoodwill": "1073000000", "goodwill": "None", "investments": "None", "longTermInvestments": "None", "shortTermInvestments": "None", "otherCurrentAssets": "3161000000", "otherNonCurrentAssets": "None", "totalLiabilities": "28016000000", "totalCurrentLiabilities": "4097000000", "currentAccountsPayable": "None", "deferredRevenue": "None", "currentDebt": "None", "shortTermDebt": "None", "totalNonCurrentLiabilities": "7455000000", "capitalLeaseObligations": "None", "longTermDebt": "None", "currentLongTermDebt": "None", "longTermDebtNoncurrent": "None", "shortLongTermDebtTotal": "None", "otherCurrentLiabilities": "2569000000", "otherNonCurrentLiabilities": "None", "totalShareholderEquity": "12557000000", "treasuryStock": "None", "retainedEarnings": "3168000000", "commonStock": "8876000000", "commonStockSharesOutstanding": "None"}, {"fiscalDateEnding": "2012-09-30", "reportedCurrency": "None", "totalAssets": "41090000000", "totalCurrentAssets": "7158000000", "cashAndCashEquivalentsAtCarryingValue": "830000000", "cashAndShortTermInvestments": "830000000", "inventory": "756000000", "currentNetReceivables": "None", "totalNonCurrentAssets": "22671000000", "propertyPlantEquipment": "None", "accumulatedDepreciationAmortizationPPE": "None", "intangibleAssets": "1625000000", "intangibleAssetsExcludingGoodwill": "1625000000", "goodwill": "None", "investments": "None", "longTermInvestments": "None", "shortTermInvestments": "None", "otherCurrentAssets": "None", "otherNonCurrentAssets": "None", "totalLiabilities": "28160000000", "totalCurrentLiabilities": "4255000000", "currentAccountsPayable": "None", "deferredRevenue": "None", "currentDebt": "None", "shortTermDebt": "None", "totalNonCurrentLiabilities": "7356000000", "capitalLeaseObligations": "None", "longTermDebt": "None", "currentLongTermDebt": "None", "longTermDebtNoncurrent": "None", "shortLongTermDebtTotal": "None", "otherCurrentLiabilities": "2622000000", "otherNonCurrentLiabilities": "None", "totalShareholderEquity": "12087000000", "treasuryStock": "None", "retainedEarnings": "3273000000", "commonStock": "8814000000", "commonStockSharesOutstanding": "None"}]}