{"Meta Data": {"1. Information": "Daily Time Series with Splits and Dividend Events", "2. Symbol": "ES", "3. Last Refreshed": "2025-04-22", "4. Output Size": "Compact", "5. Time Zone": "US/Eastern"}, "Time Series (Daily)": {"2025-04-22": {"1. open": "56.96", "2. high": "58.36", "3. low": "56.925", "4. close": "58.05", "5. adjusted close": "58.05", "6. volume": "1637895", "7. dividend amount": "0.0000", "8. split coefficient": "1.0"}, "2025-04-21": {"1. open": "57.21", "2. high": "57.32", "3. low": "55.56", "4. close": "56.38", "5. adjusted close": "56.38", "6. volume": "2013050", "7. dividend amount": "0.0000", "8. split coefficient": "1.0"}, "2025-04-17": {"1. open": "57.84", "2. high": "58.7", "3. low": "57.36", "4. close": "57.44", "5. adjusted close": "57.44", "6. volume": "3762639", "7. dividend amount": "0.0000", "8. split coefficient": "1.0"}, "2025-04-16": {"1. open": "58.43", "2. high": "59.08", "3. low": "57.89", "4. close": "58.06", "5. adjusted close": "58.06", "6. volume": "2099497", "7. dividend amount": "0.0000", "8. split coefficient": "1.0"}, "2025-04-15": {"1. open": "58.58", "2. high": "58.93", "3. low": "57.93", "4. close": "57.98", "5. adjusted close": "57.98", "6. volume": "2162218", "7. dividend amount": "0.0000", "8. split coefficient": "1.0"}, "2025-04-14": {"1. open": "56.72", "2. high": "58.715", "3. low": "56.5", "4. close": "58.48", "5. adjusted close": "58.48", "6. volume": "2702850", "7. dividend amount": "0.0000", "8. split coefficient": "1.0"}, "2025-04-11": {"1. open": "55.64", "2. high": "56.545", "3. low": "54.7", "4. close": "56.32", "5. adjusted close": "56.32", "6. volume": "2615270", "7. dividend amount": "0.0000", "8. split coefficient": "1.0"}, "2025-04-10": {"1. open": "55.05", "2. high": "56.45", "3. low": "54.205", "4. close": "55.69", "5. adjusted close": "55.69", "6. volume": "3411249", "7. dividend amount": "0.0000", "8. split coefficient": "1.0"}, "2025-04-09": {"1. open": "53.57", "2. high": "56.53", "3. low": "52.28", "4. close": "56.31", "5. adjusted close": "56.31", "6. volume": "4872386", "7. dividend amount": "0.0000", "8. split coefficient": "1.0"}, "2025-04-08": {"1. open": "56.47", "2. high": "56.99", "3. low": "53.66", "4. close": "54.25", "5. adjusted close": "54.25", "6. volume": "3501014", "7. dividend amount": "0.0000", "8. split coefficient": "1.0"}, "2025-04-07": {"1. open": "57.0", "2. high": "57.45", "3. low": "54.925", "4. close": "55.56", "5. adjusted close": "55.56", "6. volume": "4874607", "7. dividend amount": "0.0000", "8. split coefficient": "1.0"}, "2025-04-04": {"1. open": "62.57", "2. high": "62.83", "3. low": "58.21", "4. close": "58.34", "5. adjusted close": "58.34", "6. volume": "3531878", "7. dividend amount": "0.0000", "8. split coefficient": "1.0"}, "2025-04-03": {"1. open": "62.99", "2. high": "63.5", "3. low": "61.605", "4. close": "61.92", "5. adjusted close": "61.92", "6. volume": "3874856", "7. dividend amount": "0.0000", "8. split coefficient": "1.0"}, "2025-04-02": {"1. open": "62.42", "2. high": "62.82", "3. low": "61.9686", "4. close": "62.63", "5. adjusted close": "62.63", "6. volume": "1986060", "7. dividend amount": "0.0000", "8. split coefficient": "1.0"}, "2025-04-01": {"1. open": "62.0", "2. high": "62.255", "3. low": "61.305", "4. close": "62.09", "5. adjusted close": "62.09", "6. volume": "1751012", "7. dividend amount": "0.0000", "8. split coefficient": "1.0"}, "2025-03-31": {"1. open": "61.59", "2. high": "62.35", "3. low": "61.255", "4. close": "62.11", "5. adjusted close": "62.11", "6. volume": "2448787", "7. dividend amount": "0.0000", "8. split coefficient": "1.0"}, "2025-03-28": {"1. open": "60.86", "2. high": "61.7", "3. low": "60.28", "4. close": "61.12", "5. adjusted close": "61.12", "6. volume": "1660804", "7. dividend amount": "0.0000", "8. split coefficient": "1.0"}, "2025-03-27": {"1. open": "60.04", "2. high": "60.8", "3. low": "59.7", "4. close": "60.3", "5. adjusted close": "60.3", "6. volume": "1487323", "7. dividend amount": "0.0000", "8. split coefficient": "1.0"}, "2025-03-26": {"1. open": "59.17", "2. high": "60.15", "3. low": "59.01", "4. close": "59.94", "5. adjusted close": "59.94", "6. volume": "2068303", "7. dividend amount": "0.0000", "8. split coefficient": "1.0"}, "2025-03-25": {"1. open": "60.69", "2. high": "60.825", "3. low": "58.75", "4. close": "59.02", "5. adjusted close": "59.02", "6. volume": "1892079", "7. dividend amount": "0.0000", "8. split coefficient": "1.0"}, "2025-03-24": {"1. open": "60.7", "2. high": "61.45", "3. low": "60.675", "4. close": "60.86", "5. adjusted close": "60.86", "6. volume": "1641663", "7. dividend amount": "0.0000", "8. split coefficient": "1.0"}, "2025-03-21": {"1. open": "61.45", "2. high": "62.09", "3. low": "60.55", "4. close": "60.93", "5. adjusted close": "60.93", "6. volume": "4539397", "7. dividend amount": "0.0000", "8. split coefficient": "1.0"}, "2025-03-20": {"1. open": "61.61", "2. high": "62.05", "3. low": "61.15", "4. close": "61.6", "5. adjusted close": "61.6", "6. volume": "1485074", "7. dividend amount": "0.0000", "8. split coefficient": "1.0"}, "2025-03-19": {"1. open": "61.67", "2. high": "62.25", "3. low": "61.29", "4. close": "61.5", "5. adjusted close": "61.5", "6. volume": "1591302", "7. dividend amount": "0.0000", "8. split coefficient": "1.0"}, "2025-03-18": {"1. open": "61.21", "2. high": "61.91", "3. low": "60.985", "4. close": "61.9", "5. adjusted close": "61.9", "6. volume": "1671425", "7. dividend amount": "0.0000", "8. split coefficient": "1.0"}, "2025-03-17": {"1. open": "61.72", "2. high": "62.39", "3. low": "61.27", "4. close": "61.5", "5. adjusted close": "61.5", "6. volume": "2979930", "7. dividend amount": "0.0000", "8. split coefficient": "1.0"}, "2025-03-14": {"1. open": "59.96", "2. high": "61.69", "3. low": "59.885", "4. close": "61.39", "5. adjusted close": "61.39", "6. volume": "1851850", "7. dividend amount": "0.0000", "8. split coefficient": "1.0"}, "2025-03-13": {"1. open": "59.66", "2. high": "60.5", "3. low": "59.52", "4. close": "60.11", "5. adjusted close": "60.11", "6. volume": "2172092", "7. dividend amount": "0.0000", "8. split coefficient": "1.0"}, "2025-03-12": {"1. open": "60.0", "2. high": "60.385", "3. low": "59.22", "4. close": "59.45", "5. adjusted close": "59.45", "6. volume": "2084942", "7. dividend amount": "0.0000", "8. split coefficient": "1.0"}, "2025-03-11": {"1. open": "61.75", "2. high": "61.76", "3. low": "60.41", "4. close": "60.54", "5. adjusted close": "60.54", "6. volume": "2498552", "7. dividend amount": "0.0000", "8. split coefficient": "1.0"}, "2025-03-10": {"1. open": "61.24", "2. high": "62.89", "3. low": "61.15", "4. close": "61.76", "5. adjusted close": "61.76", "6. volume": "3432171", "7. dividend amount": "0.0000", "8. split coefficient": "1.0"}, "2025-03-07": {"1. open": "58.92", "2. high": "61.245", "3. low": "58.86", "4. close": "60.98", "5. adjusted close": "60.98", "6. volume": "2954781", "7. dividend amount": "0.0000", "8. split coefficient": "1.0"}, "2025-03-06": {"1. open": "58.79", "2. high": "58.925", "3. low": "57.8678", "4. close": "58.71", "5. adjusted close": "58.71", "6. volume": "3200775", "7. dividend amount": "0.0000", "8. split coefficient": "1.0"}, "2025-03-05": {"1. open": "59.51", "2. high": "60.25", "3. low": "58.76", "4. close": "58.79", "5. adjusted close": "58.79", "6. volume": "2119743", "7. dividend amount": "0.0000", "8. split coefficient": "1.0"}, "2025-03-04": {"1. open": "62.58", "2. high": "62.7", "3. low": "59.67", "4. close": "59.74", "5. adjusted close": "59.74", "6. volume": "3223706", "7. dividend amount": "0.7525", "8. split coefficient": "1.0"}, "2025-03-03": {"1. open": "62.77", "2. high": "63.53", "3. low": "62.5594", "4. close": "63.01", "5. adjusted close": "62.2261834111667", "6. volume": "2622578", "7. dividend amount": "0.0000", "8. split coefficient": "1.0"}, "2025-02-28": {"1. open": "62.92", "2. high": "63.5728", "3. low": "62.32", "4. close": "63.01", "5. adjusted close": "62.2261834111667", "6. volume": "3890903", "7. dividend amount": "0.0000", "8. split coefficient": "1.0"}, "2025-02-27": {"1. open": "62.83", "2. high": "63.38", "3. low": "62.21", "4. close": "62.41", "5. adjusted close": "61.6336471463405", "6. volume": "2489529", "7. dividend amount": "0.0000", "8. split coefficient": "1.0"}, "2025-02-26": {"1. open": "63.55", "2. high": "63.96", "3. low": "63.11", "4. close": "63.46", "5. adjusted close": "62.6705856097863", "6. volume": "2324023", "7. dividend amount": "0.0000", "8. split coefficient": "1.0"}, "2025-02-25": {"1. open": "63.38", "2. high": "64.37", "3. low": "63.03", "4. close": "63.8", "5. adjusted close": "63.0063561598545", "6. volume": "2660926", "7. dividend amount": "0.0000", "8. split coefficient": "1.0"}, "2025-02-24": {"1. open": "63.53", "2. high": "63.89", "3. low": "62.54", "4. close": "63.03", "5. adjusted close": "62.2459346199942", "6. volume": "3177926", "7. dividend amount": "0.0000", "8. split coefficient": "1.0"}, "2025-02-21": {"1. open": "62.83", "2. high": "63.63", "3. low": "62.77", "4. close": "63.37", "5. adjusted close": "62.5817051700624", "6. volume": "3830723", "7. dividend amount": "0.0000", "8. split coefficient": "1.0"}, "2025-02-20": {"1. open": "62.66", "2. high": "63.58", "3. low": "62.0", "4. close": "63.38", "5. adjusted close": "62.5915807744762", "6. volume": "3294083", "7. dividend amount": "0.0000", "8. split coefficient": "1.0"}, "2025-02-19": {"1. open": "61.51", "2. high": "62.73", "3. low": "61.35", "4. close": "62.7", "5. adjusted close": "61.9200396743398", "6. volume": "2853780", "7. dividend amount": "0.0000", "8. split coefficient": "1.0"}, "2025-02-18": {"1. open": "61.64", "2. high": "61.88", "3. low": "60.055", "4. close": "61.51", "5. adjusted close": "60.7448427491011", "6. volume": "4230246", "7. dividend amount": "0.0000", "8. split coefficient": "1.0"}, "2025-02-14": {"1. open": "62.5", "2. high": "63.17", "3. low": "61.46", "4. close": "61.54", "5. adjusted close": "60.7744695623424", "6. volume": "3268744", "7. dividend amount": "0.0000", "8. split coefficient": "1.0"}, "2025-02-13": {"1. open": "59.8", "2. high": "63.47", "3. low": "59.7317", "4. close": "62.5", "5. adjusted close": "61.7225275860644", "6. volume": "5355100", "7. dividend amount": "0.0000", "8. split coefficient": "1.0"}, "2025-02-12": {"1. open": "60.06", "2. high": "60.7", "3. low": "58.75", "4. close": "59.72", "5. adjusted close": "58.9771095590363", "6. volume": "4620225", "7. dividend amount": "0.0000", "8. split coefficient": "1.0"}, "2025-02-11": {"1. open": "60.2", "2. high": "61.64", "3. low": "59.76", "4. close": "61.46", "5. adjusted close": "60.6954647270323", "6. volume": "3212652", "7. dividend amount": "0.0000", "8. split coefficient": "1.0"}, "2025-02-10": {"1. open": "59.37", "2. high": "60.635", "3. low": "59.31", "4. close": "60.49", "5. adjusted close": "59.7375310988966", "6. volume": "3379331", "7. dividend amount": "0.0000", "8. split coefficient": "1.0"}, "2025-02-07": {"1. open": "58.85", "2. high": "59.67", "3. low": "58.46", "4. close": "59.42", "5. adjusted close": "58.6808414266231", "6. volume": "2310888", "7. dividend amount": "0.0000", "8. split coefficient": "1.0"}, "2025-02-06": {"1. open": "58.61", "2. high": "59.035", "3. low": "58.42", "4. close": "58.94", "5. adjusted close": "58.2068124147622", "6. volume": "2305845", "7. dividend amount": "0.0000", "8. split coefficient": "1.0"}, "2025-02-05": {"1. open": "58.59", "2. high": "59.11", "3. low": "58.22", "4. close": "58.57", "5. adjusted close": "57.8414150514527", "6. volume": "2379358", "7. dividend amount": "0.0000", "8. split coefficient": "1.0"}, "2025-02-04": {"1. open": "57.92", "2. high": "58.345", "3. low": "57.29", "4. close": "58.03", "5. adjusted close": "57.3081324131091", "6. volume": "2480476", "7. dividend amount": "0.0000", "8. split coefficient": "1.0"}, "2025-02-03": {"1. open": "57.53", "2. high": "58.67", "3. low": "56.71", "4. close": "58.5", "5. adjusted close": "57.7722858205563", "6. volume": "3183531", "7. dividend amount": "0.0000", "8. split coefficient": "1.0"}, "2025-01-31": {"1. open": "57.36", "2. high": "58.14", "3. low": "57.1", "4. close": "57.68", "5. adjusted close": "56.9624862586271", "6. volume": "12768416", "7. dividend amount": "0.0000", "8. split coefficient": "1.0"}, "2025-01-30": {"1. open": "57.98", "2. high": "58.12", "3. low": "57.03", "4. close": "57.42", "5. adjusted close": "56.7057205438691", "6. volume": "2693863", "7. dividend amount": "0.0000", "8. split coefficient": "1.0"}, "2025-01-29": {"1. open": "57.55", "2. high": "58.059514", "3. low": "57.15", "4. close": "57.28", "5. adjusted close": "56.5674620820763", "6. volume": "2657560", "7. dividend amount": "0.0000", "8. split coefficient": "1.0"}, "2025-01-28": {"1. open": "59.0", "2. high": "59.59", "3. low": "57.42", "4. close": "57.69", "5. adjusted close": "56.9723618630409", "6. volume": "3574057", "7. dividend amount": "0.0000", "8. split coefficient": "1.0"}, "2025-01-27": {"1. open": "56.9", "2. high": "58.56", "3. low": "56.825", "4. close": "58.23", "5. adjusted close": "57.5056445013845", "6. volume": "5876424", "7. dividend amount": "0.0000", "8. split coefficient": "1.0"}, "2025-01-24": {"1. open": "55.94", "2. high": "56.4", "3. low": "55.77", "4. close": "56.32", "5. adjusted close": "55.6194040583543", "6. volume": "2938812", "7. dividend amount": "0.0000", "8. split coefficient": "1.0"}, "2025-01-23": {"1. open": "56.14", "2. high": "56.805", "3. low": "55.72", "4. close": "56.23", "5. adjusted close": "55.5305236186304", "6. volume": "2438938", "7. dividend amount": "0.0000", "8. split coefficient": "1.0"}, "2025-01-22": {"1. open": "57.85", "2. high": "57.95", "3. low": "55.76", "4. close": "55.79", "5. adjusted close": "55.0959970244245", "6. volume": "1944377", "7. dividend amount": "0.0000", "8. split coefficient": "1.0"}, "2025-01-21": {"1. open": "58.05", "2. high": "58.57", "3. low": "57.96", "4. close": "58.23", "5. adjusted close": "57.5056445013845", "6. volume": "2048765", "7. dividend amount": "0.0000", "8. split coefficient": "1.0"}, "2025-01-17": {"1. open": "58.04", "2. high": "58.51", "3. low": "57.69", "4. close": "57.87", "5. adjusted close": "57.1501227424887", "6. volume": "2137870", "7. dividend amount": "0.0000", "8. split coefficient": "1.0"}, "2025-01-16": {"1. open": "56.48", "2. high": "58.16", "3. low": "56.44", "4. close": "58.12", "5. adjusted close": "57.397012852833", "6. volume": "2310473", "7. dividend amount": "0.0000", "8. split coefficient": "1.0"}, "2025-01-15": {"1. open": "56.85", "2. high": "57.35", "3. low": "56.45", "4. close": "56.61", "5. adjusted close": "55.9057965863537", "6. volume": "2277680", "7. dividend amount": "0.0000", "8. split coefficient": "1.0"}, "2025-01-14": {"1. open": "55.82", "2. high": "56.31", "3. low": "55.8", "4. close": "55.98", "5. adjusted close": "55.2836335082862", "6. volume": "1748027", "7. dividend amount": "0.0000", "8. split coefficient": "1.0"}, "2025-01-13": {"1. open": "55.99", "2. high": "56.04", "3. low": "54.75", "4. close": "55.86", "5. adjusted close": "55.1651262553209", "6. volume": "2317311", "7. dividend amount": "0.0000", "8. split coefficient": "1.0"}, "2025-01-10": {"1. open": "55.96", "2. high": "56.78", "3. low": "55.6", "4. close": "55.63", "5. adjusted close": "54.9379873538042", "6. volume": "3693767", "7. dividend amount": "0.0000", "8. split coefficient": "1.0"}, "2025-01-08": {"1. open": "55.74", "2. high": "56.76", "3. low": "55.31", "4. close": "56.72", "5. adjusted close": "56.0144282349052", "6. volume": "2177850", "7. dividend amount": "0.0000", "8. split coefficient": "1.0"}, "2025-01-07": {"1. open": "56.56", "2. high": "57.19", "3. low": "56.012", "4. close": "56.08", "5. adjusted close": "55.3823895524239", "6. volume": "2007340", "7. dividend amount": "0.0000", "8. split coefficient": "1.0"}, "2025-01-06": {"1. open": "57.1", "2. high": "57.38", "3. low": "55.93", "4. close": "56.23", "5. adjusted close": "55.5305236186304", "6. volume": "1805956", "7. dividend amount": "0.0000", "8. split coefficient": "1.0"}, "2025-01-03": {"1. open": "57.42", "2. high": "57.79", "3. low": "57.17", "4. close": "57.31", "5. adjusted close": "56.5970888953176", "6. volume": "1718929", "7. dividend amount": "0.0000", "8. split coefficient": "1.0"}, "2025-01-02": {"1. open": "57.87", "2. high": "58.035", "3. low": "57.195", "4. close": "57.34", "5. adjusted close": "56.6267157085589", "6. volume": "1840368", "7. dividend amount": "0.0000", "8. split coefficient": "1.0"}, "2024-12-31": {"1. open": "57.4", "2. high": "57.75", "3. low": "56.92", "4. close": "57.43", "5. adjusted close": "56.7155961482828", "6. volume": "1635477", "7. dividend amount": "0.0000", "8. split coefficient": "1.0"}, "2024-12-30": {"1. open": "57.32", "2. high": "57.51", "3. low": "56.84", "4. close": "57.3", "5. adjusted close": "56.5872132909038", "6. volume": "1741959", "7. dividend amount": "0.0000", "8. split coefficient": "1.0"}, "2024-12-27": {"1. open": "56.98", "2. high": "57.7999", "3. low": "56.77", "4. close": "57.32", "5. adjusted close": "56.6069644997314", "6. volume": "1083293", "7. dividend amount": "0.0000", "8. split coefficient": "1.0"}, "2024-12-26": {"1. open": "57.02", "2. high": "57.635", "3. low": "57.0", "4. close": "57.34", "5. adjusted close": "56.6267157085589", "6. volume": "1354473", "7. dividend amount": "0.0000", "8. split coefficient": "1.0"}, "2024-12-24": {"1. open": "57.01", "2. high": "57.33", "3. low": "56.82", "4. close": "57.28", "5. adjusted close": "56.5674620820763", "6. volume": "552203", "7. dividend amount": "0.0000", "8. split coefficient": "1.0"}, "2024-12-23": {"1. open": "56.71", "2. high": "57.23", "3. low": "56.28", "4. close": "57.18", "5. adjusted close": "56.4687060379386", "6. volume": "1911716", "7. dividend amount": "0.0000", "8. split coefficient": "1.0"}, "2024-12-20": {"1. open": "55.895", "2. high": "57.14", "3. low": "55.8186", "4. close": "56.95", "5. adjusted close": "56.2415671364219", "6. volume": "7254674", "7. dividend amount": "0.0000", "8. split coefficient": "1.0"}, "2024-12-19": {"1. open": "56.15", "2. high": "56.86", "3. low": "55.89", "4. close": "55.9", "5. adjusted close": "55.204628672976", "6. volume": "2855440", "7. dividend amount": "0.0000", "8. split coefficient": "1.0"}, "2024-12-18": {"1. open": "57.53", "2. high": "58.05", "3. low": "56.13", "4. close": "56.16", "5. adjusted close": "55.461394387734", "6. volume": "2483187", "7. dividend amount": "0.7150", "8. split coefficient": "1.0"}, "2024-12-17": {"1. open": "57.86", "2. high": "59.03", "3. low": "57.715", "4. close": "58.51", "5. adjusted close": "57.0557571099133", "6. volume": "1852695", "7. dividend amount": "0.0000", "8. split coefficient": "1.0"}, "2024-12-16": {"1. open": "59.43", "2. high": "59.64", "3. low": "58.01", "4. close": "58.13", "5. adjusted close": "56.6852018594985", "6. volume": "2334359", "7. dividend amount": "0.0000", "8. split coefficient": "1.0"}, "2024-12-13": {"1. open": "59.57", "2. high": "60.14", "3. low": "59.255", "4. close": "59.52", "5. adjusted close": "58.0406539596999", "6. volume": "1495073", "7. dividend amount": "0.0000", "8. split coefficient": "1.0"}, "2024-12-12": {"1. open": "59.96", "2. high": "60.3", "3. low": "59.48", "4. close": "59.79", "5. adjusted close": "58.3039432165735", "6. volume": "2153125", "7. dividend amount": "0.0000", "8. split coefficient": "1.0"}, "2024-12-11": {"1. open": "60.47", "2. high": "60.85", "3. low": "59.66", "4. close": "59.99", "5. adjusted close": "58.4989722957391", "6. volume": "1987897", "7. dividend amount": "0.0000", "8. split coefficient": "1.0"}, "2024-12-10": {"1. open": "60.37", "2. high": "60.92", "3. low": "59.04", "4. close": "60.54", "5. adjusted close": "59.0353022634447", "6. volume": "1782347", "7. dividend amount": "0.0000", "8. split coefficient": "1.0"}, "2024-12-09": {"1. open": "60.0", "2. high": "61.17", "3. low": "59.66", "4. close": "60.25", "5. adjusted close": "58.7525100986545", "6. volume": "2299356", "7. dividend amount": "0.0000", "8. split coefficient": "1.0"}, "2024-12-06": {"1. open": "61.65", "2. high": "61.88", "3. low": "59.67", "4. close": "59.78", "5. adjusted close": "58.2941917626152", "6. volume": "2574363", "7. dividend amount": "0.0000", "8. split coefficient": "1.0"}, "2024-12-05": {"1. open": "61.98", "2. high": "62.2", "3. low": "61.4", "4. close": "61.64", "5. adjusted close": "60.1079621988558", "6. volume": "1674617", "7. dividend amount": "0.0000", "8. split coefficient": "1.0"}, "2024-12-04": {"1. open": "61.32", "2. high": "62.77", "3. low": "61.0715", "4. close": "61.79", "5. adjusted close": "60.2542340082301", "6. volume": "2830997", "7. dividend amount": "0.0000", "8. split coefficient": "1.0"}, "2024-12-03": {"1. open": "63.0", "2. high": "63.55", "3. low": "61.27", "4. close": "61.31", "5. adjusted close": "59.7861642182325", "6. volume": "2208304", "7. dividend amount": "0.0000", "8. split coefficient": "1.0"}, "2024-12-02": {"1. open": "64.49", "2. high": "64.49", "3. low": "63.37", "4. close": "63.67", "5. adjusted close": "62.0875073523873", "6. volume": "2165490", "7. dividend amount": "0.0000", "8. split coefficient": "1.0"}, "2024-11-29": {"1. open": "64.62", "2. high": "64.71", "3. low": "64.05", "4. close": "64.49", "5. adjusted close": "62.8871265769664", "6. volume": "912519", "7. dividend amount": "0.0000", "8. split coefficient": "1.0"}, "2024-11-27": {"1. open": "63.74", "2. high": "65.21", "3. low": "63.56", "4. close": "64.59", "5. adjusted close": "62.9846411165493", "6. volume": "1309797", "7. dividend amount": "0.0000", "8. split coefficient": "1.0"}, "2024-11-26": {"1. open": "63.78", "2. high": "63.845", "3. low": "62.83", "4. close": "63.58", "5. adjusted close": "61.9997442667627", "6. volume": "1420834", "7. dividend amount": "0.0000", "8. split coefficient": "1.0"}, "2024-11-25": {"1. open": "63.77", "2. high": "64.07", "3. low": "63.37", "4. close": "63.98", "5. adjusted close": "62.389802425094", "6. volume": "3369180", "7. dividend amount": "0.0000", "8. split coefficient": "1.0"}}}