{"Symbol": "VMC", "AssetType": "Common Stock", "Name": "Vulcan Materials Company", "Description": "Vulcan Materials Company (NYSE: VMC) is an American company based in Birmingham, Alabama. It is principally engaged in the production, distribution and sale of construction materials.", "CIK": "1396009", "Exchange": "NYSE", "Currency": "USD", "Country": "USA", "Sector": "ENERGY & TRANSPORTATION", "Industry": "MINING & QUARRYING OF NONMETALLIC MINERALS (NO FUELS)", "Address": "1200 URBAN CENTER DRIVE, BIRMINGHAM, AL, US", "OfficialSite": "https://www.vulcanmaterials.com", "FiscalYearEnd": "December", "LatestQuarter": "2024-12-31", "MarketCapitalization": "32832756000", "EBITDA": "2050400000", "PERatio": "34.81", "PEGRatio": "2.001", "BookValue": "61.46", "DividendPerShare": "1.84", "DividendYield": "0.0084", "EPS": "6.91", "RevenuePerShareTTM": "56.07", "ProfitMargin": "0.123", "OperatingMarginTTM": "0.204", "ReturnOnAssetsTTM": "0.056", "ReturnOnEquityTTM": "0.118", "RevenueTTM": "7417700000", "GrossProfitTTM": "1999600000", "DilutedEPSTTM": "6.91", "QuarterlyEarningsGrowthYOY": "0.297", "QuarterlyRevenueGrowthYOY": "0.011", "AnalystTargetPrice": "288.5", "AnalystRatingStrongBuy": "4", "AnalystRatingBuy": "12", "AnalystRatingHold": "6", "AnalystRatingSell": "0", "AnalystRatingStrongSell": "1", "TrailingPE": "34.81", "ForwardPE": "28.25", "PriceToSalesRatioTTM": "4.426", "PriceToBookRatio": "3.81", "EVToRevenue": "4.881", "EVToEBITDA": "18.28", "Beta": "0.799", "52WeekHigh": "297.65", "52WeekLow": "215.08", "50DayMovingAverage": "242.75", "200DayMovingAverage": "255.86", "SharesOutstanding": "132101000", "DividendDate": "2025-03-24", "ExDividendDate": "2025-03-10"}