{"Symbol": "RTX", "AssetType": "Common Stock", "Name": "Raytheon Technologies Corp", "Description": "Raytheon Technologies Corporation is an American multinational aerospace and defense conglomerate headquartered in Waltham, Massachusetts. It is one of the largest aerospace, intelligence services providers, and defense manufacturers in the world by revenue and market capitalization. Raytheon Technologies (RTX) researches, develops, and manufactures advanced technology products in the aerospace and defense industry, including aircraft engines, avionics, aerostructures, cybersecurity, guided missiles, air defense systems, satellites, and drones.", "CIK": "101829", "Exchange": "NYSE", "Currency": "USD", "Country": "USA", "Sector": "MANUFACTURING", "Industry": "AIRCRAFT ENGINES & ENGINE PARTS", "Address": "870 WINTER STREET, WALTHAM, MA, US", "OfficialSite": "https://www.rtx.com", "FiscalYearEnd": "December", "LatestQuarter": "2024-12-31", "MarketCapitalization": "151866491000", "EBITDA": "12829000000", "PERatio": "33.36", "PEGRatio": "1.174", "BookValue": "45.16", "DividendPerShare": "0", "DividendYield": "0.02", "EPS": "3.41", "RevenuePerShareTTM": "60.61", "ProfitMargin": "0.0591", "OperatingMarginTTM": "0.103", "ReturnOnAssetsTTM": "0.0326", "ReturnOnEquityTTM": "0.0813", "RevenueTTM": "80738001000", "GrossProfitTTM": "15410000000", "DilutedEPSTTM": "3.41", "QuarterlyEarningsGrowthYOY": "0.049", "QuarterlyRevenueGrowthYOY": "0.085", "AnalystTargetPrice": "140.74", "AnalystRatingStrongBuy": "3", "AnalystRatingBuy": "11", "AnalystRatingHold": "10", "AnalystRatingSell": "0", "AnalystRatingStrongSell": "0", "TrailingPE": "33.36", "ForwardPE": "18.55", "PriceToSalesRatioTTM": "1.881", "PriceToBookRatio": "2.469", "EVToRevenue": "2.32", "EVToEBITDA": "14.99", "Beta": "0.263", "52WeekHigh": "136.17", "52WeekLow": "97.53", "50DayMovingAverage": "128.53", "200DayMovingAverage": "121.14", "SharesOutstanding": "1335090000", "DividendDate": "2025-03-20", "ExDividendDate": "2025-02-21"}