{"Symbol": "DTE", "AssetType": "Common Stock", "Name": "DTE Energy Company", "Description": "DTE Energy (formerly Detroit Edison until 1996) is a Detroit-based diversified energy company involved in the development and management of energy-related businesses and services in the United States and Canada.", "CIK": "936340", "Exchange": "NYSE", "Currency": "USD", "Country": "USA", "Sector": "ENERGY & TRANSPORTATION", "Industry": "ELECTRIC SERVICES", "Address": "ONE ENERGY PLAZA, DETROIT, MI, US", "OfficialSite": "https://www.dteenergy.com", "FiscalYearEnd": "December", "LatestQuarter": "2024-12-31", "MarketCapitalization": "28180945000", "EBITDA": "3320000000", "PERatio": "20.03", "PEGRatio": "3.268", "BookValue": "56.47", "DividendPerShare": "4.15", "DividendYield": "0.0321", "EPS": "6.78", "RevenuePerShareTTM": "60.18", "ProfitMargin": "0.113", "OperatingMarginTTM": "0.17", "ReturnOnAssetsTTM": "0.0283", "ReturnOnEquityTTM": "0.123", "RevenueTTM": "12457000000", "GrossProfitTTM": "4338000000", "DilutedEPSTTM": "6.78", "QuarterlyEarningsGrowthYOY": "-0.302", "QuarterlyRevenueGrowthYOY": "0.012", "AnalystTargetPrice": "139.84", "AnalystRatingStrongBuy": "2", "AnalystRatingBuy": "9", "AnalystRatingHold": "8", "AnalystRatingSell": "0", "AnalystRatingStrongSell": "1", "TrailingPE": "20.03", "ForwardPE": "18.94", "PriceToSalesRatioTTM": "2.262", "PriceToBookRatio": "2.409", "EVToRevenue": "4.126", "EVToEBITDA": "12.68", "Beta": "0.494", "52WeekHigh": "140.39", "52WeekLow": "105.7", "50DayMovingAverage": "132.6", "200DayMovingAverage": "124.65", "SharesOutstanding": "207518000", "DividendDate": "2025-04-15", "ExDividendDate": "2025-03-17"}