{"Meta Data": {"1. Information": "Daily Time Series with Splits and Dividend Events", "2. Symbol": "IP", "3. Last Refreshed": "2025-04-22", "4. Output Size": "Compact", "5. Time Zone": "US/Eastern"}, "Time Series (Daily)": {"2025-04-22": {"1. open": "45.54", "2. high": "46.75", "3. low": "45.42", "4. close": "46.48", "5. adjusted close": "46.48", "6. volume": "2621542", "7. dividend amount": "0.0000", "8. split coefficient": "1.0"}, "2025-04-21": {"1. open": "45.83", "2. high": "46.26", "3. low": "44.625", "4. close": "45.06", "5. adjusted close": "45.06", "6. volume": "2016193", "7. dividend amount": "0.0000", "8. split coefficient": "1.0"}, "2025-04-17": {"1. open": "46.11", "2. high": "47.085", "3. low": "46.11", "4. close": "46.28", "5. adjusted close": "46.28", "6. volume": "3511121", "7. dividend amount": "0.0000", "8. split coefficient": "1.0"}, "2025-04-16": {"1. open": "46.6", "2. high": "47.09", "3. low": "45.93", "4. close": "46.3", "5. adjusted close": "46.3", "6. volume": "2846334", "7. dividend amount": "0.0000", "8. split coefficient": "1.0"}, "2025-04-15": {"1. open": "47.58", "2. high": "48.283", "3. low": "46.73", "4. close": "46.87", "5. adjusted close": "46.87", "6. volume": "2737949", "7. dividend amount": "0.0000", "8. split coefficient": "1.0"}, "2025-04-14": {"1. open": "48.18", "2. high": "48.28", "3. low": "46.65", "4. close": "47.58", "5. adjusted close": "47.58", "6. volume": "3560605", "7. dividend amount": "0.0000", "8. split coefficient": "1.0"}, "2025-04-11": {"1. open": "45.72", "2. high": "47.07", "3. low": "44.94", "4. close": "46.84", "5. adjusted close": "46.84", "6. volume": "5351271", "7. dividend amount": "0.0000", "8. split coefficient": "1.0"}, "2025-04-10": {"1. open": "47.92", "2. high": "48.11", "3. low": "45.265", "4. close": "46.2", "5. adjusted close": "46.2", "6. volume": "5002967", "7. dividend amount": "0.0000", "8. split coefficient": "1.0"}, "2025-04-09": {"1. open": "44.2", "2. high": "49.64", "3. low": "43.27", "4. close": "49.02", "5. adjusted close": "49.02", "6. volume": "7956682", "7. dividend amount": "0.0000", "8. split coefficient": "1.0"}, "2025-04-08": {"1. open": "47.22", "2. high": "47.64", "3. low": "43.74", "4. close": "44.66", "5. adjusted close": "44.66", "6. volume": "7550793", "7. dividend amount": "0.0000", "8. split coefficient": "1.0"}, "2025-04-07": {"1. open": "45.73", "2. high": "48.89", "3. low": "44.32", "4. close": "46.74", "5. adjusted close": "46.74", "6. volume": "7771454", "7. dividend amount": "0.0000", "8. split coefficient": "1.0"}, "2025-04-04": {"1. open": "47.69", "2. high": "48.73", "3. low": "45.41", "4. close": "47.98", "5. adjusted close": "47.98", "6. volume": "8130128", "7. dividend amount": "0.0000", "8. split coefficient": "1.0"}, "2025-04-03": {"1. open": "51.73", "2. high": "51.96", "3. low": "48.105", "4. close": "49.18", "5. adjusted close": "49.18", "6. volume": "9255972", "7. dividend amount": "0.0000", "8. split coefficient": "1.0"}, "2025-04-02": {"1. open": "53.13", "2. high": "54.88", "3. low": "53.12", "4. close": "54.46", "5. adjusted close": "54.46", "6. volume": "3831244", "7. dividend amount": "0.0000", "8. split coefficient": "1.0"}, "2025-04-01": {"1. open": "53.4", "2. high": "53.69", "3. low": "52.06", "4. close": "53.65", "5. adjusted close": "53.65", "6. volume": "3376337", "7. dividend amount": "0.0000", "8. split coefficient": "1.0"}, "2025-03-31": {"1. open": "52.58", "2. high": "53.61", "3. low": "52.09", "4. close": "53.35", "5. adjusted close": "53.35", "6. volume": "4930511", "7. dividend amount": "0.0000", "8. split coefficient": "1.0"}, "2025-03-28": {"1. open": "54.53", "2. high": "54.83", "3. low": "52.85", "4. close": "53.21", "5. adjusted close": "53.21", "6. volume": "4877186", "7. dividend amount": "0.0000", "8. split coefficient": "1.0"}, "2025-03-27": {"1. open": "54.56", "2. high": "55.095", "3. low": "53.895", "4. close": "54.6", "5. adjusted close": "54.6", "6. volume": "4790928", "7. dividend amount": "0.0000", "8. split coefficient": "1.0"}, "2025-03-26": {"1. open": "55.43", "2. high": "56.1", "3. low": "54.75", "4. close": "55.41", "5. adjusted close": "55.41", "6. volume": "8955948", "7. dividend amount": "0.0000", "8. split coefficient": "1.0"}, "2025-03-25": {"1. open": "54.92", "2. high": "56.64", "3. low": "54.13", "4. close": "56.26", "5. adjusted close": "56.26", "6. volume": "13752501", "7. dividend amount": "0.0000", "8. split coefficient": "1.0"}, "2025-03-24": {"1. open": "51.52", "2. high": "53.01", "3. low": "51.28", "4. close": "52.83", "5. adjusted close": "52.83", "6. volume": "8781823", "7. dividend amount": "0.0000", "8. split coefficient": "1.0"}, "2025-03-21": {"1. open": "51.7", "2. high": "51.88", "3. low": "50.63", "4. close": "51.39", "5. adjusted close": "51.39", "6. volume": "14551521", "7. dividend amount": "0.0000", "8. split coefficient": "1.0"}, "2025-03-20": {"1. open": "52.56", "2. high": "52.77", "3. low": "52.14", "4. close": "52.29", "5. adjusted close": "52.29", "6. volume": "6445566", "7. dividend amount": "0.0000", "8. split coefficient": "1.0"}, "2025-03-19": {"1. open": "51.89", "2. high": "53.13", "3. low": "51.875", "4. close": "52.62", "5. adjusted close": "52.62", "6. volume": "6938950", "7. dividend amount": "0.0000", "8. split coefficient": "1.0"}, "2025-03-18": {"1. open": "51.69", "2. high": "52.345", "3. low": "51.35", "4. close": "52.04", "5. adjusted close": "52.04", "6. volume": "4312932", "7. dividend amount": "0.0000", "8. split coefficient": "1.0"}, "2025-03-17": {"1. open": "51.54", "2. high": "52.49", "3. low": "51.44", "4. close": "51.58", "5. adjusted close": "51.58", "6. volume": "4531239", "7. dividend amount": "0.0000", "8. split coefficient": "1.0"}, "2025-03-14": {"1. open": "51.08", "2. high": "51.885", "3. low": "50.75", "4. close": "51.41", "5. adjusted close": "51.41", "6. volume": "4689679", "7. dividend amount": "0.0000", "8. split coefficient": "1.0"}, "2025-03-13": {"1. open": "51.94", "2. high": "51.94", "3. low": "49.611", "4. close": "50.38", "5. adjusted close": "50.38", "6. volume": "5736753", "7. dividend amount": "0.0000", "8. split coefficient": "1.0"}, "2025-03-12": {"1. open": "49.77", "2. high": "51.08", "3. low": "49.65", "4. close": "50.63", "5. adjusted close": "50.63", "6. volume": "5136618", "7. dividend amount": "0.0000", "8. split coefficient": "1.0"}, "2025-03-11": {"1. open": "49.5", "2. high": "50.27", "3. low": "49.16", "4. close": "49.38", "5. adjusted close": "49.38", "6. volume": "6408493", "7. dividend amount": "0.0000", "8. split coefficient": "1.0"}, "2025-03-10": {"1. open": "51.1", "2. high": "51.36", "3. low": "48.62", "4. close": "49.9", "5. adjusted close": "49.9", "6. volume": "7928580", "7. dividend amount": "0.0000", "8. split coefficient": "1.0"}, "2025-03-07": {"1. open": "51.69", "2. high": "52.55", "3. low": "50.83", "4. close": "52.3", "5. adjusted close": "52.3", "6. volume": "5517922", "7. dividend amount": "0.0000", "8. split coefficient": "1.0"}, "2025-03-06": {"1. open": "52.49", "2. high": "53.11", "3. low": "51.44", "4. close": "51.71", "5. adjusted close": "51.71", "6. volume": "5122408", "7. dividend amount": "0.0000", "8. split coefficient": "1.0"}, "2025-03-05": {"1. open": "52.43", "2. high": "53.15", "3. low": "52.0", "4. close": "52.51", "5. adjusted close": "52.51", "6. volume": "7901442", "7. dividend amount": "0.0000", "8. split coefficient": "1.0"}, "2025-03-04": {"1. open": "55.0", "2. high": "55.17", "3. low": "51.18", "4. close": "51.3", "5. adjusted close": "51.3", "6. volume": "7899545", "7. dividend amount": "0.0000", "8. split coefficient": "1.0"}, "2025-03-03": {"1. open": "56.34", "2. high": "57.07", "3. low": "55.22", "4. close": "55.31", "5. adjusted close": "55.31", "6. volume": "6774182", "7. dividend amount": "0.0000", "8. split coefficient": "1.0"}, "2025-02-28": {"1. open": "55.98", "2. high": "56.54", "3. low": "55.2", "4. close": "56.35", "5. adjusted close": "56.35", "6. volume": "12128625", "7. dividend amount": "0.0000", "8. split coefficient": "1.0"}, "2025-02-27": {"1. open": "56.0", "2. high": "56.57", "3. low": "55.74", "4. close": "56.25", "5. adjusted close": "56.25", "6. volume": "6102815", "7. dividend amount": "0.0000", "8. split coefficient": "1.0"}, "2025-02-26": {"1. open": "55.0", "2. high": "56.02", "3. low": "54.95", "4. close": "55.73", "5. adjusted close": "55.73", "6. volume": "6414957", "7. dividend amount": "0.0000", "8. split coefficient": "1.0"}, "2025-02-25": {"1. open": "55.25", "2. high": "55.57", "3. low": "54.51", "4. close": "55.3", "5. adjusted close": "55.3", "6. volume": "6793051", "7. dividend amount": "0.0000", "8. split coefficient": "1.0"}, "2025-02-24": {"1. open": "55.88", "2. high": "55.88", "3. low": "54.22", "4. close": "55.3", "5. adjusted close": "55.3", "6. volume": "5965147", "7. dividend amount": "0.4625", "8. split coefficient": "1.0"}, "2025-02-21": {"1. open": "55.8", "2. high": "56.31", "3. low": "54.91", "4. close": "55.56", "5. adjusted close": "55.0991795561533", "6. volume": "5739124", "7. dividend amount": "0.0000", "8. split coefficient": "1.0"}, "2025-02-20": {"1. open": "56.83", "2. high": "57.09", "3. low": "55.28", "4. close": "56.06", "5. adjusted close": "55.5950325039229", "6. volume": "6321809", "7. dividend amount": "0.0000", "8. split coefficient": "1.0"}, "2025-02-19": {"1. open": "56.77", "2. high": "57.5", "3. low": "56.58", "4. close": "57.15", "5. adjusted close": "56.6759919300605", "6. volume": "6764240", "7. dividend amount": "0.0000", "8. split coefficient": "1.0"}, "2025-02-18": {"1. open": "56.1", "2. high": "57.55", "3. low": "55.855", "4. close": "57.28", "5. adjusted close": "56.8049136964806", "6. volume": "7137145", "7. dividend amount": "0.0000", "8. split coefficient": "1.0"}, "2025-02-14": {"1. open": "55.83", "2. high": "56.55", "3. low": "55.56", "4. close": "56.12", "5. adjusted close": "55.6545348576552", "6. volume": "7666293", "7. dividend amount": "0.0000", "8. split coefficient": "1.0"}, "2025-02-13": {"1. open": "55.19", "2. high": "56.015", "3. low": "55.15", "4. close": "55.44", "5. adjusted close": "54.9801748486886", "6. volume": "11234203", "7. dividend amount": "0.0000", "8. split coefficient": "1.0"}, "2025-02-12": {"1. open": "54.95", "2. high": "55.1376", "3. low": "54.145", "4. close": "54.63", "5. adjusted close": "54.176893073302", "6. volume": "8667119", "7. dividend amount": "0.0000", "8. split coefficient": "1.0"}, "2025-02-11": {"1. open": "54.67", "2. high": "55.855", "3. low": "54.46", "4. close": "55.64", "5. adjusted close": "55.1785160277965", "6. volume": "12376519", "7. dividend amount": "0.0000", "8. split coefficient": "1.0"}, "2025-02-10": {"1. open": "56.0", "2. high": "56.05", "3. low": "54.3425", "4. close": "54.81", "5. adjusted close": "54.355400134499", "6. volume": "15645394", "7. dividend amount": "0.0000", "8. split coefficient": "1.0"}, "2025-02-07": {"1. open": "55.45", "2. high": "57.05", "3. low": "55.44", "4. close": "56.07", "5. adjusted close": "55.6049495628783", "6. volume": "46714238", "7. dividend amount": "0.0000", "8. split coefficient": "1.0"}, "2025-02-06": {"1. open": "54.24", "2. high": "55.9", "3. low": "54.22", "4. close": "55.74", "5. adjusted close": "55.2776866173504", "6. volume": "35554535", "7. dividend amount": "0.0000", "8. split coefficient": "1.0"}, "2025-02-05": {"1. open": "53.26", "2. high": "54.32", "3. low": "52.235", "4. close": "53.88", "5. adjusted close": "53.4331136516476", "6. volume": "20261506", "7. dividend amount": "0.0000", "8. split coefficient": "1.0"}, "2025-02-04": {"1. open": "55.5", "2. high": "55.53", "3. low": "53.76", "4. close": "53.89", "5. adjusted close": "53.443030710603", "6. volume": "58185463", "7. dividend amount": "0.0000", "8. split coefficient": "1.0"}, "2025-02-03": {"1. open": "54.57", "2. high": "55.94", "3. low": "54.47", "4. close": "55.83", "5. adjusted close": "55.3669401479489", "6. volume": "10314748", "7. dividend amount": "0.0000", "8. split coefficient": "1.0"}, "2025-01-31": {"1. open": "56.15", "2. high": "58.11", "3. low": "55.34", "4. close": "55.63", "5. adjusted close": "55.1685989688411", "6. volume": "36747890", "7. dividend amount": "0.0000", "8. split coefficient": "1.0"}, "2025-01-30": {"1. open": "55.21", "2. high": "57.73", "3. low": "54.49", "4. close": "57.05", "5. adjusted close": "56.5768213405066", "6. volume": "13415410", "7. dividend amount": "0.0000", "8. split coefficient": "1.0"}, "2025-01-29": {"1. open": "58.2", "2. high": "58.975", "3. low": "57.71", "4. close": "57.98", "5. adjusted close": "57.499107823358", "6. volume": "11311783", "7. dividend amount": "0.0000", "8. split coefficient": "1.0"}, "2025-01-28": {"1. open": "58.82", "2. high": "59.36", "3. low": "58.18", "4. close": "59.12", "5. adjusted close": "58.6296525442726", "6. volume": "6895496", "7. dividend amount": "0.0000", "8. split coefficient": "1.0"}, "2025-01-27": {"1. open": "59.46", "2. high": "60.14", "3. low": "58.72", "4. close": "59.29", "5. adjusted close": "58.7982425465142", "6. volume": "9148521", "7. dividend amount": "0.0000", "8. split coefficient": "1.0"}, "2025-01-24": {"1. open": "59.19", "2. high": "60.15", "3. low": "58.49", "4. close": "60.09", "5. adjusted close": "59.5916072629455", "6. volume": "8813920", "7. dividend amount": "0.0000", "8. split coefficient": "1.0"}, "2025-01-23": {"1. open": "58.23", "2. high": "58.63", "3. low": "57.86", "4. close": "58.6", "5. adjusted close": "58.1139654785922", "6. volume": "4741197", "7. dividend amount": "0.0000", "8. split coefficient": "1.0"}, "2025-01-22": {"1. open": "58.4", "2. high": "58.425", "3. low": "57.83", "4. close": "58.19", "5. adjusted close": "57.7073660614212", "6. volume": "5058773", "7. dividend amount": "0.0000", "8. split coefficient": "1.0"}, "2025-01-21": {"1. open": "57.39", "2. high": "58.5", "3. low": "57.335", "4. close": "58.48", "5. adjusted close": "57.9949607711276", "6. volume": "4746769", "7. dividend amount": "0.0000", "8. split coefficient": "1.0"}, "2025-01-17": {"1. open": "56.55", "2. high": "57.01", "3. low": "56.35", "4. close": "56.93", "5. adjusted close": "56.4578166330419", "6. volume": "4816215", "7. dividend amount": "0.0000", "8. split coefficient": "1.0"}, "2025-01-16": {"1. open": "55.7", "2. high": "56.36", "3. low": "55.27", "4. close": "56.26", "5. adjusted close": "55.7933736830307", "6. volume": "2920652", "7. dividend amount": "0.0000", "8. split coefficient": "1.0"}, "2025-01-15": {"1. open": "56.0", "2. high": "56.35", "3. low": "55.02", "4. close": "55.66", "5. adjusted close": "55.1983501457072", "6. volume": "3972240", "7. dividend amount": "0.0000", "8. split coefficient": "1.0"}, "2025-01-14": {"1. open": "53.85", "2. high": "55.42", "3. low": "53.745", "4. close": "55.42", "5. adjusted close": "54.9603407307779", "6. volume": "3767567", "7. dividend amount": "0.0000", "8. split coefficient": "1.0"}, "2025-01-13": {"1. open": "53.21", "2. high": "53.95", "3. low": "52.98", "4. close": "53.89", "5. adjusted close": "53.443030710603", "6. volume": "6044200", "7. dividend amount": "0.0000", "8. split coefficient": "1.0"}, "2025-01-10": {"1. open": "54.75", "2. high": "54.9", "3. low": "54.08", "4. close": "54.09", "5. adjusted close": "53.6413718897108", "6. volume": "4910281", "7. dividend amount": "0.0000", "8. split coefficient": "1.0"}, "2025-01-08": {"1. open": "53.36", "2. high": "54.75", "3. low": "53.3", "4. close": "54.68", "5. adjusted close": "54.2264783680789", "6. volume": "4125044", "7. dividend amount": "0.0000", "8. split coefficient": "1.0"}, "2025-01-07": {"1. open": "53.5", "2. high": "53.78", "3. low": "53.06", "4. close": "53.61", "5. adjusted close": "53.1653530598521", "6. volume": "4091490", "7. dividend amount": "0.0000", "8. split coefficient": "1.0"}, "2025-01-06": {"1. open": "53.26", "2. high": "53.535", "3. low": "53.08", "4. close": "53.5", "5. adjusted close": "53.0562654113428", "6. volume": "3889293", "7. dividend amount": "0.0000", "8. split coefficient": "1.0"}, "2025-01-03": {"1. open": "53.25", "2. high": "53.55", "3. low": "52.68", "4. close": "52.85", "5. adjusted close": "52.4116565792423", "6. volume": "3017790", "7. dividend amount": "0.0000", "8. split coefficient": "1.0"}, "2025-01-02": {"1. open": "54.07", "2. high": "54.35", "3. low": "52.84", "4. close": "53.16", "5. adjusted close": "52.7190854068594", "6. volume": "3501582", "7. dividend amount": "0.0000", "8. split coefficient": "1.0"}, "2024-12-31": {"1. open": "54.07", "2. high": "54.149", "3. low": "53.5", "4. close": "53.82", "5. adjusted close": "53.3736112979153", "6. volume": "1642291", "7. dividend amount": "0.0000", "8. split coefficient": "1.0"}, "2024-12-30": {"1. open": "54.08", "2. high": "54.165", "3. low": "53.46", "4. close": "53.65", "5. adjusted close": "53.2050212956736", "6. volume": "2319522", "7. dividend amount": "0.0000", "8. split coefficient": "1.0"}, "2024-12-27": {"1. open": "55.0", "2. high": "55.16", "3. low": "54.27", "4. close": "54.49", "5. adjusted close": "54.0380542479265", "6. volume": "1681190", "7. dividend amount": "0.0000", "8. split coefficient": "1.0"}, "2024-12-26": {"1. open": "55.1", "2. high": "55.35", "3. low": "54.89", "4. close": "55.21", "5. adjusted close": "54.7520824927146", "6. volume": "1742960", "7. dividend amount": "0.0000", "8. split coefficient": "1.0"}, "2024-12-24": {"1. open": "54.85", "2. high": "55.15", "3. low": "54.6", "4. close": "55.11", "5. adjusted close": "54.6529119031607", "6. volume": "879393", "7. dividend amount": "0.0000", "8. split coefficient": "1.0"}, "2024-12-23": {"1. open": "54.05", "2. high": "54.49", "3. low": "53.35", "4. close": "54.49", "5. adjusted close": "54.0380542479265", "6. volume": "2549026", "7. dividend amount": "0.0000", "8. split coefficient": "1.0"}, "2024-12-20": {"1. open": "53.67", "2. high": "54.49", "3. low": "53.51", "4. close": "54.45", "5. adjusted close": "53.9983860121049", "6. volume": "6736962", "7. dividend amount": "0.0000", "8. split coefficient": "1.0"}, "2024-12-19": {"1. open": "53.5", "2. high": "54.08", "3. low": "53.05", "4. close": "53.84", "5. adjusted close": "53.3934454158261", "6. volume": "3787860", "7. dividend amount": "0.0000", "8. split coefficient": "1.0"}, "2024-12-18": {"1. open": "55.51", "2. high": "55.705", "3. low": "53.59", "4. close": "53.64", "5. adjusted close": "53.1951042367182", "6. volume": "2882771", "7. dividend amount": "0.0000", "8. split coefficient": "1.0"}, "2024-12-17": {"1. open": "55.51", "2. high": "55.75", "3. low": "55.13", "4. close": "55.24", "5. adjusted close": "54.7818336695808", "6. volume": "2236122", "7. dividend amount": "0.0000", "8. split coefficient": "1.0"}, "2024-12-16": {"1. open": "55.69", "2. high": "56.14", "3. low": "55.605", "4. close": "55.79", "5. adjusted close": "55.3272719121273", "6. volume": "3044810", "7. dividend amount": "0.0000", "8. split coefficient": "1.0"}, "2024-12-13": {"1. open": "54.9", "2. high": "55.61", "3. low": "54.7102", "4. close": "55.54", "5. adjusted close": "55.0793454382426", "6. volume": "3254901", "7. dividend amount": "0.0000", "8. split coefficient": "1.0"}, "2024-12-12": {"1. open": "54.05", "2. high": "55.35", "3. low": "53.86", "4. close": "54.86", "5. adjusted close": "54.404985429276", "6. volume": "3228953", "7. dividend amount": "0.0000", "8. split coefficient": "1.0"}, "2024-12-11": {"1. open": "54.55", "2. high": "54.83", "3. low": "54.11", "4. close": "54.52", "5. adjusted close": "54.0678054247927", "6. volume": "4205366", "7. dividend amount": "0.0000", "8. split coefficient": "1.0"}, "2024-12-10": {"1. open": "55.48", "2. high": "55.55", "3. low": "54.63", "4. close": "54.76", "5. adjusted close": "54.305814839722", "6. volume": "2936863", "7. dividend amount": "0.0000", "8. split coefficient": "1.0"}, "2024-12-09": {"1. open": "57.03", "2. high": "57.2", "3. low": "55.625", "4. close": "55.78", "5. adjusted close": "55.3173548531719", "6. volume": "4044519", "7. dividend amount": "0.0000", "8. split coefficient": "1.0"}, "2024-12-06": {"1. open": "57.0", "2. high": "57.05", "3. low": "56.295", "4. close": "56.78", "5. adjusted close": "56.3090607487111", "6. volume": "2204680", "7. dividend amount": "0.0000", "8. split coefficient": "1.0"}, "2024-12-05": {"1. open": "57.06", "2. high": "57.43", "3. low": "56.61", "4. close": "56.71", "5. adjusted close": "56.2396413360233", "6. volume": "3732426", "7. dividend amount": "0.0000", "8. split coefficient": "1.0"}, "2024-12-04": {"1. open": "58.5", "2. high": "58.635", "3. low": "57.49", "4. close": "57.72", "5. adjusted close": "57.2412642905178", "6. volume": "3297260", "7. dividend amount": "0.0000", "8. split coefficient": "1.0"}, "2024-12-03": {"1. open": "58.2", "2. high": "58.895", "3. low": "57.92", "4. close": "58.71", "5. adjusted close": "58.2230531271016", "6. volume": "2803561", "7. dividend amount": "0.0000", "8. split coefficient": "1.0"}, "2024-12-02": {"1. open": "58.53", "2. high": "58.59", "3. low": "57.48", "4. close": "58.46", "5. adjusted close": "57.9751266532168", "6. volume": "2968849", "7. dividend amount": "0.0000", "8. split coefficient": "1.0"}, "2024-11-29": {"1. open": "58.39", "2. high": "58.98", "3. low": "57.96", "4. close": "58.83", "5. adjusted close": "58.3420578345662", "6. volume": "1819835", "7. dividend amount": "0.0000", "8. split coefficient": "1.0"}, "2024-11-27": {"1. open": "59.26", "2. high": "59.26", "3. low": "58.15", "4. close": "58.38", "5. adjusted close": "57.8957901815736", "6. volume": "2350844", "7. dividend amount": "0.0000", "8. split coefficient": "1.0"}, "2024-11-26": {"1. open": "59.71", "2. high": "59.85", "3. low": "58.58", "4. close": "59.11", "5. adjusted close": "58.6197354853172", "6. volume": "4450016", "7. dividend amount": "0.0000", "8. split coefficient": "1.0"}, "2024-11-25": {"1. open": "59.79", "2. high": "60.36", "3. low": "59.17", "4. close": "59.57", "5. adjusted close": "59.0759201972652", "6. volume": "6833645", "7. dividend amount": "0.0000", "8. split coefficient": "1.0"}}}