{"Symbol": "AWK", "AssetType": "Common Stock", "Name": "American Water Works", "Description": "American Water is an American public utility company operating in the United States and Canada.", "CIK": "1410636", "Exchange": "NYSE", "Currency": "USD", "Country": "USA", "Sector": "ENERGY & TRANSPORTATION", "Industry": "WATER SUPPLY", "Address": "1 WATER STREET, CAMDEN, NJ, US", "OfficialSite": "https://www.amwater.com", "FiscalYearEnd": "December", "LatestQuarter": "2024-12-31", "MarketCapitalization": "29107341000", "EBITDA": "2534000000", "PERatio": "27.69", "PEGRatio": "3.814", "BookValue": "53.01", "DividendPerShare": "3.003", "DividendYield": "0.0205", "EPS": "5.39", "RevenuePerShareTTM": "24.02", "ProfitMargin": "0.224", "OperatingMarginTTM": "0.337", "ReturnOnAssetsTTM": "0.0346", "ReturnOnEquityTTM": "0.104", "RevenueTTM": "4684000000", "GrossProfitTTM": "2826000000", "DilutedEPSTTM": "5.39", "QuarterlyEarningsGrowthYOY": "0.391", "QuarterlyRevenueGrowthYOY": "0.164", "AnalystTargetPrice": "141.39", "AnalystRatingStrongBuy": "0", "AnalystRatingBuy": "4", "AnalystRatingHold": "9", "AnalystRatingSell": "1", "AnalystRatingStrongSell": "1", "TrailingPE": "27.69", "ForwardPE": "25.58", "PriceToSalesRatioTTM": "6.21", "PriceToBookRatio": "2.777", "EVToRevenue": "9.12", "EVToEBITDA": "15.99", "Beta": "0.671", "52WeekHigh": "155.5", "52WeekLow": "117.22", "50DayMovingAverage": "140.02", "200DayMovingAverage": "137.12", "SharesOutstanding": "195011000", "DividendDate": "2025-03-04", "ExDividendDate": "2025-02-07"}