{"Symbol": "EVRG", "AssetType": "Common Stock", "Name": "Evergy, Inc.", "Description": "Evergy is an American investor-owned utility (IOU) with publicly traded stock that has its headquarters in Topeka, Kansas, and in Kansas City, Missouri.", "CIK": "1711269", "Exchange": "NASDAQ", "Currency": "USD", "Country": "USA", "Sector": "ENERGY & TRANSPORTATION", "Industry": "ELECTRIC & OTHER SERVICES COMBINED", "Address": "1200 MAIN STREET, KANSAS CITY, MO, US", "OfficialSite": "https://investors.evergy.com", "FiscalYearEnd": "December", "LatestQuarter": "2024-12-31", "MarketCapitalization": "15723688000", "EBITDA": "2621900000", "PERatio": "18.04", "PEGRatio": "2.847", "BookValue": "43.29", "DividendPerShare": "2.595", "DividendYield": "0.0399", "EPS": "3.79", "RevenuePerShareTTM": "25.39", "ProfitMargin": "0.149", "OperatingMarginTTM": "0.174", "ReturnOnAssetsTTM": "0.0287", "ReturnOnEquityTTM": "0.0901", "RevenueTTM": "5847300000", "GrossProfitTTM": "3034600000", "DilutedEPSTTM": "3.79", "QuarterlyEarningsGrowthYOY": "0.358", "QuarterlyRevenueGrowthYOY": "0.059", "AnalystTargetPrice": "71.43", "AnalystRatingStrongBuy": "2", "AnalystRatingBuy": "7", "AnalystRatingHold": "5", "AnalystRatingSell": "0", "AnalystRatingStrongSell": "0", "TrailingPE": "18.04", "ForwardPE": "16.67", "PriceToSalesRatioTTM": "2.634", "PriceToBookRatio": "1.547", "EVToRevenue": "5.04", "EVToEBITDA": "11.15", "Beta": "0.505", "52WeekHigh": "70.3", "52WeekLow": "49.5", "50DayMovingAverage": "67.23", "200DayMovingAverage": "62.28", "SharesOutstanding": "230013000", "DividendDate": "2025-03-21", "ExDividendDate": "2025-03-10"}