{"symbol": "VLTO", "annualReports": [{"fiscalDateEnding": "2024-12-31", "reportedCurrency": "USD", "totalAssets": "6406000000", "totalCurrentAssets": "2387000000", "cashAndCashEquivalentsAtCarryingValue": "1101000000", "cashAndShortTermInvestments": "1101000000", "inventory": "288000000", "currentNetReceivables": "None", "totalNonCurrentAssets": "4019000000", "propertyPlantEquipment": "None", "accumulatedDepreciationAmortizationPPE": "None", "intangibleAssets": "535000000", "intangibleAssetsExcludingGoodwill": "535000000", "goodwill": "2693000000", "investments": "None", "longTermInvestments": "None", "shortTermInvestments": "None", "otherCurrentAssets": "186000000", "otherNonCurrentAssets": "None", "totalLiabilities": "4361000000", "totalCurrentLiabilities": "1245000000", "currentAccountsPayable": "None", "deferredRevenue": "None", "currentDebt": "None", "shortTermDebt": "None", "totalNonCurrentLiabilities": "3116000000", "capitalLeaseObligations": "168000000", "longTermDebt": "2599000000", "currentLongTermDebt": "None", "longTermDebtNoncurrent": "None", "shortLongTermDebtTotal": "2599000000", "otherCurrentLiabilities": "850000000", "otherNonCurrentLiabilities": "47000000", "totalShareholderEquity": "2038000000", "treasuryStock": "None", "retainedEarnings": "917000000", "commonStock": "2045000000", "commonStockSharesOutstanding": "249600000"}, {"fiscalDateEnding": "2023-12-31", "reportedCurrency": "USD", "totalAssets": "5693000000", "totalCurrentAssets": "2073000000", "cashAndCashEquivalentsAtCarryingValue": "762000000", "cashAndShortTermInvestments": "762000000", "inventory": "297000000", "currentNetReceivables": "None", "totalNonCurrentAssets": "3620000000", "propertyPlantEquipment": "None", "accumulatedDepreciationAmortizationPPE": "None", "intangibleAssets": "427000000", "intangibleAssetsExcludingGoodwill": "427000000", "goodwill": "2533000000", "investments": "None", "longTermInvestments": "None", "shortTermInvestments": "None", "otherCurrentAssets": "188000000", "otherNonCurrentAssets": "None", "totalLiabilities": "4304000000", "totalCurrentLiabilities": "1265000000", "currentAccountsPayable": "None", "deferredRevenue": "None", "currentDebt": "None", "shortTermDebt": "33000000", "totalNonCurrentLiabilities": "3039000000", "capitalLeaseObligations": "148000000", "longTermDebt": "2629000000", "currentLongTermDebt": "None", "longTermDebtNoncurrent": "None", "shortLongTermDebtTotal": "2777000000", "otherCurrentLiabilities": "454000000", "otherNonCurrentLiabilities": "21000000", "totalShareholderEquity": "1383000000", "treasuryStock": "None", "retainedEarnings": "178000000", "commonStock": "2000000", "commonStockSharesOutstanding": "246400000"}, {"fiscalDateEnding": "2022-12-31", "reportedCurrency": "USD", "totalAssets": "4825000000", "totalCurrentAssets": "1280000000", "cashAndCashEquivalentsAtCarryingValue": "-123000000", "cashAndShortTermInvestments": "-123000000", "inventory": "345000000", "currentNetReceivables": "None", "totalNonCurrentAssets": "3545000000", "propertyPlantEquipment": "364000000", "accumulatedDepreciationAmortizationPPE": "None", "intangibleAssets": "479000000", "intangibleAssetsExcludingGoodwill": "479000000", "goodwill": "2476000000", "investments": "None", "longTermInvestments": "None", "shortTermInvestments": "None", "otherCurrentAssets": "119000000", "otherNonCurrentAssets": "None", "totalLiabilities": "1585000000", "totalCurrentLiabilities": "1123000000", "currentAccountsPayable": "None", "deferredRevenue": "None", "currentDebt": "None", "shortTermDebt": "64000000", "totalNonCurrentLiabilities": "462000000", "capitalLeaseObligations": "123000000", "longTermDebt": "None", "currentLongTermDebt": "None", "longTermDebtNoncurrent": "None", "shortLongTermDebtTotal": "123000000", "otherCurrentLiabilities": "361000000", "otherNonCurrentLiabilities": "23000000", "totalShareholderEquity": "3235000000", "treasuryStock": "None", "retainedEarnings": "0", "commonStock": "4189000000", "commonStockSharesOutstanding": "246100000"}, {"fiscalDateEnding": "2021-12-31", "reportedCurrency": "USD", "totalAssets": "4840000000", "totalCurrentAssets": "1205000000", "cashAndCashEquivalentsAtCarryingValue": "-135000000", "cashAndShortTermInvestments": "-135000000", "inventory": "322000000", "currentNetReceivables": "None", "totalNonCurrentAssets": "3635000000", "propertyPlantEquipment": "391000000", "accumulatedDepreciationAmortizationPPE": "None", "intangibleAssets": "533000000", "intangibleAssetsExcludingGoodwill": "533000000", "goodwill": "2502000000", "investments": "None", "longTermInvestments": "None", "shortTermInvestments": "None", "otherCurrentAssets": "126000000", "otherNonCurrentAssets": "None", "totalLiabilities": "1639000000", "totalCurrentLiabilities": "1121000000", "currentAccountsPayable": "None", "deferredRevenue": "None", "currentDebt": "None", "shortTermDebt": "68000000", "totalNonCurrentLiabilities": "518000000", "capitalLeaseObligations": "135000000", "longTermDebt": "None", "currentLongTermDebt": "None", "longTermDebtNoncurrent": "None", "shortLongTermDebtTotal": "135000000", "otherCurrentLiabilities": "356000000", "otherNonCurrentLiabilities": "21000000", "totalShareholderEquity": "3197000000", "treasuryStock": "None", "retainedEarnings": "None", "commonStock": "4084000000", "commonStockSharesOutstanding": "246100000"}, {"fiscalDateEnding": "2020-12-31", "reportedCurrency": "USD", "totalAssets": "None", "totalCurrentAssets": "None", "cashAndCashEquivalentsAtCarryingValue": "None", "cashAndShortTermInvestments": "None", "inventory": "None", "currentNetReceivables": "None", "totalNonCurrentAssets": "None", "propertyPlantEquipment": "None", "accumulatedDepreciationAmortizationPPE": "None", "intangibleAssets": "None", "intangibleAssetsExcludingGoodwill": "None", "goodwill": "None", "investments": "None", "longTermInvestments": "None", "shortTermInvestments": "None", "otherCurrentAssets": "None", "otherNonCurrentAssets": "None", "totalLiabilities": "None", "totalCurrentLiabilities": "None", "currentAccountsPayable": "None", "deferredRevenue": "None", "currentDebt": "None", "shortTermDebt": "None", "totalNonCurrentLiabilities": "None", "capitalLeaseObligations": "None", "longTermDebt": "None", "currentLongTermDebt": "None", "longTermDebtNoncurrent": "None", "shortLongTermDebtTotal": "None", "otherCurrentLiabilities": "None", "otherNonCurrentLiabilities": "None", "totalShareholderEquity": "None", "treasuryStock": "None", "retainedEarnings": "None", "commonStock": "None", "commonStockSharesOutstanding": "246100000"}], "quarterlyReports": [{"fiscalDateEnding": "2024-12-31", "reportedCurrency": "USD", "totalAssets": "6406000000", "totalCurrentAssets": "2387000000", "cashAndCashEquivalentsAtCarryingValue": "1101000000", "cashAndShortTermInvestments": "1101000000", "inventory": "288000000", "currentNetReceivables": "None", "totalNonCurrentAssets": "4019000000", "propertyPlantEquipment": "None", "accumulatedDepreciationAmortizationPPE": "None", "intangibleAssets": "535000000", "intangibleAssetsExcludingGoodwill": "535000000", "goodwill": "2693000000", "investments": "None", "longTermInvestments": "None", "shortTermInvestments": "None", "otherCurrentAssets": "186000000", "otherNonCurrentAssets": "None", "totalLiabilities": "4361000000", "totalCurrentLiabilities": "1245000000", "currentAccountsPayable": "None", "deferredRevenue": "None", "currentDebt": "None", "shortTermDebt": "None", "totalNonCurrentLiabilities": "3116000000", "capitalLeaseObligations": "168000000", "longTermDebt": "2599000000", "currentLongTermDebt": "None", "longTermDebtNoncurrent": "None", "shortLongTermDebtTotal": "2599000000", "otherCurrentLiabilities": "850000000", "otherNonCurrentLiabilities": "47000000", "totalShareholderEquity": "2045000000", "treasuryStock": "None", "retainedEarnings": "917000000", "commonStock": "2000000", "commonStockSharesOutstanding": "250300000"}, {"fiscalDateEnding": "2024-09-30", "reportedCurrency": "USD", "totalAssets": "6263000000", "totalCurrentAssets": "2617000000", "cashAndCashEquivalentsAtCarryingValue": "1267000000", "cashAndShortTermInvestments": "1267000000", "inventory": "326000000", "currentNetReceivables": "None", "totalNonCurrentAssets": "3646000000", "propertyPlantEquipment": "None", "accumulatedDepreciationAmortizationPPE": "None", "intangibleAssets": "401000000", "intangibleAssetsExcludingGoodwill": "401000000", "goodwill": "2539000000", "investments": "None", "longTermInvestments": "None", "shortTermInvestments": "None", "otherCurrentAssets": "185000000", "otherNonCurrentAssets": "None", "totalLiabilities": "4303000000", "totalCurrentLiabilities": "1226000000", "currentAccountsPayable": "None", "deferredRevenue": "None", "currentDebt": "None", "shortTermDebt": "None", "totalNonCurrentLiabilities": "3077000000", "capitalLeaseObligations": "None", "longTermDebt": "2639000000", "currentLongTermDebt": "None", "longTermDebtNoncurrent": "None", "shortLongTermDebtTotal": "2639000000", "otherCurrentLiabilities": "802000000", "otherNonCurrentLiabilities": "438000000", "totalShareholderEquity": "1954000000", "treasuryStock": "None", "retainedEarnings": "717000000", "commonStock": "2000000", "commonStockSharesOutstanding": "250000000"}, {"fiscalDateEnding": "2024-06-30", "reportedCurrency": "USD", "totalAssets": "5903000000", "totalCurrentAssets": "2333000000", "cashAndCashEquivalentsAtCarryingValue": "1043000000", "cashAndShortTermInvestments": "1043000000", "inventory": "312000000", "currentNetReceivables": "None", "totalNonCurrentAssets": "3570000000", "propertyPlantEquipment": "None", "accumulatedDepreciationAmortizationPPE": "None", "intangibleAssets": "401000000", "intangibleAssetsExcludingGoodwill": "401000000", "goodwill": "2490000000", "investments": "None", "longTermInvestments": "None", "shortTermInvestments": "None", "otherCurrentAssets": "175000000", "otherNonCurrentAssets": "None", "totalLiabilities": "4231000000", "totalCurrentLiabilities": "1190000000", "currentAccountsPayable": "None", "deferredRevenue": "None", "currentDebt": "None", "shortTermDebt": "None", "totalNonCurrentLiabilities": "3041000000", "capitalLeaseObligations": "None", "longTermDebt": "2615000000", "currentLongTermDebt": "None", "longTermDebtNoncurrent": "None", "shortLongTermDebtTotal": "2615000000", "otherCurrentLiabilities": "793000000", "otherNonCurrentLiabilities": "426000000", "totalShareholderEquity": "1666000000", "treasuryStock": "None", "retainedEarnings": "521000000", "commonStock": "2000000", "commonStockSharesOutstanding": "249300000"}, {"fiscalDateEnding": "2024-03-31", "reportedCurrency": "USD", "totalAssets": "5708000000", "totalCurrentAssets": "2117000000", "cashAndCashEquivalentsAtCarryingValue": "827000000", "cashAndShortTermInvestments": "827000000", "inventory": "308000000", "currentNetReceivables": "None", "totalNonCurrentAssets": "3591000000", "propertyPlantEquipment": "None", "accumulatedDepreciationAmortizationPPE": "None", "intangibleAssets": "413000000", "intangibleAssetsExcludingGoodwill": "413000000", "goodwill": "2499000000", "investments": "None", "longTermInvestments": "None", "shortTermInvestments": "None", "otherCurrentAssets": "167000000", "otherNonCurrentAssets": "None", "totalLiabilities": "4220000000", "totalCurrentLiabilities": "1156000000", "currentAccountsPayable": "None", "deferredRevenue": "None", "currentDebt": "None", "shortTermDebt": "166000000", "totalNonCurrentLiabilities": "3064000000", "capitalLeaseObligations": "None", "longTermDebt": "2618000000", "currentLongTermDebt": "None", "longTermDebtNoncurrent": "None", "shortLongTermDebtTotal": "2618000000", "otherCurrentLiabilities": "754000000", "otherNonCurrentLiabilities": "446000000", "totalShareholderEquity": "1482000000", "treasuryStock": "None", "retainedEarnings": "340000000", "commonStock": "2000000", "commonStockSharesOutstanding": "248800000"}, {"fiscalDateEnding": "2023-12-31", "reportedCurrency": "USD", "totalAssets": "5693000000", "totalCurrentAssets": "2073000000", "cashAndCashEquivalentsAtCarryingValue": "762000000", "cashAndShortTermInvestments": "762000000", "inventory": "297000000", "currentNetReceivables": "None", "totalNonCurrentAssets": "3620000000", "propertyPlantEquipment": "None", "accumulatedDepreciationAmortizationPPE": "None", "intangibleAssets": "427000000", "intangibleAssetsExcludingGoodwill": "427000000", "goodwill": "2533000000", "investments": "None", "longTermInvestments": "None", "shortTermInvestments": "None", "otherCurrentAssets": "188000000", "otherNonCurrentAssets": "None", "totalLiabilities": "4304000000", "totalCurrentLiabilities": "1265000000", "currentAccountsPayable": "None", "deferredRevenue": "None", "currentDebt": "None", "shortTermDebt": "33000000", "totalNonCurrentLiabilities": "3039000000", "capitalLeaseObligations": "148000000", "longTermDebt": "2629000000", "currentLongTermDebt": "None", "longTermDebtNoncurrent": "None", "shortLongTermDebtTotal": "2777000000", "otherCurrentLiabilities": "454000000", "otherNonCurrentLiabilities": "21000000", "totalShareholderEquity": "1383000000", "treasuryStock": "None", "retainedEarnings": "178000000", "commonStock": "2000000", "commonStockSharesOutstanding": "246400000"}, {"fiscalDateEnding": "2023-09-30", "reportedCurrency": "USD", "totalAssets": "5160000000", "totalCurrentAssets": "1660000000", "cashAndCashEquivalentsAtCarryingValue": "426000000", "cashAndShortTermInvestments": "426000000", "inventory": "316000000", "currentNetReceivables": "None", "totalNonCurrentAssets": "3500000000", "propertyPlantEquipment": "376000000", "accumulatedDepreciationAmortizationPPE": "None", "intangibleAssets": "433000000", "intangibleAssetsExcludingGoodwill": "433000000", "goodwill": "2480000000", "investments": "None", "longTermInvestments": "None", "shortTermInvestments": "None", "otherCurrentAssets": "102000000", "otherNonCurrentAssets": "None", "totalLiabilities": "4117000000", "totalCurrentLiabilities": "1034000000", "currentAccountsPayable": "None", "deferredRevenue": "None", "currentDebt": "None", "shortTermDebt": "None", "totalNonCurrentLiabilities": "3083000000", "capitalLeaseObligations": "None", "longTermDebt": "2604000000", "currentLongTermDebt": "None", "longTermDebtNoncurrent": "None", "shortLongTermDebtTotal": "2604000000", "otherCurrentLiabilities": "680000000", "otherNonCurrentLiabilities": "479000000", "totalShareholderEquity": "1038000000", "treasuryStock": "None", "retainedEarnings": "None", "commonStock": "2000000", "commonStockSharesOutstanding": "246300000"}, {"fiscalDateEnding": "2023-06-30", "reportedCurrency": "USD", "totalAssets": "5092000000", "totalCurrentAssets": "1493000000", "cashAndCashEquivalentsAtCarryingValue": "250000000", "cashAndShortTermInvestments": "250000000", "inventory": "333000000", "currentNetReceivables": "None", "totalNonCurrentAssets": "3599000000", "propertyPlantEquipment": "376000000", "accumulatedDepreciationAmortizationPPE": "None", "intangibleAssets": "455000000", "intangibleAssetsExcludingGoodwill": "455000000", "goodwill": "2506000000", "investments": "None", "longTermInvestments": "None", "shortTermInvestments": "None", "otherCurrentAssets": "101000000", "otherNonCurrentAssets": "None", "totalLiabilities": "4059000000", "totalCurrentLiabilities": "1007000000", "currentAccountsPayable": "None", "deferredRevenue": "None", "currentDebt": "None", "shortTermDebt": "None", "totalNonCurrentLiabilities": "3052000000", "capitalLeaseObligations": "None", "longTermDebt": "2580000000", "currentLongTermDebt": "None", "longTermDebtNoncurrent": "None", "shortLongTermDebtTotal": "2580000000", "otherCurrentLiabilities": "615000000", "otherNonCurrentLiabilities": "472000000", "totalShareholderEquity": "1028000000", "treasuryStock": "None", "retainedEarnings": "0", "commonStock": "2000000", "commonStockSharesOutstanding": "246100000"}, {"fiscalDateEnding": "2023-03-31", "reportedCurrency": "USD", "totalAssets": "4845000000", "totalCurrentAssets": "1292000000", "cashAndCashEquivalentsAtCarryingValue": "None", "cashAndShortTermInvestments": "None", "inventory": "349000000", "currentNetReceivables": "None", "totalNonCurrentAssets": "3553000000", "propertyPlantEquipment": "363000000", "accumulatedDepreciationAmortizationPPE": "None", "intangibleAssets": "472000000", "intangibleAssetsExcludingGoodwill": "472000000", "goodwill": "2487000000", "investments": "None", "longTermInvestments": "None", "shortTermInvestments": "None", "otherCurrentAssets": "124000000", "otherNonCurrentAssets": "None", "totalLiabilities": "1497000000", "totalCurrentLiabilities": "1026000000", "currentAccountsPayable": "None", "deferredRevenue": "None", "currentDebt": "None", "shortTermDebt": "None", "totalNonCurrentLiabilities": "471000000", "capitalLeaseObligations": "None", "longTermDebt": "None", "currentLongTermDebt": "None", "longTermDebtNoncurrent": "None", "shortLongTermDebtTotal": "119000000", "otherCurrentLiabilities": "616000000", "otherNonCurrentLiabilities": "None", "totalShareholderEquity": "3343000000", "treasuryStock": "None", "retainedEarnings": "None", "commonStock": "4276000000", "commonStockSharesOutstanding": "246100000"}, {"fiscalDateEnding": "2022-12-31", "reportedCurrency": "USD", "totalAssets": "4825000000", "totalCurrentAssets": "1280000000", "cashAndCashEquivalentsAtCarryingValue": "-123000000", "cashAndShortTermInvestments": "-123000000", "inventory": "345000000", "currentNetReceivables": "None", "totalNonCurrentAssets": "3545000000", "propertyPlantEquipment": "None", "accumulatedDepreciationAmortizationPPE": "None", "intangibleAssets": "479000000", "intangibleAssetsExcludingGoodwill": "479000000", "goodwill": "2476000000", "investments": "None", "longTermInvestments": "None", "shortTermInvestments": "None", "otherCurrentAssets": "119000000", "otherNonCurrentAssets": "None", "totalLiabilities": "1585000000", "totalCurrentLiabilities": "1123000000", "currentAccountsPayable": "None", "deferredRevenue": "None", "currentDebt": "None", "shortTermDebt": "64000000", "totalNonCurrentLiabilities": "462000000", "capitalLeaseObligations": "123000000", "longTermDebt": "None", "currentLongTermDebt": "None", "longTermDebtNoncurrent": "None", "shortLongTermDebtTotal": "123000000", "otherCurrentLiabilities": "361000000", "otherNonCurrentLiabilities": "23000000", "totalShareholderEquity": "3235000000", "treasuryStock": "None", "retainedEarnings": "0", "commonStock": "4189000000", "commonStockSharesOutstanding": "246100000"}, {"fiscalDateEnding": "2022-09-30", "reportedCurrency": "USD", "totalAssets": "None", "totalCurrentAssets": "None", "cashAndCashEquivalentsAtCarryingValue": "None", "cashAndShortTermInvestments": "None", "inventory": "None", "currentNetReceivables": "None", "totalNonCurrentAssets": "None", "propertyPlantEquipment": "None", "accumulatedDepreciationAmortizationPPE": "None", "intangibleAssets": "None", "intangibleAssetsExcludingGoodwill": "None", "goodwill": "None", "investments": "None", "longTermInvestments": "None", "shortTermInvestments": "None", "otherCurrentAssets": "None", "otherNonCurrentAssets": "None", "totalLiabilities": "None", "totalCurrentLiabilities": "None", "currentAccountsPayable": "None", "deferredRevenue": "None", "currentDebt": "None", "shortTermDebt": "None", "totalNonCurrentLiabilities": "None", "capitalLeaseObligations": "None", "longTermDebt": "None", "currentLongTermDebt": "None", "longTermDebtNoncurrent": "None", "shortLongTermDebtTotal": "None", "otherCurrentLiabilities": "None", "otherNonCurrentLiabilities": "None", "totalShareholderEquity": "None", "treasuryStock": "None", "retainedEarnings": "None", "commonStock": "None", "commonStockSharesOutstanding": "246300000"}, {"fiscalDateEnding": "2022-06-30", "reportedCurrency": "None", "totalAssets": "None", "totalCurrentAssets": "None", "cashAndCashEquivalentsAtCarryingValue": "None", "cashAndShortTermInvestments": "None", "inventory": "None", "currentNetReceivables": "None", "totalNonCurrentAssets": "None", "propertyPlantEquipment": "None", "accumulatedDepreciationAmortizationPPE": "None", "intangibleAssets": "None", "intangibleAssetsExcludingGoodwill": "None", "goodwill": "None", "investments": "None", "longTermInvestments": "None", "shortTermInvestments": "None", "otherCurrentAssets": "None", "otherNonCurrentAssets": "None", "totalLiabilities": "None", "totalCurrentLiabilities": "None", "currentAccountsPayable": "None", "deferredRevenue": "None", "currentDebt": "None", "shortTermDebt": "None", "totalNonCurrentLiabilities": "None", "capitalLeaseObligations": "None", "longTermDebt": "None", "currentLongTermDebt": "None", "longTermDebtNoncurrent": "None", "shortLongTermDebtTotal": "None", "otherCurrentLiabilities": "None", "otherNonCurrentLiabilities": "None", "totalShareholderEquity": "None", "treasuryStock": "None", "retainedEarnings": "None", "commonStock": "None", "commonStockSharesOutstanding": "246100000"}, {"fiscalDateEnding": "2022-03-31", "reportedCurrency": "USD", "totalAssets": "None", "totalCurrentAssets": "None", "cashAndCashEquivalentsAtCarryingValue": "None", "cashAndShortTermInvestments": "None", "inventory": "None", "currentNetReceivables": "None", "totalNonCurrentAssets": "None", "propertyPlantEquipment": "None", "accumulatedDepreciationAmortizationPPE": "None", "intangibleAssets": "None", "intangibleAssetsExcludingGoodwill": "None", "goodwill": "None", "investments": "None", "longTermInvestments": "None", "shortTermInvestments": "None", "otherCurrentAssets": "None", "otherNonCurrentAssets": "None", "totalLiabilities": "None", "totalCurrentLiabilities": "None", "currentAccountsPayable": "None", "deferredRevenue": "None", "currentDebt": "None", "shortTermDebt": "None", "totalNonCurrentLiabilities": "None", "capitalLeaseObligations": "None", "longTermDebt": "None", "currentLongTermDebt": "None", "longTermDebtNoncurrent": "None", "shortLongTermDebtTotal": "None", "otherCurrentLiabilities": "None", "otherNonCurrentLiabilities": "None", "totalShareholderEquity": "3201000000", "treasuryStock": "None", "retainedEarnings": "None", "commonStock": "None", "commonStockSharesOutstanding": "246100000"}]}