{"Symbol": "UDR", "AssetType": "Common Stock", "Name": "UDR Inc", "Description": "UDR Inc. is a publicly traded real estate investment trust that invests in apartments. The company is organized in Maryland with its headquarters in Highlands Ranch, Colorado.", "CIK": "74208", "Exchange": "NYSE", "Currency": "USD", "Country": "USA", "Sector": "REAL ESTATE & CONSTRUCTION", "Industry": "REAL ESTATE INVESTMENT TRUSTS", "Address": "1745 SHEA CENTER DRIVE, SUITE 200, HIGHLANDS RANCH, CO, US", "OfficialSite": "https://www.udr.com", "FiscalYearEnd": "December", "LatestQuarter": "2024-12-31", "MarketCapitalization": "15561467000", "EBITDA": "1003089000", "PERatio": "159.77", "PEGRatio": "-4.53", "BookValue": "10.28", "DividendPerShare": "1.7", "DividendYield": "0.0414", "EPS": "0.26", "RevenuePerShareTTM": "5.16", "ProfitMargin": "0.0527", "OperatingMarginTTM": "0.204", "ReturnOnAssetsTTM": "0.0175", "ReturnOnEquityTTM": "0.0204", "RevenueTTM": "1700177000", "GrossProfitTTM": "1131410000", "DilutedEPSTTM": "0.26", "QuarterlyEarningsGrowthYOY": "-0.377", "QuarterlyRevenueGrowthYOY": "0.054", "AnalystTargetPrice": "46.18", "AnalystRatingStrongBuy": "4", "AnalystRatingBuy": "5", "AnalystRatingHold": "13", "AnalystRatingSell": "0", "AnalystRatingStrongSell": "1", "TrailingPE": "159.77", "ForwardPE": "68.49", "PriceToSalesRatioTTM": "9.15", "PriceToBookRatio": "3.968", "EVToRevenue": "11.69", "EVToEBITDA": "19.54", "Beta": "0.773", "52WeekHigh": "46.11", "52WeekLow": "35.37", "50DayMovingAverage": "43.02", "200DayMovingAverage": "43.19", "SharesOutstanding": "331182000", "DividendDate": "2025-04-30", "ExDividendDate": "2025-04-10"}