{"Meta Data": {"1. Information": "Daily Time Series with Splits and Dividend Events", "2. Symbol": "AVY", "3. Last Refreshed": "2025-04-22", "4. Output Size": "Compact", "5. Time Zone": "US/Eastern"}, "Time Series (Daily)": {"2025-04-22": {"1. open": "170.26", "2. high": "175.31", "3. low": "170.26", "4. close": "174.83", "5. adjusted close": "174.83", "6. volume": "1150734", "7. dividend amount": "0.0000", "8. split coefficient": "1.0"}, "2025-04-21": {"1. open": "169.68", "2. high": "169.85", "3. low": "167.19", "4. close": "169.03", "5. adjusted close": "169.03", "6. volume": "729615", "7. dividend amount": "0.0000", "8. split coefficient": "1.0"}, "2025-04-17": {"1. open": "169.23", "2. high": "172.067", "3. low": "169.23", "4. close": "170.85", "5. adjusted close": "170.85", "6. volume": "625591", "7. dividend amount": "0.0000", "8. split coefficient": "1.0"}, "2025-04-16": {"1. open": "169.82", "2. high": "171.21", "3. low": "167.18", "4. close": "168.15", "5. adjusted close": "168.15", "6. volume": "737111", "7. dividend amount": "0.0000", "8. split coefficient": "1.0"}, "2025-04-15": {"1. open": "171.02", "2. high": "172.97", "3. low": "169.19", "4. close": "169.5", "5. adjusted close": "169.5", "6. volume": "881740", "7. dividend amount": "0.0000", "8. split coefficient": "1.0"}, "2025-04-14": {"1. open": "171.84", "2. high": "172.4", "3. low": "170.1625", "4. close": "172.28", "5. adjusted close": "172.28", "6. volume": "823196", "7. dividend amount": "0.0000", "8. split coefficient": "1.0"}, "2025-04-11": {"1. open": "166.58", "2. high": "171.255", "3. low": "164.14", "4. close": "169.68", "5. adjusted close": "169.68", "6. volume": "1090810", "7. dividend amount": "0.0000", "8. split coefficient": "1.0"}, "2025-04-10": {"1. open": "167.17", "2. high": "167.17", "3. low": "161.5", "4. close": "166.58", "5. adjusted close": "166.58", "6. volume": "1221291", "7. dividend amount": "0.0000", "8. split coefficient": "1.0"}, "2025-04-09": {"1. open": "157.96", "2. high": "171.1", "3. low": "157.335", "4. close": "168.86", "5. adjusted close": "168.86", "6. volume": "2088984", "7. dividend amount": "0.0000", "8. split coefficient": "1.0"}, "2025-04-08": {"1. open": "170.0", "2. high": "171.01", "3. low": "157.0", "4. close": "159.58", "5. adjusted close": "159.58", "6. volume": "1863133", "7. dividend amount": "0.0000", "8. split coefficient": "1.0"}, "2025-04-07": {"1. open": "167.5", "2. high": "172.55", "3. low": "162.53", "4. close": "166.28", "5. adjusted close": "166.28", "6. volume": "1861706", "7. dividend amount": "0.0000", "8. split coefficient": "1.0"}, "2025-04-04": {"1. open": "173.63", "2. high": "174.91", "3. low": "168.77", "4. close": "170.25", "5. adjusted close": "170.25", "6. volume": "1781064", "7. dividend amount": "0.0000", "8. split coefficient": "1.0"}, "2025-04-03": {"1. open": "176.58", "2. high": "178.29", "3. low": "173.89", "4. close": "176.34", "5. adjusted close": "176.34", "6. volume": "1197419", "7. dividend amount": "0.0000", "8. split coefficient": "1.0"}, "2025-04-02": {"1. open": "177.79", "2. high": "180.66", "3. low": "177.69", "4. close": "180.58", "5. adjusted close": "180.58", "6. volume": "424790", "7. dividend amount": "0.0000", "8. split coefficient": "1.0"}, "2025-04-01": {"1. open": "178.15", "2. high": "179.9", "3. low": "176.76", "4. close": "179.56", "5. adjusted close": "179.56", "6. volume": "502675", "7. dividend amount": "0.0000", "8. split coefficient": "1.0"}, "2025-03-31": {"1. open": "175.49", "2. high": "178.4", "3. low": "174.82", "4. close": "177.97", "5. adjusted close": "177.97", "6. volume": "716450", "7. dividend amount": "0.0000", "8. split coefficient": "1.0"}, "2025-03-28": {"1. open": "178.72", "2. high": "179.0899", "3. low": "175.15", "4. close": "175.77", "5. adjusted close": "175.77", "6. volume": "350687", "7. dividend amount": "0.0000", "8. split coefficient": "1.0"}, "2025-03-27": {"1. open": "177.61", "2. high": "178.61", "3. low": "176.48", "4. close": "177.99", "5. adjusted close": "177.99", "6. volume": "377061", "7. dividend amount": "0.0000", "8. split coefficient": "1.0"}, "2025-03-26": {"1. open": "175.81", "2. high": "178.21", "3. low": "175.81", "4. close": "177.94", "5. adjusted close": "177.94", "6. volume": "348269", "7. dividend amount": "0.0000", "8. split coefficient": "1.0"}, "2025-03-25": {"1. open": "177.54", "2. high": "178.14", "3. low": "174.19", "4. close": "175.69", "5. adjusted close": "175.69", "6. volume": "426931", "7. dividend amount": "0.0000", "8. split coefficient": "1.0"}, "2025-03-24": {"1. open": "175.31", "2. high": "177.24", "3. low": "174.56", "4. close": "177.01", "5. adjusted close": "177.01", "6. volume": "575854", "7. dividend amount": "0.0000", "8. split coefficient": "1.0"}, "2025-03-21": {"1. open": "175.24", "2. high": "175.675", "3. low": "173.02", "4. close": "174.58", "5. adjusted close": "174.58", "6. volume": "1492702", "7. dividend amount": "0.0000", "8. split coefficient": "1.0"}, "2025-03-20": {"1. open": "178.1", "2. high": "180.35", "3. low": "176.57", "4. close": "177.05", "5. adjusted close": "177.05", "6. volume": "740478", "7. dividend amount": "0.0000", "8. split coefficient": "1.0"}, "2025-03-19": {"1. open": "179.29", "2. high": "180.63", "3. low": "176.89", "4. close": "179.11", "5. adjusted close": "179.11", "6. volume": "548794", "7. dividend amount": "0.0000", "8. split coefficient": "1.0"}, "2025-03-18": {"1. open": "179.78", "2. high": "180.315", "3. low": "178.7", "4. close": "179.93", "5. adjusted close": "179.93", "6. volume": "538652", "7. dividend amount": "0.0000", "8. split coefficient": "1.0"}, "2025-03-17": {"1. open": "179.23", "2. high": "180.865", "3. low": "178.22", "4. close": "179.72", "5. adjusted close": "179.72", "6. volume": "497400", "7. dividend amount": "0.0000", "8. split coefficient": "1.0"}, "2025-03-14": {"1. open": "177.13", "2. high": "178.96", "3. low": "176.59", "4. close": "178.64", "5. adjusted close": "178.64", "6. volume": "420100", "7. dividend amount": "0.0000", "8. split coefficient": "1.0"}, "2025-03-13": {"1. open": "177.18", "2. high": "178.99", "3. low": "174.91", "4. close": "175.89", "5. adjusted close": "175.89", "6. volume": "552843", "7. dividend amount": "0.0000", "8. split coefficient": "1.0"}, "2025-03-12": {"1. open": "179.48", "2. high": "180.413", "3. low": "177.06", "4. close": "177.06", "5. adjusted close": "177.06", "6. volume": "542544", "7. dividend amount": "0.0000", "8. split coefficient": "1.0"}, "2025-03-11": {"1. open": "186.89", "2. high": "186.89", "3. low": "180.09", "4. close": "180.15", "5. adjusted close": "180.15", "6. volume": "601882", "7. dividend amount": "0.0000", "8. split coefficient": "1.0"}, "2025-03-10": {"1. open": "183.92", "2. high": "189.75", "3. low": "183.88", "4. close": "186.52", "5. adjusted close": "186.52", "6. volume": "787721", "7. dividend amount": "0.0000", "8. split coefficient": "1.0"}, "2025-03-07": {"1. open": "181.42", "2. high": "184.866", "3. low": "181.42", "4. close": "183.94", "5. adjusted close": "183.94", "6. volume": "1195522", "7. dividend amount": "0.0000", "8. split coefficient": "1.0"}, "2025-03-06": {"1. open": "181.06", "2. high": "183.16", "3. low": "180.11", "4. close": "182.4", "5. adjusted close": "182.4", "6. volume": "1149114", "7. dividend amount": "0.0000", "8. split coefficient": "1.0"}, "2025-03-05": {"1. open": "180.91", "2. high": "183.625", "3. low": "179.93", "4. close": "182.82", "5. adjusted close": "182.82", "6. volume": "1055995", "7. dividend amount": "0.8800", "8. split coefficient": "1.0"}, "2025-03-04": {"1. open": "184.74", "2. high": "185.64", "3. low": "180.79", "4. close": "181.33", "5. adjusted close": "180.461353293413", "6. volume": "980386", "7. dividend amount": "0.0000", "8. split coefficient": "1.0"}, "2025-03-03": {"1. open": "189.13", "2. high": "190.45", "3. low": "185.44", "4. close": "185.92", "5. adjusted close": "185.029365269461", "6. volume": "557708", "7. dividend amount": "0.0000", "8. split coefficient": "1.0"}, "2025-02-28": {"1. open": "186.23", "2. high": "188.25", "3. low": "185.875", "4. close": "187.97", "5. adjusted close": "187.06954491018", "6. volume": "718085", "7. dividend amount": "0.0000", "8. split coefficient": "1.0"}, "2025-02-27": {"1. open": "185.06", "2. high": "186.705", "3. low": "184.83", "4. close": "185.49", "5. adjusted close": "184.601425149701", "6. volume": "337534", "7. dividend amount": "0.0000", "8. split coefficient": "1.0"}, "2025-02-26": {"1. open": "186.49", "2. high": "186.585", "3. low": "184.34", "4. close": "185.75", "5. adjusted close": "184.860179640719", "6. volume": "480687", "7. dividend amount": "0.0000", "8. split coefficient": "1.0"}, "2025-02-25": {"1. open": "185.6", "2. high": "186.98", "3. low": "185.24", "4. close": "186.38", "5. adjusted close": "185.487161676647", "6. volume": "535858", "7. dividend amount": "0.0000", "8. split coefficient": "1.0"}, "2025-02-24": {"1. open": "184.57", "2. high": "186.23", "3. low": "183.26", "4. close": "184.54", "5. adjusted close": "183.655976047904", "6. volume": "569222", "7. dividend amount": "0.0000", "8. split coefficient": "1.0"}, "2025-02-21": {"1. open": "184.34", "2. high": "184.92", "3. low": "183.03", "4. close": "184.36", "5. adjusted close": "183.476838323353", "6. volume": "672244", "7. dividend amount": "0.0000", "8. split coefficient": "1.0"}, "2025-02-20": {"1. open": "183.12", "2. high": "184.45", "3. low": "182.1", "4. close": "184.27", "5. adjusted close": "183.387269461078", "6. volume": "700036", "7. dividend amount": "0.0000", "8. split coefficient": "1.0"}, "2025-02-19": {"1. open": "182.09", "2. high": "183.929", "3. low": "182.065", "4. close": "182.98", "5. adjusted close": "182.103449101796", "6. volume": "727876", "7. dividend amount": "0.0000", "8. split coefficient": "1.0"}, "2025-02-18": {"1. open": "182.13", "2. high": "183.79", "3. low": "181.47", "4. close": "183.67", "5. adjusted close": "182.790143712575", "6. volume": "419993", "7. dividend amount": "0.0000", "8. split coefficient": "1.0"}, "2025-02-14": {"1. open": "183.71", "2. high": "184.82", "3. low": "180.43", "4. close": "181.61", "5. adjusted close": "180.740011976048", "6. volume": "526618", "7. dividend amount": "0.0000", "8. split coefficient": "1.0"}, "2025-02-13": {"1. open": "182.27", "2. high": "183.84", "3. low": "181.775", "4. close": "182.88", "5. adjusted close": "182.003928143713", "6. volume": "512883", "7. dividend amount": "0.0000", "8. split coefficient": "1.0"}, "2025-02-12": {"1. open": "178.96", "2. high": "183.803", "3. low": "178.72", "4. close": "181.19", "5. adjusted close": "180.322023952096", "6. volume": "815518", "7. dividend amount": "0.0000", "8. split coefficient": "1.0"}, "2025-02-11": {"1. open": "180.68", "2. high": "181.91", "3. low": "178.84", "4. close": "179.99", "5. adjusted close": "179.12777245509", "6. volume": "745752", "7. dividend amount": "0.0000", "8. split coefficient": "1.0"}, "2025-02-10": {"1. open": "180.0", "2. high": "182.215", "3. low": "179.06", "4. close": "181.7", "5. adjusted close": "180.829580838323", "6. volume": "568549", "7. dividend amount": "0.0000", "8. split coefficient": "1.0"}, "2025-02-07": {"1. open": "182.09", "2. high": "182.23", "3. low": "178.72", "4. close": "179.15", "5. adjusted close": "178.291796407186", "6. volume": "675442", "7. dividend amount": "0.0000", "8. split coefficient": "1.0"}, "2025-02-06": {"1. open": "186.08", "2. high": "186.08", "3. low": "180.86", "4. close": "181.68", "5. adjusted close": "180.809676646707", "6. volume": "872970", "7. dividend amount": "0.0000", "8. split coefficient": "1.0"}, "2025-02-05": {"1. open": "183.12", "2. high": "184.96", "3. low": "181.18", "4. close": "184.63", "5. adjusted close": "183.74554491018", "6. volume": "940847", "7. dividend amount": "0.0000", "8. split coefficient": "1.0"}, "2025-02-04": {"1. open": "184.21", "2. high": "184.21", "3. low": "182.28", "4. close": "182.62", "5. adjusted close": "181.745173652695", "6. volume": "725855", "7. dividend amount": "0.0000", "8. split coefficient": "1.0"}, "2025-02-03": {"1. open": "182.46", "2. high": "184.02", "3. low": "180.5", "4. close": "183.34", "5. adjusted close": "182.461724550898", "6. volume": "1023544", "7. dividend amount": "0.0000", "8. split coefficient": "1.0"}, "2025-01-31": {"1. open": "184.7", "2. high": "188.33", "3. low": "184.46", "4. close": "185.73", "5. adjusted close": "184.840275449102", "6. volume": "1500428", "7. dividend amount": "0.0000", "8. split coefficient": "1.0"}, "2025-01-30": {"1. open": "187.04", "2. high": "187.12", "3. low": "179.2", "4. close": "182.49", "5. adjusted close": "181.615796407186", "6. volume": "2345174", "7. dividend amount": "0.0000", "8. split coefficient": "1.0"}, "2025-01-29": {"1. open": "192.88", "2. high": "194.75", "3. low": "192.325", "4. close": "192.91", "5. adjusted close": "191.985880239521", "6. volume": "1066867", "7. dividend amount": "0.0000", "8. split coefficient": "1.0"}, "2025-01-28": {"1. open": "195.15", "2. high": "196.405", "3. low": "192.89", "4. close": "193.3", "5. adjusted close": "192.374011976048", "6. volume": "661602", "7. dividend amount": "0.0000", "8. split coefficient": "1.0"}, "2025-01-27": {"1. open": "192.59", "2. high": "195.92", "3. low": "191.11", "4. close": "195.91", "5. adjusted close": "194.971508982036", "6. volume": "823613", "7. dividend amount": "0.0000", "8. split coefficient": "1.0"}, "2025-01-24": {"1. open": "193.43", "2. high": "194.53", "3. low": "190.95", "4. close": "191.52", "5. adjusted close": "190.602538922156", "6. volume": "682027", "7. dividend amount": "0.0000", "8. split coefficient": "1.0"}, "2025-01-23": {"1. open": "190.53", "2. high": "193.44", "3. low": "189.61", "4. close": "193.36", "5. adjusted close": "192.433724550898", "6. volume": "675437", "7. dividend amount": "0.0000", "8. split coefficient": "1.0"}, "2025-01-22": {"1. open": "191.19", "2. high": "192.45", "3. low": "190.05", "4. close": "190.53", "5. adjusted close": "189.617281437126", "6. volume": "597323", "7. dividend amount": "0.0000", "8. split coefficient": "1.0"}, "2025-01-21": {"1. open": "192.18", "2. high": "193.97", "3. low": "191.47", "4. close": "192.5", "5. adjusted close": "191.577844311377", "6. volume": "879554", "7. dividend amount": "0.0000", "8. split coefficient": "1.0"}, "2025-01-17": {"1. open": "192.25", "2. high": "193.22", "3. low": "190.76", "4. close": "191.32", "5. adjusted close": "190.403497005988", "6. volume": "623811", "7. dividend amount": "0.0000", "8. split coefficient": "1.0"}, "2025-01-16": {"1. open": "190.32", "2. high": "191.365", "3. low": "189.535", "4. close": "191.24", "5. adjusted close": "190.323880239521", "6. volume": "382541", "7. dividend amount": "0.0000", "8. split coefficient": "1.0"}, "2025-01-15": {"1. open": "191.96", "2. high": "193.55", "3. low": "189.62", "4. close": "190.23", "5. adjusted close": "189.318718562874", "6. volume": "628739", "7. dividend amount": "0.0000", "8. split coefficient": "1.0"}, "2025-01-14": {"1. open": "189.05", "2. high": "189.99", "3. low": "187.75", "4. close": "189.31", "5. adjusted close": "188.403125748503", "6. volume": "516568", "7. dividend amount": "0.0000", "8. split coefficient": "1.0"}, "2025-01-13": {"1. open": "184.46", "2. high": "188.17", "3. low": "184.415", "4. close": "187.96", "5. adjusted close": "187.059592814371", "6. volume": "560817", "7. dividend amount": "0.0000", "8. split coefficient": "1.0"}, "2025-01-10": {"1. open": "185.35", "2. high": "187.01", "3. low": "184.7", "4. close": "184.86", "5. adjusted close": "183.974443113772", "6. volume": "431367", "7. dividend amount": "0.0000", "8. split coefficient": "1.0"}, "2025-01-08": {"1. open": "185.81", "2. high": "187.88", "3. low": "184.56", "4. close": "187.71", "5. adjusted close": "186.810790419162", "6. volume": "405591", "7. dividend amount": "0.0000", "8. split coefficient": "1.0"}, "2025-01-07": {"1. open": "188.25", "2. high": "191.24", "3. low": "186.115", "4. close": "186.69", "5. adjusted close": "185.795676646707", "6. volume": "485812", "7. dividend amount": "0.0000", "8. split coefficient": "1.0"}, "2025-01-06": {"1. open": "185.29", "2. high": "189.85", "3. low": "185.29", "4. close": "188.04", "5. adjusted close": "187.139209580838", "6. volume": "823929", "7. dividend amount": "0.0000", "8. split coefficient": "1.0"}, "2025-01-03": {"1. open": "183.45", "2. high": "185.4", "3. low": "181.99", "4. close": "185.09", "5. adjusted close": "184.203341317365", "6. volume": "915336", "7. dividend amount": "0.0000", "8. split coefficient": "1.0"}, "2025-01-02": {"1. open": "187.62", "2. high": "189.1802", "3. low": "182.835", "4. close": "183.31", "5. adjusted close": "182.431868263473", "6. volume": "620696", "7. dividend amount": "0.0000", "8. split coefficient": "1.0"}, "2024-12-31": {"1. open": "187.24", "2. high": "189.26", "3. low": "186.56", "4. close": "187.13", "5. adjusted close": "186.233568862275", "6. volume": "452740", "7. dividend amount": "0.0000", "8. split coefficient": "1.0"}, "2024-12-30": {"1. open": "186.86", "2. high": "187.98", "3. low": "185.29", "4. close": "187.24", "5. adjusted close": "186.343041916168", "6. volume": "533074", "7. dividend amount": "0.0000", "8. split coefficient": "1.0"}, "2024-12-27": {"1. open": "188.03", "2. high": "190.27", "3. low": "187.84", "4. close": "188.51", "5. adjusted close": "187.606958083832", "6. volume": "572985", "7. dividend amount": "0.0000", "8. split coefficient": "1.0"}, "2024-12-26": {"1. open": "188.82", "2. high": "190.07", "3. low": "188.6", "4. close": "189.35", "5. adjusted close": "188.442934131737", "6. volume": "301303", "7. dividend amount": "0.0000", "8. split coefficient": "1.0"}, "2024-12-24": {"1. open": "188.95", "2. high": "189.7", "3. low": "188.03", "4. close": "189.38", "5. adjusted close": "188.472790419162", "6. volume": "167105", "7. dividend amount": "0.0000", "8. split coefficient": "1.0"}, "2024-12-23": {"1. open": "186.96", "2. high": "189.005", "3. low": "186.16", "4. close": "188.58", "5. adjusted close": "187.676622754491", "6. volume": "515941", "7. dividend amount": "0.0000", "8. split coefficient": "1.0"}, "2024-12-20": {"1. open": "186.26", "2. high": "190.07", "3. low": "186.26", "4. close": "188.13", "5. adjusted close": "187.228778443114", "6. volume": "1308832", "7. dividend amount": "0.0000", "8. split coefficient": "1.0"}, "2024-12-19": {"1. open": "186.58", "2. high": "189.68", "3. low": "185.73", "4. close": "186.26", "5. adjusted close": "185.367736526946", "6. volume": "682100", "7. dividend amount": "0.0000", "8. split coefficient": "1.0"}, "2024-12-18": {"1. open": "191.53", "2. high": "193.39", "3. low": "186.75", "4. close": "186.85", "5. adjusted close": "185.954910179641", "6. volume": "710156", "7. dividend amount": "0.0000", "8. split coefficient": "1.0"}, "2024-12-17": {"1. open": "192.0", "2. high": "193.05", "3. low": "190.0001", "4. close": "191.46", "5. adjusted close": "190.542826347305", "6. volume": "622495", "7. dividend amount": "0.0000", "8. split coefficient": "1.0"}, "2024-12-16": {"1. open": "195.01", "2. high": "195.5", "3. low": "192.82", "4. close": "193.06", "5. adjusted close": "192.135161676647", "6. volume": "545998", "7. dividend amount": "0.0000", "8. split coefficient": "1.0"}, "2024-12-13": {"1. open": "196.2", "2. high": "197.44", "3. low": "194.89", "4. close": "195.14", "5. adjusted close": "194.20519760479", "6. volume": "375403", "7. dividend amount": "0.0000", "8. split coefficient": "1.0"}, "2024-12-12": {"1. open": "196.2", "2. high": "198.3938", "3. low": "195.52", "4. close": "197.67", "5. adjusted close": "196.723077844311", "6. volume": "463483", "7. dividend amount": "0.0000", "8. split coefficient": "1.0"}, "2024-12-11": {"1. open": "202.69", "2. high": "203.055", "3. low": "197.31", "4. close": "197.56", "5. adjusted close": "196.613604790419", "6. volume": "579245", "7. dividend amount": "0.0000", "8. split coefficient": "1.0"}, "2024-12-10": {"1. open": "203.78", "2. high": "203.78", "3. low": "199.94", "4. close": "201.46", "5. adjusted close": "200.494922155689", "6. volume": "477619", "7. dividend amount": "0.0000", "8. split coefficient": "1.0"}, "2024-12-09": {"1. open": "203.36", "2. high": "206.45", "3. low": "203.235", "4. close": "204.04", "5. adjusted close": "203.062562874252", "6. volume": "504939", "7. dividend amount": "0.0000", "8. split coefficient": "1.0"}, "2024-12-06": {"1. open": "204.53", "2. high": "206.1499", "3. low": "201.67", "4. close": "202.5", "5. adjusted close": "201.52994011976", "6. volume": "594624", "7. dividend amount": "0.0000", "8. split coefficient": "1.0"}, "2024-12-05": {"1. open": "203.99", "2. high": "204.5", "3. low": "201.79", "4. close": "203.29", "5. adjusted close": "202.316155688623", "6. volume": "491026", "7. dividend amount": "0.0000", "8. split coefficient": "1.0"}, "2024-12-04": {"1. open": "203.35", "2. high": "205.375", "3. low": "202.47", "4. close": "204.36", "5. adjusted close": "203.38102994012", "6. volume": "409007", "7. dividend amount": "0.8800", "8. split coefficient": "1.0"}, "2024-12-03": {"1. open": "206.06", "2. high": "206.06", "3. low": "204.18", "4. close": "205.19", "5. adjusted close": "203.331482817254", "6. volume": "796422", "7. dividend amount": "0.0000", "8. split coefficient": "1.0"}, "2024-12-02": {"1. open": "206.61", "2. high": "206.76", "3. low": "204.0", "4. close": "206.14", "5. adjusted close": "204.272878151707", "6. volume": "492107", "7. dividend amount": "0.0000", "8. split coefficient": "1.0"}, "2024-11-29": {"1. open": "204.72", "2. high": "206.9", "3. low": "204.01", "4. close": "205.95", "5. adjusted close": "204.084599084816", "6. volume": "318989", "7. dividend amount": "0.0000", "8. split coefficient": "1.0"}, "2024-11-27": {"1. open": "205.33", "2. high": "207.78", "3. low": "204.55", "4. close": "205.15", "5. adjusted close": "203.291845118961", "6. volume": "460027", "7. dividend amount": "0.0000", "8. split coefficient": "1.0"}, "2024-11-26": {"1. open": "207.5", "2. high": "207.74", "3. low": "204.44", "4. close": "204.62", "5. adjusted close": "202.766645616582", "6. volume": "539951", "7. dividend amount": "0.0000", "8. split coefficient": "1.0"}, "2024-11-25": {"1. open": "204.48", "2. high": "207.99", "3. low": "204.15", "4. close": "207.94", "5. adjusted close": "206.056574574881", "6. volume": "1072267", "7. dividend amount": "0.0000", "8. split coefficient": "1.0"}}}