{"Symbol": "AMCR", "AssetType": "Common Stock", "Name": "Amcor PLC", "Description": "Amcor plc is an Australian-American, UK-domiciled packaging company. It develops and produces flexible packaging, rigid containers, specialty cartons, closures and services for food, beverage, pharmaceutical, medical-device, home and personal-care, and other products.", "CIK": "1748790", "Exchange": "NYSE", "Currency": "USD", "Country": "USA", "Sector": "MANUFACTURING", "Industry": "MISCELLANEOUS MANUFACTURING INDUSTRIES", "Address": "83 TOWER ROAD NORTH, WARMLEY, BRISTOL, GB", "OfficialSite": "https://www.amcor.com", "FiscalYearEnd": "June", "LatestQuarter": "2024-12-31", "MarketCapitalization": "13817452000", "EBITDA": "1907000000", "PERatio": "17.38", "PEGRatio": "1.608", "BookValue": "2.62", "DividendPerShare": "0.505", "DividendYield": "0.0533", "EPS": "0.55", "RevenuePerShareTTM": "9.4", "ProfitMargin": "0.0589", "OperatingMarginTTM": "0.0898", "ReturnOnAssetsTTM": "0.0514", "ReturnOnEquityTTM": "0.207", "RevenueTTM": "13540000000", "GrossProfitTTM": "2731000000", "DilutedEPSTTM": "0.55", "QuarterlyEarningsGrowthYOY": "0.228", "QuarterlyRevenueGrowthYOY": "-0.003", "AnalystTargetPrice": "11.18", "AnalystRatingStrongBuy": "2", "AnalystRatingBuy": "3", "AnalystRatingHold": "3", "AnalystRatingSell": "0", "AnalystRatingStrongSell": "0", "TrailingPE": "17.38", "ForwardPE": "10.79", "PriceToSalesRatioTTM": "1.02", "PriceToBookRatio": "3.652", "EVToRevenue": "1.534", "EVToEBITDA": "10.84", "Beta": "0.784", "52WeekHigh": "11.2", "52WeekLow": "8.37", "50DayMovingAverage": "9.77", "200DayMovingAverage": "10.25", "SharesOutstanding": "1445340000", "DividendDate": "2025-03-18", "ExDividendDate": "2025-02-26"}