{"Symbol": "LYB", "AssetType": "Common Stock", "Name": "LyondellBasell Industries NV", "Description": "LyondellBasell Industries N.V. (NYSE: LYB) is a Dutch-domiciled multinational chemical company with American and British roots, incorporated in the Netherlands, with U.S. operations headquarters in Houston, Texas, and offices in London, UK. The company is the largest licensor of polyethylene and polypropylene technologies. It also produces ethylene, propylene, polyolefins, and oxyfuels.", "CIK": "1489393", "Exchange": "NYSE", "Currency": "USD", "Country": "USA", "Sector": "LIFE SCIENCES", "Industry": "INDUSTRIAL ORGANIC CHEMICALS", "Address": "1221 MCKINNEY ST, SUITE 700, HOUSTON, TX, US", "OfficialSite": "https://www.lyondellbasell.com", "FiscalYearEnd": "December", "LatestQuarter": "2024-12-31", "MarketCapitalization": "18769742000", "EBITDA": "4129000000", "PERatio": "14.04", "PEGRatio": "1.09", "BookValue": "38.48", "DividendPerShare": "5.27", "DividendYield": "0.0922", "EPS": "4.14", "RevenuePerShareTTM": "124.01", "ProfitMargin": "0.0338", "OperatingMarginTTM": "0.0295", "ReturnOnAssetsTTM": "0.0472", "ReturnOnEquityTTM": "0.106", "RevenueTTM": "40301998000", "GrossProfitTTM": "4564000000", "DilutedEPSTTM": "4.14", "QuarterlyEarningsGrowthYOY": "-0.236", "QuarterlyRevenueGrowthYOY": "-0.044", "AnalystTargetPrice": "73.72", "AnalystRatingStrongBuy": "3", "AnalystRatingBuy": "5", "AnalystRatingHold": "13", "AnalystRatingSell": "1", "AnalystRatingStrongSell": "1", "TrailingPE": "14.04", "ForwardPE": "9.38", "PriceToSalesRatioTTM": "0.466", "PriceToBookRatio": "1.506", "EVToRevenue": "0.703", "EVToEBITDA": "7.85", "Beta": "0.915", "52WeekHigh": "100.69", "52WeekLow": "51.11", "50DayMovingAverage": "69.95", "200DayMovingAverage": "83.15", "SharesOutstanding": "322837000", "DividendDate": "2025-03-17", "ExDividendDate": "2025-03-10"}