{"symbol": "WDAY", "annualReports": [{"fiscalDateEnding": "2025-01-31", "reportedCurrency": "USD", "totalAssets": "17977000000", "totalCurrentAssets": "10545000000", "cashAndCashEquivalentsAtCarryingValue": "1543000000", "cashAndShortTermInvestments": "1543000000", "inventory": "None", "currentNetReceivables": "None", "totalNonCurrentAssets": "7432000000", "propertyPlantEquipment": "None", "accumulatedDepreciationAmortizationPPE": "None", "intangibleAssets": "361000000", "intangibleAssetsExcludingGoodwill": "361000000", "goodwill": "3478000000", "investments": "None", "longTermInvestments": "247000000", "shortTermInvestments": "6474000000", "otherCurrentAssets": "578000000", "otherNonCurrentAssets": "None", "totalLiabilities": "8943000000", "totalCurrentLiabilities": "5548000000", "currentAccountsPayable": "None", "deferredRevenue": "None", "currentDebt": "None", "shortTermDebt": "198000000", "totalNonCurrentLiabilities": "3395000000", "capitalLeaseObligations": "378000000", "longTermDebt": "2984000000", "currentLongTermDebt": "None", "longTermDebtNoncurrent": "None", "shortLongTermDebtTotal": "378000000", "otherCurrentLiabilities": "775000000", "otherNonCurrentLiabilities": "52000000", "totalShareholderEquity": "9034000000", "treasuryStock": "None", "retainedEarnings": "-1205000000", "commonStock": "None", "commonStockSharesOutstanding": "269205000"}, {"fiscalDateEnding": "2024-01-31", "reportedCurrency": "USD", "totalAssets": "16452000000", "totalCurrentAssets": "9939000000", "cashAndCashEquivalentsAtCarryingValue": "2012000000", "cashAndShortTermInvestments": "2012000000", "inventory": "None", "currentNetReceivables": "None", "totalNonCurrentAssets": "6513000000", "propertyPlantEquipment": "None", "accumulatedDepreciationAmortizationPPE": "None", "intangibleAssets": "259000000", "intangibleAssetsExcludingGoodwill": "259000000", "goodwill": "2846000000", "investments": "None", "longTermInvestments": "248000000", "shortTermInvestments": "5801000000", "otherCurrentAssets": "487000000", "otherNonCurrentAssets": "None", "totalLiabilities": "8370000000", "totalCurrentLiabilities": "5055000000", "currentAccountsPayable": "None", "deferredRevenue": "None", "currentDebt": "None", "shortTermDebt": "346000000", "totalNonCurrentLiabilities": "3315000000", "capitalLeaseObligations": "316000000", "longTermDebt": "2980000000", "currentLongTermDebt": "None", "longTermDebtNoncurrent": "None", "shortLongTermDebtTotal": "3296000000", "otherCurrentLiabilities": "831000000", "otherNonCurrentLiabilities": "38000000", "totalShareholderEquity": "8082000000", "treasuryStock": "None", "retainedEarnings": "-1731000000", "commonStock": "None", "commonStockSharesOutstanding": "265285000"}, {"fiscalDateEnding": "2023-01-31", "reportedCurrency": "USD", "totalAssets": "13486238000", "totalCurrentAssets": "8108224000", "cashAndCashEquivalentsAtCarryingValue": "1886311000", "cashAndShortTermInvestments": "1886311000", "inventory": "191054000", "currentNetReceivables": "None", "totalNonCurrentAssets": "5378014000", "propertyPlantEquipment": "1450532000", "accumulatedDepreciationAmortizationPPE": "None", "intangibleAssets": "305465000", "intangibleAssetsExcludingGoodwill": "305465000", "goodwill": "2840044000", "investments": "None", "longTermInvestments": "263485000", "shortTermInvestments": "4235083000", "otherCurrentAssets": "416744000", "otherNonCurrentAssets": "None", "totalLiabilities": "7900670000", "totalCurrentLiabilities": "4628166000", "currentAccountsPayable": "None", "deferredRevenue": "None", "currentDebt": "None", "shortTermDebt": "182343000", "totalNonCurrentLiabilities": "3272504000", "capitalLeaseObligations": "273142000", "longTermDebt": "2975934000", "currentLongTermDebt": "None", "longTermDebtNoncurrent": "None", "shortLongTermDebtTotal": "3249076000", "otherCurrentLiabilities": "732679000", "otherNonCurrentLiabilities": "40231000", "totalShareholderEquity": "5585568000", "treasuryStock": "None", "retainedEarnings": "-3111334000", "commonStock": "259000", "commonStockSharesOutstanding": "254819000"}, {"fiscalDateEnding": "2022-01-31", "reportedCurrency": "USD", "totalAssets": "10498505000", "totalCurrentAssets": "5214065000", "cashAndCashEquivalentsAtCarryingValue": "1534273000", "cashAndShortTermInvestments": "1534273000", "inventory": "1", "currentNetReceivables": "None", "totalNonCurrentAssets": "5284440000", "propertyPlantEquipment": "1370883000", "accumulatedDepreciationAmortizationPPE": "None", "intangibleAssets": "391002000", "intangibleAssetsExcludingGoodwill": "391002000", "goodwill": "2840044000", "investments": "None", "longTermInvestments": "256759000", "shortTermInvestments": "2109888000", "otherCurrentAssets": "327359000", "otherNonCurrentAssets": "None", "totalLiabilities": "5963423000", "totalCurrentLiabilities": "5067855000", "currentAccountsPayable": "None", "deferredRevenue": "None", "currentDebt": "None", "shortTermDebt": "1383449000", "totalNonCurrentLiabilities": "895568000", "capitalLeaseObligations": "262959000", "longTermDebt": "617354000", "currentLongTermDebt": "1222443000", "longTermDebtNoncurrent": "None", "shortLongTermDebtTotal": "2102756000", "otherCurrentLiabilities": "517972000", "otherNonCurrentLiabilities": "24225000", "totalShareholderEquity": "4535082000", "treasuryStock": "-12467000", "retainedEarnings": "-2744585000", "commonStock": "251000", "commonStockSharesOutstanding": "254032000"}, {"fiscalDateEnding": "2021-01-31", "reportedCurrency": "USD", "totalAssets": "8718411000", "totalCurrentAssets": "4802061000", "cashAndCashEquivalentsAtCarryingValue": "1384181000", "cashAndShortTermInvestments": "1384181000", "inventory": "2", "currentNetReceivables": "None", "totalNonCurrentAssets": "3916350000", "propertyPlantEquipment": "972403000", "accumulatedDepreciationAmortizationPPE": "None", "intangibleAssets": "248626000", "intangibleAssetsExcludingGoodwill": "248626000", "goodwill": "1819625000", "investments": "None", "longTermInvestments": "134090000", "shortTermInvestments": "2151472000", "otherCurrentAssets": "233924000", "otherNonCurrentAssets": "None", "totalLiabilities": "5440577000", "totalCurrentLiabilities": "4282648000", "currentAccountsPayable": "None", "deferredRevenue": "None", "currentDebt": "None", "shortTermDebt": "1289101000", "totalNonCurrentLiabilities": "1157929000", "capitalLeaseObligations": "443051000", "longTermDebt": "691913000", "currentLongTermDebt": "1103101000", "longTermDebtNoncurrent": "None", "shortLongTermDebtTotal": "2238065000", "otherCurrentLiabilities": "361327000", "otherNonCurrentLiabilities": "466016000", "totalShareholderEquity": "3277834000", "treasuryStock": "-12384000", "retainedEarnings": "-2909990000", "commonStock": "242000", "commonStockSharesOutstanding": "237019000"}, {"fiscalDateEnding": "2020-01-31", "reportedCurrency": "USD", "totalAssets": "6816365000", "totalCurrentAssets": "3094622000", "cashAndCashEquivalentsAtCarryingValue": "731141000", "cashAndShortTermInvestments": "731141000", "inventory": "1", "currentNetReceivables": "None", "totalNonCurrentAssets": "3721743000", "propertyPlantEquipment": "936179000", "accumulatedDepreciationAmortizationPPE": "None", "intangibleAssets": "308401000", "intangibleAssetsExcludingGoodwill": "308401000", "goodwill": "1819261000", "investments": "None", "longTermInvestments": "75004000", "shortTermInvestments": "1213432000", "otherCurrentAssets": "272471000", "otherNonCurrentAssets": "None", "totalLiabilities": "4329814000", "totalCurrentLiabilities": "2969404000", "currentAccountsPayable": "None", "deferredRevenue": "None", "currentDebt": "None", "shortTermDebt": "310466000", "totalNonCurrentLiabilities": "1360410000", "capitalLeaseObligations": "307572000", "longTermDebt": "1017967000", "currentLongTermDebt": "244319000", "longTermDebtNoncurrent": "None", "shortLongTermDebtTotal": "1569858000", "otherCurrentLiabilities": "378204000", "otherNonCurrentLiabilities": "342443000", "totalShareholderEquity": "2486551000", "treasuryStock": "None", "retainedEarnings": "-2627359000", "commonStock": "231000", "commonStockSharesOutstanding": "227185000"}, {"fiscalDateEnding": "2019-01-31", "reportedCurrency": "USD", "totalAssets": "5520746000", "totalCurrentAssets": "2700596000", "cashAndCashEquivalentsAtCarryingValue": "638554000", "cashAndShortTermInvestments": "638554000", "inventory": "None", "currentNetReceivables": "None", "totalNonCurrentAssets": "2820150000", "propertyPlantEquipment": "796907000", "accumulatedDepreciationAmortizationPPE": "None", "intangibleAssets": "313240000", "intangibleAssetsExcludingGoodwill": "313240000", "goodwill": "1379125000", "investments": "None", "longTermInvestments": "50546000", "shortTermInvestments": "1139864000", "otherCurrentAssets": "217498000", "otherNonCurrentAssets": "None", "totalLiabilities": "3562304000", "totalCurrentLiabilities": "2430691000", "currentAccountsPayable": "None", "deferredRevenue": "None", "currentDebt": "None", "shortTermDebt": "232514000", "totalNonCurrentLiabilities": "1131613000", "capitalLeaseObligations": "None", "longTermDebt": "972264000", "currentLongTermDebt": "232514000", "longTermDebtNoncurrent": "None", "shortLongTermDebtTotal": "1204778000", "otherCurrentLiabilities": "331466000", "otherNonCurrentLiabilities": "159349000", "totalShareholderEquity": "1958442000", "treasuryStock": "None", "retainedEarnings": "-2146304000", "commonStock": "221000", "commonStockSharesOutstanding": "216789000"}, {"fiscalDateEnding": "2018-01-31", "reportedCurrency": "USD", "totalAssets": "4947424000", "totalCurrentAssets": "3956978000", "cashAndCashEquivalentsAtCarryingValue": "1134355000", "cashAndShortTermInvestments": "1134355000", "inventory": "0", "currentNetReceivables": "None", "totalNonCurrentAssets": "990446000", "propertyPlantEquipment": "546609000", "accumulatedDepreciationAmortizationPPE": "None", "intangibleAssets": "34234000", "intangibleAssetsExcludingGoodwill": "34234000", "goodwill": "159376000", "investments": "None", "longTermInvestments": "29205000", "shortTermInvestments": "2133495000", "otherCurrentAssets": "160920000", "otherNonCurrentAssets": "None", "totalLiabilities": "3367059000", "totalCurrentLiabilities": "2058874000", "currentAccountsPayable": "None", "deferredRevenue": "None", "currentDebt": "None", "shortTermDebt": "341509000", "totalNonCurrentLiabilities": "1308185000", "capitalLeaseObligations": "None", "longTermDebt": "1149845000", "currentLongTermDebt": "341509000", "longTermDebtNoncurrent": "None", "shortLongTermDebtTotal": "1491354000", "otherCurrentLiabilities": "270126000", "otherNonCurrentLiabilities": "1197279000", "totalShareholderEquity": "1580365000", "treasuryStock": "0", "retainedEarnings": "-1727856000", "commonStock": "211000", "commonStockSharesOutstanding": "207774000"}, {"fiscalDateEnding": "2017-01-31", "reportedCurrency": "USD", "totalAssets": "3166424000", "totalCurrentAssets": "2496526000", "cashAndCashEquivalentsAtCarryingValue": "539923000", "cashAndShortTermInvestments": "539923000", "inventory": "0", "currentNetReceivables": "None", "totalNonCurrentAssets": "669898000", "propertyPlantEquipment": "365877000", "accumulatedDepreciationAmortizationPPE": "None", "intangibleAssets": "48787000", "intangibleAssetsExcludingGoodwill": "48787000", "goodwill": "158354000", "investments": "None", "longTermInvestments": "14004000", "shortTermInvestments": "1456822000", "otherCurrentAssets": "115873000", "otherNonCurrentAssets": "None", "totalLiabilities": "2003518000", "totalCurrentLiabilities": "1296448000", "currentAccountsPayable": "None", "deferredRevenue": "None", "currentDebt": "None", "shortTermDebt": "534423000", "totalNonCurrentLiabilities": "707070000", "capitalLeaseObligations": "None", "longTermDebt": "534423000", "currentLongTermDebt": "534423000", "longTermDebtNoncurrent": "None", "shortLongTermDebtTotal": "534423000", "otherCurrentLiabilities": "172207000", "otherNonCurrentLiabilities": "571100000", "totalShareholderEquity": "1162906000", "treasuryStock": "0", "retainedEarnings": "-1520567000", "commonStock": "202000", "commonStockSharesOutstanding": "198214000"}, {"fiscalDateEnding": "2016-01-31", "reportedCurrency": "USD", "totalAssets": "2730094000", "totalCurrentAssets": "2362308000", "cashAndCashEquivalentsAtCarryingValue": "300087000", "cashAndShortTermInvestments": "300087000", "inventory": "0", "currentNetReceivables": "None", "totalNonCurrentAssets": "367786000", "propertyPlantEquipment": "214158000", "accumulatedDepreciationAmortizationPPE": "None", "intangibleAssets": "18511000", "intangibleAssetsExcludingGoodwill": "18511000", "goodwill": "50325000", "investments": "None", "longTermInvestments": "28742000", "shortTermInvestments": "1669372000", "otherCurrentAssets": "99442000", "otherNonCurrentAssets": "None", "totalLiabilities": "1593937000", "totalCurrentLiabilities": "922679000", "currentAccountsPayable": "None", "deferredRevenue": "None", "currentDebt": "None", "shortTermDebt": "507476000", "totalNonCurrentLiabilities": "671258000", "capitalLeaseObligations": "None", "longTermDebt": "507476000", "currentLongTermDebt": "507476000", "longTermDebtNoncurrent": "None", "shortLongTermDebtTotal": "507476000", "otherCurrentLiabilities": "134333000", "otherNonCurrentLiabilities": "32794000", "totalShareholderEquity": "1136157000", "treasuryStock": "0", "retainedEarnings": "-1112289000", "commonStock": "193000", "commonStockSharesOutstanding": "190016000"}, {"fiscalDateEnding": "2015-01-31", "reportedCurrency": "USD", "totalAssets": "2358633000", "totalCurrentAssets": "2109039000", "cashAndCashEquivalentsAtCarryingValue": "298192000", "cashAndShortTermInvestments": "298192000", "inventory": "0", "currentNetReceivables": "None", "totalNonCurrentAssets": "249594000", "propertyPlantEquipment": "140136000", "accumulatedDepreciationAmortizationPPE": "None", "intangibleAssets": "6409000", "intangibleAssetsExcludingGoodwill": "6409000", "goodwill": "32312000", "investments": "None", "longTermInvestments": "12910000", "shortTermInvestments": "1559517000", "otherCurrentAssets": "62973000", "otherNonCurrentAssets": "None", "totalLiabilities": "1232658000", "totalCurrentLiabilities": "641265000", "currentAccountsPayable": "None", "deferredRevenue": "None", "currentDebt": "None", "shortTermDebt": "3207000", "totalNonCurrentLiabilities": "591393000", "capitalLeaseObligations": "None", "longTermDebt": "490501000", "currentLongTermDebt": "485165000", "longTermDebtNoncurrent": "None", "shortLongTermDebtTotal": "493708000", "otherCurrentLiabilities": "80284000", "otherNonCurrentLiabilities": "15299000", "totalShareholderEquity": "1125975000", "treasuryStock": "0", "retainedEarnings": "-822371000", "commonStock": "186000", "commonStockSharesOutstanding": "183702000"}, {"fiscalDateEnding": "2014-01-31", "reportedCurrency": "USD", "totalAssets": "2176265000", "totalCurrentAssets": "2023658000", "cashAndCashEquivalentsAtCarryingValue": "581326000", "cashAndShortTermInvestments": "581326000", "inventory": "0", "currentNetReceivables": "None", "totalNonCurrentAssets": "152607000", "propertyPlantEquipment": "77664000", "accumulatedDepreciationAmortizationPPE": "None", "intangibleAssets": "4865000", "intangibleAssetsExcludingGoodwill": "4865000", "goodwill": "8488000", "investments": "None", "longTermInvestments": "None", "shortTermInvestments": "1305253000", "otherCurrentAssets": "44895000", "otherNonCurrentAssets": "None", "totalLiabilities": "989048000", "totalCurrentLiabilities": "421890000", "currentAccountsPayable": "None", "deferredRevenue": "None", "currentDebt": "None", "shortTermDebt": "9377000", "totalNonCurrentLiabilities": "567158000", "capitalLeaseObligations": "3589000", "longTermDebt": "468412000", "currentLongTermDebt": "None", "longTermDebtNoncurrent": "None", "shortLongTermDebtTotal": "481378000", "otherCurrentLiabilities": "73619000", "otherNonCurrentLiabilities": "14274000", "totalShareholderEquity": "1187217000", "treasuryStock": "0", "retainedEarnings": "-574389000", "commonStock": "181000", "commonStockSharesOutstanding": "171297000"}, {"fiscalDateEnding": "2013-01-31", "reportedCurrency": "USD", "totalAssets": "959080000", "totalCurrentAssets": "884302000", "cashAndCashEquivalentsAtCarryingValue": "84158000", "cashAndShortTermInvestments": "84158000", "inventory": "0", "currentNetReceivables": "None", "totalNonCurrentAssets": "74778000", "propertyPlantEquipment": "44585000", "accumulatedDepreciationAmortizationPPE": "None", "intangibleAssets": "8488000", "intangibleAssetsExcludingGoodwill": "8488000", "goodwill": "8488000", "investments": "None", "longTermInvestments": "None", "shortTermInvestments": "706181000", "otherCurrentAssets": "26526000", "otherNonCurrentAssets": "None", "totalLiabilities": "366797000", "totalCurrentLiabilities": "254774000", "currentAccountsPayable": "None", "deferredRevenue": "None", "currentDebt": "None", "shortTermDebt": "12008000", "totalNonCurrentLiabilities": "112023000", "capitalLeaseObligations": "None", "longTermDebt": "12972000", "currentLongTermDebt": "None", "longTermDebtNoncurrent": "None", "shortLongTermDebtTotal": "24980000", "otherCurrentLiabilities": "40761000", "otherNonCurrentLiabilities": "None", "totalShareholderEquity": "592283000", "treasuryStock": "0", "retainedEarnings": "-401880000", "commonStock": "162000", "commonStockSharesOutstanding": "74011000"}, {"fiscalDateEnding": "2012-01-31", "reportedCurrency": "USD", "totalAssets": "232638000", "totalCurrentAssets": "183172000", "cashAndCashEquivalentsAtCarryingValue": "57529000", "cashAndShortTermInvestments": "57529000", "inventory": "None", "currentNetReceivables": "None", "totalNonCurrentAssets": "49466000", "propertyPlantEquipment": "25861000", "accumulatedDepreciationAmortizationPPE": "None", "intangibleAssets": "90000", "intangibleAssetsExcludingGoodwill": "90000", "goodwill": "8488000", "investments": "None", "longTermInvestments": "None", "shortTermInvestments": "53634000", "otherCurrentAssets": "17542000", "otherNonCurrentAssets": "None", "totalLiabilities": "408199000", "totalCurrentLiabilities": "145238000", "currentAccountsPayable": "None", "deferredRevenue": "None", "currentDebt": "None", "shortTermDebt": "7075000", "totalNonCurrentLiabilities": "262961000", "capitalLeaseObligations": "None", "longTermDebt": "8641000", "currentLongTermDebt": "None", "longTermDebtNoncurrent": "None", "shortLongTermDebtTotal": "15716000", "otherCurrentLiabilities": "20699000", "otherNonCurrentLiabilities": "None", "totalShareholderEquity": "-175561000", "treasuryStock": "None", "retainedEarnings": "-282122000", "commonStock": "33000", "commonStockSharesOutstanding": "226071000"}, {"fiscalDateEnding": "2011-01-31", "reportedCurrency": "USD", "totalAssets": "100605000", "totalCurrentAssets": "67275000", "cashAndCashEquivalentsAtCarryingValue": "30887000", "cashAndShortTermInvestments": "30887000", "inventory": "None", "currentNetReceivables": "None", "totalNonCurrentAssets": "33330000", "propertyPlantEquipment": "12896000", "accumulatedDepreciationAmortizationPPE": "None", "intangibleAssets": "188000", "intangibleAssetsExcludingGoodwill": "188000", "goodwill": "8488000", "investments": "None", "longTermInvestments": "None", "shortTermInvestments": "4498000", "otherCurrentAssets": "10526000", "otherNonCurrentAssets": "None", "totalLiabilities": "198244000", "totalCurrentLiabilities": "71340000", "currentAccountsPayable": "None", "deferredRevenue": "None", "currentDebt": "None", "shortTermDebt": "1665000", "totalNonCurrentLiabilities": "126904000", "capitalLeaseObligations": "None", "longTermDebt": "2495000", "currentLongTermDebt": "None", "longTermDebtNoncurrent": "None", "shortLongTermDebtTotal": "4160000", "otherCurrentLiabilities": "12989000", "otherNonCurrentLiabilities": "None", "totalShareholderEquity": "-97639000", "treasuryStock": "None", "retainedEarnings": "-196701000", "commonStock": "26000", "commonStockSharesOutstanding": "226071000"}, {"fiscalDateEnding": "2010-01-31", "reportedCurrency": "USD", "totalAssets": "97800000", "totalCurrentAssets": "None", "cashAndCashEquivalentsAtCarryingValue": "34400000", "cashAndShortTermInvestments": "34400000", "inventory": "None", "currentNetReceivables": "None", "totalNonCurrentAssets": "None", "propertyPlantEquipment": "None", "accumulatedDepreciationAmortizationPPE": "None", "intangibleAssets": "None", "intangibleAssetsExcludingGoodwill": "None", "goodwill": "None", "investments": "None", "longTermInvestments": "None", "shortTermInvestments": "20600000", "otherCurrentAssets": "None", "otherNonCurrentAssets": "None", "totalLiabilities": "66400000", "totalCurrentLiabilities": "None", "currentAccountsPayable": "None", "deferredRevenue": "None", "currentDebt": "None", "shortTermDebt": "None", "totalNonCurrentLiabilities": "None", "capitalLeaseObligations": "None", "longTermDebt": "None", "currentLongTermDebt": "None", "longTermDebtNoncurrent": "None", "shortLongTermDebtTotal": "None", "otherCurrentLiabilities": "None", "otherNonCurrentLiabilities": "None", "totalShareholderEquity": "None", "treasuryStock": "None", "retainedEarnings": "None", "commonStock": "None", "commonStockSharesOutstanding": "226071000"}, {"fiscalDateEnding": "2009-01-31", "reportedCurrency": "USD", "totalAssets": "42800000", "totalCurrentAssets": "None", "cashAndCashEquivalentsAtCarryingValue": "2300000", "cashAndShortTermInvestments": "2300000", "inventory": "None", "currentNetReceivables": "None", "totalNonCurrentAssets": "None", "propertyPlantEquipment": "None", "accumulatedDepreciationAmortizationPPE": "None", "intangibleAssets": "None", "intangibleAssetsExcludingGoodwill": "None", "goodwill": "None", "investments": "None", "longTermInvestments": "None", "shortTermInvestments": "8900000", "otherCurrentAssets": "None", "otherNonCurrentAssets": "None", "totalLiabilities": "38600000", "totalCurrentLiabilities": "None", "currentAccountsPayable": "None", "deferredRevenue": "None", "currentDebt": "None", "shortTermDebt": "None", "totalNonCurrentLiabilities": "None", "capitalLeaseObligations": "None", "longTermDebt": "None", "currentLongTermDebt": "None", "longTermDebtNoncurrent": "None", "shortLongTermDebtTotal": "None", "otherCurrentLiabilities": "None", "otherNonCurrentLiabilities": "None", "totalShareholderEquity": "None", "treasuryStock": "None", "retainedEarnings": "None", "commonStock": "None", "commonStockSharesOutstanding": "None"}], "quarterlyReports": [{"fiscalDateEnding": "2025-01-31", "reportedCurrency": "USD", "totalAssets": "17977000000", "totalCurrentAssets": "10545000000", "cashAndCashEquivalentsAtCarryingValue": "1543000000", "cashAndShortTermInvestments": "1543000000", "inventory": "None", "currentNetReceivables": "None", "totalNonCurrentAssets": "7432000000", "propertyPlantEquipment": "None", "accumulatedDepreciationAmortizationPPE": "None", "intangibleAssets": "361000000", "intangibleAssetsExcludingGoodwill": "361000000", "goodwill": "3478000000", "investments": "None", "longTermInvestments": "247000000", "shortTermInvestments": "6474000000", "otherCurrentAssets": "578000000", "otherNonCurrentAssets": "None", "totalLiabilities": "8943000000", "totalCurrentLiabilities": "5548000000", "currentAccountsPayable": "None", "deferredRevenue": "None", "currentDebt": "None", "shortTermDebt": "198000000", "totalNonCurrentLiabilities": "3395000000", "capitalLeaseObligations": "378000000", "longTermDebt": "2984000000", "currentLongTermDebt": "None", "longTermDebtNoncurrent": "None", "shortLongTermDebtTotal": "378000000", "otherCurrentLiabilities": "775000000", "otherNonCurrentLiabilities": "52000000", "totalShareholderEquity": "9034000000", "treasuryStock": "None", "retainedEarnings": "-1205000000", "commonStock": "None", "commonStockSharesOutstanding": "270007000"}, {"fiscalDateEnding": "2024-10-31", "reportedCurrency": "USD", "totalAssets": "16424000000", "totalCurrentAssets": "9078000000", "cashAndCashEquivalentsAtCarryingValue": "1311000000", "cashAndShortTermInvestments": "1311000000", "inventory": "None", "currentNetReceivables": "None", "totalNonCurrentAssets": "7346000000", "propertyPlantEquipment": "None", "accumulatedDepreciationAmortizationPPE": "None", "intangibleAssets": "383000000", "intangibleAssetsExcludingGoodwill": "383000000", "goodwill": "3479000000", "investments": "None", "longTermInvestments": "245000000", "shortTermInvestments": "5846000000", "otherCurrentAssets": "517000000", "otherNonCurrentAssets": "None", "totalLiabilities": "7800000000", "totalCurrentLiabilities": "4422000000", "currentAccountsPayable": "None", "deferredRevenue": "None", "currentDebt": "None", "shortTermDebt": "102000000", "totalNonCurrentLiabilities": "3378000000", "capitalLeaseObligations": "380000000", "longTermDebt": "2983000000", "currentLongTermDebt": "None", "longTermDebtNoncurrent": "None", "shortLongTermDebtTotal": "380000000", "otherCurrentLiabilities": "799000000", "otherNonCurrentLiabilities": "53000000", "totalShareholderEquity": "8624000000", "treasuryStock": "None", "retainedEarnings": "-1299000000", "commonStock": "None", "commonStockSharesOutstanding": "268549000"}, {"fiscalDateEnding": "2024-07-31", "reportedCurrency": "USD", "totalAssets": "16234000000", "totalCurrentAssets": "9200000000", "cashAndCashEquivalentsAtCarryingValue": "1635000000", "cashAndShortTermInvestments": "1635000000", "inventory": "None", "currentNetReceivables": "None", "totalNonCurrentAssets": "7034000000", "propertyPlantEquipment": "None", "accumulatedDepreciationAmortizationPPE": "None", "intangibleAssets": "357000000", "intangibleAssetsExcludingGoodwill": "357000000", "goodwill": "3257000000", "investments": "None", "longTermInvestments": "239000000", "shortTermInvestments": "5738000000", "otherCurrentAssets": "535000000", "otherNonCurrentAssets": "None", "totalLiabilities": "7889000000", "totalCurrentLiabilities": "4513000000", "currentAccountsPayable": "None", "deferredRevenue": "None", "currentDebt": "None", "shortTermDebt": "196000000", "totalNonCurrentLiabilities": "3376000000", "capitalLeaseObligations": "382000000", "longTermDebt": "2982000000", "currentLongTermDebt": "None", "longTermDebtNoncurrent": "None", "shortLongTermDebtTotal": "3364000000", "otherCurrentLiabilities": "681000000", "otherNonCurrentLiabilities": "48000000", "totalShareholderEquity": "8345000000", "treasuryStock": "None", "retainedEarnings": "-1492000000", "commonStock": "None", "commonStockSharesOutstanding": "267949000"}, {"fiscalDateEnding": "2024-04-30", "reportedCurrency": "USD", "totalAssets": "15941000000", "totalCurrentAssets": "8642000000", "cashAndCashEquivalentsAtCarryingValue": "1771000000", "cashAndShortTermInvestments": "1771000000", "inventory": "None", "currentNetReceivables": "None", "totalNonCurrentAssets": "7299000000", "propertyPlantEquipment": "None", "accumulatedDepreciationAmortizationPPE": "None", "intangibleAssets": "376000000", "intangibleAssetsExcludingGoodwill": "376000000", "goodwill": "3257000000", "investments": "None", "longTermInvestments": "240000000", "shortTermInvestments": "5430000000", "otherCurrentAssets": "559000000", "otherNonCurrentAssets": "None", "totalLiabilities": "7778000000", "totalCurrentLiabilities": "4428000000", "currentAccountsPayable": "None", "deferredRevenue": "None", "currentDebt": "None", "shortTermDebt": "190000000", "totalNonCurrentLiabilities": "3350000000", "capitalLeaseObligations": "363000000", "longTermDebt": "2981000000", "currentLongTermDebt": "None", "longTermDebtNoncurrent": "None", "shortLongTermDebtTotal": "3344000000", "otherCurrentLiabilities": "610000000", "otherNonCurrentLiabilities": "40000000", "totalShareholderEquity": "8163000000", "treasuryStock": "None", "retainedEarnings": "-1624000000", "commonStock": "None", "commonStockSharesOutstanding": "270298000"}, {"fiscalDateEnding": "2024-01-31", "reportedCurrency": "USD", "totalAssets": "16452000000", "totalCurrentAssets": "9707000000", "cashAndCashEquivalentsAtCarryingValue": "2024000000", "cashAndShortTermInvestments": "2024000000", "inventory": "None", "currentNetReceivables": "None", "totalNonCurrentAssets": "6745000000", "propertyPlantEquipment": "None", "accumulatedDepreciationAmortizationPPE": "None", "intangibleAssets": "259000000", "intangibleAssetsExcludingGoodwill": "259000000", "goodwill": "2846000000", "investments": "None", "longTermInvestments": "248000000", "shortTermInvestments": "5801000000", "otherCurrentAssets": "487000000", "otherNonCurrentAssets": "None", "totalLiabilities": "8370000000", "totalCurrentLiabilities": "5055000000", "currentAccountsPayable": "None", "deferredRevenue": "None", "currentDebt": "None", "shortTermDebt": "178000000", "totalNonCurrentLiabilities": "3315000000", "capitalLeaseObligations": "316000000", "longTermDebt": "2980000000", "currentLongTermDebt": "None", "longTermDebtNoncurrent": "None", "shortLongTermDebtTotal": "3296000000", "otherCurrentLiabilities": "742000000", "otherNonCurrentLiabilities": "38000000", "totalShareholderEquity": "8082000000", "treasuryStock": "None", "retainedEarnings": "-1731000000", "commonStock": "None", "commonStockSharesOutstanding": "268843000"}, {"fiscalDateEnding": "2023-10-31", "reportedCurrency": "USD", "totalAssets": "13925933000", "totalCurrentAssets": "8574163000", "cashAndCashEquivalentsAtCarryingValue": "1563939000", "cashAndShortTermInvestments": "1563939000", "inventory": "207566000", "currentNetReceivables": "None", "totalNonCurrentAssets": "5351770000", "propertyPlantEquipment": "None", "accumulatedDepreciationAmortizationPPE": "None", "intangibleAssets": "276417000", "intangibleAssetsExcludingGoodwill": "276417000", "goodwill": "2846464000", "investments": "None", "longTermInvestments": "250311000", "shortTermInvestments": "5316045000", "otherCurrentAssets": "469361000", "otherNonCurrentAssets": "None", "totalLiabilities": "7301016000", "totalCurrentLiabilities": "4029390000", "currentAccountsPayable": "None", "deferredRevenue": "None", "currentDebt": "None", "shortTermDebt": "196650000", "totalNonCurrentLiabilities": "3271626000", "capitalLeaseObligations": "297168000", "longTermDebt": "2978800000", "currentLongTermDebt": "None", "longTermDebtNoncurrent": "None", "shortLongTermDebtTotal": "3275968000", "otherCurrentLiabilities": "556759000", "otherNonCurrentLiabilities": "31835000", "totalShareholderEquity": "6624917000", "treasuryStock": "None", "retainedEarnings": "-2918829000", "commonStock": "264000", "commonStockSharesOutstanding": "266377000"}, {"fiscalDateEnding": "2023-07-31", "reportedCurrency": "USD", "totalAssets": "13735315000", "totalCurrentAssets": "8381694000", "cashAndCashEquivalentsAtCarryingValue": "1435690000", "cashAndShortTermInvestments": "1435690000", "inventory": "198677000", "currentNetReceivables": "None", "totalNonCurrentAssets": "5353621000", "propertyPlantEquipment": "1221834000", "accumulatedDepreciationAmortizationPPE": "None", "intangibleAssets": "263056000", "intangibleAssetsExcludingGoodwill": "263056000", "goodwill": "2840044000", "investments": "None", "longTermInvestments": "261506000", "shortTermInvestments": "5221401000", "otherCurrentAssets": "254990000", "otherNonCurrentAssets": "None", "totalLiabilities": "7460762000", "totalCurrentLiabilities": "4181959000", "currentAccountsPayable": "None", "deferredRevenue": "None", "currentDebt": "None", "shortTermDebt": "98810000", "totalNonCurrentLiabilities": "3278803000", "capitalLeaseObligations": "290948000", "longTermDebt": "2977845000", "currentLongTermDebt": "None", "longTermDebtNoncurrent": "None", "shortLongTermDebtTotal": "3268793000", "otherCurrentLiabilities": "685337000", "otherNonCurrentLiabilities": "300958000", "totalShareholderEquity": "6274553000", "treasuryStock": "None", "retainedEarnings": "-3032538000", "commonStock": "263000", "commonStockSharesOutstanding": "264435000"}, {"fiscalDateEnding": "2023-04-30", "reportedCurrency": "USD", "totalAssets": "13252796000", "totalCurrentAssets": "7873093000", "cashAndCashEquivalentsAtCarryingValue": "1443651000", "cashAndShortTermInvestments": "1443651000", "inventory": "191966000", "currentNetReceivables": "None", "totalNonCurrentAssets": "5379703000", "propertyPlantEquipment": "1218117000", "accumulatedDepreciationAmortizationPPE": "None", "intangibleAssets": "312882000", "intangibleAssetsExcludingGoodwill": "312882000", "goodwill": "2840044000", "investments": "None", "longTermInvestments": "271122000", "shortTermInvestments": "4885310000", "otherCurrentAssets": "262880000", "otherNonCurrentAssets": "None", "totalLiabilities": "7310933000", "totalCurrentLiabilities": "4044089000", "currentAccountsPayable": "None", "deferredRevenue": "None", "currentDebt": "None", "shortTermDebt": "95008000", "totalNonCurrentLiabilities": "3266844000", "capitalLeaseObligations": "278023000", "longTermDebt": "2976889000", "currentLongTermDebt": "None", "longTermDebtNoncurrent": "None", "shortLongTermDebtTotal": "3254912000", "otherCurrentLiabilities": "608268000", "otherNonCurrentLiabilities": "289955000", "totalShareholderEquity": "5941863000", "treasuryStock": "None", "retainedEarnings": "-3111198000", "commonStock": "261000", "commonStockSharesOutstanding": "261371000"}, {"fiscalDateEnding": "2023-01-31", "reportedCurrency": "USD", "totalAssets": "13486238000", "totalCurrentAssets": "8108224000", "cashAndCashEquivalentsAtCarryingValue": "1886311000", "cashAndShortTermInvestments": "1886311000", "inventory": "191054000", "currentNetReceivables": "None", "totalNonCurrentAssets": "5378014000", "propertyPlantEquipment": "1450532000", "accumulatedDepreciationAmortizationPPE": "None", "intangibleAssets": "305465000", "intangibleAssetsExcludingGoodwill": "305465000", "goodwill": "2840044000", "investments": "None", "longTermInvestments": "263485000", "shortTermInvestments": "4235083000", "otherCurrentAssets": "225690000", "otherNonCurrentAssets": "None", "totalLiabilities": "7900670000", "totalCurrentLiabilities": "4628166000", "currentAccountsPayable": "None", "deferredRevenue": "None", "currentDebt": "None", "shortTermDebt": "91343000", "totalNonCurrentLiabilities": "3272504000", "capitalLeaseObligations": "273142000", "longTermDebt": "2975934000", "currentLongTermDebt": "None", "longTermDebtNoncurrent": "None", "shortLongTermDebtTotal": "3249076000", "otherCurrentLiabilities": "823679000", "otherNonCurrentLiabilities": "40231000", "totalShareholderEquity": "5585568000", "treasuryStock": "None", "retainedEarnings": "-3111334000", "commonStock": "259000", "commonStockSharesOutstanding": "257351000"}, {"fiscalDateEnding": "2022-10-31", "reportedCurrency": "USD", "totalAssets": "12389787000", "totalCurrentAssets": "6970275000", "cashAndCashEquivalentsAtCarryingValue": "1575955000", "cashAndShortTermInvestments": "1575955000", "inventory": "1", "currentNetReceivables": "None", "totalNonCurrentAssets": "5419512000", "propertyPlantEquipment": "1487237000", "accumulatedDepreciationAmortizationPPE": "None", "intangibleAssets": "347591000", "intangibleAssetsExcludingGoodwill": "347591000", "goodwill": "2840044000", "investments": "None", "longTermInvestments": "268543000", "shortTermInvestments": "3916130000", "otherCurrentAssets": "437722000", "otherNonCurrentAssets": "None", "totalLiabilities": "6980679000", "totalCurrentLiabilities": "3723399000", "currentAccountsPayable": "None", "deferredRevenue": "None", "currentDebt": "None", "shortTermDebt": "90237000", "totalNonCurrentLiabilities": "3257280000", "capitalLeaseObligations": "286315000", "longTermDebt": "2974979000", "currentLongTermDebt": "None", "longTermDebtNoncurrent": "None", "shortLongTermDebtTotal": "3261294000", "otherCurrentLiabilities": "741760000", "otherNonCurrentLiabilities": "22487000", "totalShareholderEquity": "5409108000", "treasuryStock": "None", "retainedEarnings": "-2985637000", "commonStock": "257000", "commonStockSharesOutstanding": "255753000"}, {"fiscalDateEnding": "2022-07-31", "reportedCurrency": "USD", "totalAssets": "13249550000", "totalCurrentAssets": "7804657000", "cashAndCashEquivalentsAtCarryingValue": "2486540000", "cashAndShortTermInvestments": "2486540000", "inventory": "165012000", "currentNetReceivables": "None", "totalNonCurrentAssets": "5444893000", "propertyPlantEquipment": "1233151000", "accumulatedDepreciationAmortizationPPE": "None", "intangibleAssets": "368937000", "intangibleAssetsExcludingGoodwill": "368937000", "goodwill": "2840044000", "investments": "None", "longTermInvestments": "265565000", "shortTermInvestments": "3806427000", "otherCurrentAssets": "241390000", "otherNonCurrentAssets": "None", "totalLiabilities": "8121742000", "totalCurrentLiabilities": "4857857000", "currentAccountsPayable": "None", "deferredRevenue": "None", "currentDebt": "None", "shortTermDebt": "1240463000", "totalNonCurrentLiabilities": "3263885000", "capitalLeaseObligations": "305018000", "longTermDebt": "2974023000", "currentLongTermDebt": "1148982000", "longTermDebtNoncurrent": "None", "shortLongTermDebtTotal": "4428023000", "otherCurrentLiabilities": "667892000", "otherNonCurrentLiabilities": "289862000", "totalShareholderEquity": "5127808000", "treasuryStock": "None", "retainedEarnings": "-2910916000", "commonStock": "255000", "commonStockSharesOutstanding": "254355000"}, {"fiscalDateEnding": "2022-04-30", "reportedCurrency": "USD", "totalAssets": "12799106000", "totalCurrentAssets": "7443226000", "cashAndCashEquivalentsAtCarryingValue": "2776336000", "cashAndShortTermInvestments": "2776336000", "inventory": "None", "currentNetReceivables": "None", "totalNonCurrentAssets": "5355880000", "propertyPlantEquipment": "1186004000", "accumulatedDepreciationAmortizationPPE": "None", "intangibleAssets": "369387000", "intangibleAssetsExcludingGoodwill": "369387000", "goodwill": "2840044000", "investments": "None", "longTermInvestments": "260553000", "shortTermInvestments": "3479019000", "otherCurrentAssets": "409795000", "otherNonCurrentAssets": "None", "totalLiabilities": "8018299000", "totalCurrentLiabilities": "4781387000", "currentAccountsPayable": "None", "deferredRevenue": "None", "currentDebt": "None", "shortTermDebt": "1228699000", "totalNonCurrentLiabilities": "3236912000", "capitalLeaseObligations": "262810000", "longTermDebt": "2973068000", "currentLongTermDebt": "1148126000", "longTermDebtNoncurrent": "None", "shortLongTermDebtTotal": "4384004000", "otherCurrentLiabilities": "609208000", "otherNonCurrentLiabilities": "263844000", "totalShareholderEquity": "4780807000", "treasuryStock": "-12584000", "retainedEarnings": "-2846758000", "commonStock": "253000", "commonStockSharesOutstanding": "251743000"}, {"fiscalDateEnding": "2022-01-31", "reportedCurrency": "USD", "totalAssets": "10498505000", "totalCurrentAssets": "5214065000", "cashAndCashEquivalentsAtCarryingValue": "1534273000", "cashAndShortTermInvestments": "1534273000", "inventory": "None", "currentNetReceivables": "None", "totalNonCurrentAssets": "5284440000", "propertyPlantEquipment": "1370883000", "accumulatedDepreciationAmortizationPPE": "None", "intangibleAssets": "391002000", "intangibleAssetsExcludingGoodwill": "391002000", "goodwill": "2840044000", "investments": "None", "longTermInvestments": "256759000", "shortTermInvestments": "2109888000", "otherCurrentAssets": "327359000", "otherNonCurrentAssets": "None", "totalLiabilities": "5963423000", "totalCurrentLiabilities": "5067855000", "currentAccountsPayable": "None", "deferredRevenue": "None", "currentDebt": "None", "shortTermDebt": "1302946000", "totalNonCurrentLiabilities": "895568000", "capitalLeaseObligations": "262959000", "longTermDebt": "617354000", "currentLongTermDebt": "1222443000", "longTermDebtNoncurrent": "None", "shortLongTermDebtTotal": "2102756000", "otherCurrentLiabilities": "598475000", "otherNonCurrentLiabilities": "24225000", "totalShareholderEquity": "4535082000", "treasuryStock": "-12467000", "retainedEarnings": "-2744585000", "commonStock": "251000", "commonStockSharesOutstanding": "254377000"}, {"fiscalDateEnding": "2021-10-31", "reportedCurrency": "USD", "totalAssets": "9440883000", "totalCurrentAssets": "4693708000", "cashAndCashEquivalentsAtCarryingValue": "1297259000", "cashAndShortTermInvestments": "1297259000", "inventory": "None", "currentNetReceivables": "None", "totalNonCurrentAssets": "4747175000", "propertyPlantEquipment": "1389883000", "accumulatedDepreciationAmortizationPPE": "None", "intangibleAssets": "387176000", "intangibleAssetsExcludingGoodwill": "387176000", "goodwill": "2428481000", "investments": "None", "longTermInvestments": "194597000", "shortTermInvestments": "2257722000", "otherCurrentAssets": "273687000", "otherNonCurrentAssets": "None", "totalLiabilities": "5225067000", "totalCurrentLiabilities": "4275050000", "currentAccountsPayable": "None", "deferredRevenue": "None", "currentDebt": "None", "shortTermDebt": "1295667000", "totalNonCurrentLiabilities": "950017000", "capitalLeaseObligations": "286421000", "longTermDebt": "635994000", "currentLongTermDebt": "1212215000", "longTermDebtNoncurrent": "None", "shortLongTermDebtTotal": "2134630000", "otherCurrentLiabilities": "508150000", "otherNonCurrentLiabilities": "314023000", "totalShareholderEquity": "4215816000", "treasuryStock": "-12437000", "retainedEarnings": "-2671332000", "commonStock": "249000", "commonStockSharesOutstanding": "254760000"}, {"fiscalDateEnding": "2021-07-31", "reportedCurrency": "USD", "totalAssets": "9113845000", "totalCurrentAssets": "4461114000", "cashAndCashEquivalentsAtCarryingValue": "1087070000", "cashAndShortTermInvestments": "1087070000", "inventory": "None", "currentNetReceivables": "None", "totalNonCurrentAssets": "4652731000", "propertyPlantEquipment": "1411340000", "accumulatedDepreciationAmortizationPPE": "None", "intangibleAssets": "397652000", "intangibleAssetsExcludingGoodwill": "397652000", "goodwill": "2362166000", "investments": "None", "longTermInvestments": "151929000", "shortTermInvestments": "2220888000", "otherCurrentAssets": "280392000", "otherNonCurrentAssets": "None", "totalLiabilities": "5245855000", "totalCurrentLiabilities": "4274095000", "currentAccountsPayable": "None", "deferredRevenue": "None", "currentDebt": "None", "shortTermDebt": "1284039000", "totalNonCurrentLiabilities": "971760000", "capitalLeaseObligations": "291268000", "longTermDebt": "654633000", "currentLongTermDebt": "1201964000", "longTermDebtNoncurrent": "None", "shortLongTermDebtTotal": "2147865000", "otherCurrentLiabilities": "482595000", "otherNonCurrentLiabilities": "43724000", "totalShareholderEquity": "3867990000", "treasuryStock": "-12431000", "retainedEarnings": "-2714744000", "commonStock": "248000", "commonStockSharesOutstanding": "260016000"}, {"fiscalDateEnding": "2021-04-30", "reportedCurrency": "USD", "totalAssets": "8624007000", "totalCurrentAssets": "3905797000", "cashAndCashEquivalentsAtCarryingValue": "959358000", "cashAndShortTermInvestments": "959358000", "inventory": "None", "currentNetReceivables": "None", "totalNonCurrentAssets": "4718210000", "propertyPlantEquipment": "1155697000", "accumulatedDepreciationAmortizationPPE": "None", "intangibleAssets": "418223000", "intangibleAssetsExcludingGoodwill": "418223000", "goodwill": "2362166000", "investments": "None", "longTermInvestments": "182152000", "shortTermInvestments": "2035171000", "otherCurrentAssets": "264105000", "otherNonCurrentAssets": "None", "totalLiabilities": "5218566000", "totalCurrentLiabilities": "4210755000", "currentAccountsPayable": "None", "deferredRevenue": "None", "currentDebt": "None", "shortTermDebt": "1272828000", "totalNonCurrentLiabilities": "1007811000", "capitalLeaseObligations": "294674000", "longTermDebt": "673273000", "currentLongTermDebt": "1191722000", "longTermDebtNoncurrent": "None", "shortLongTermDebtTotal": "2159669000", "otherCurrentLiabilities": "528735000", "otherNonCurrentLiabilities": "334538000", "totalShareholderEquity": "3405441000", "treasuryStock": "-12420000", "retainedEarnings": "-2820480000", "commonStock": "246000", "commonStockSharesOutstanding": "243739000"}, {"fiscalDateEnding": "2021-01-31", "reportedCurrency": "USD", "totalAssets": "8718411000", "totalCurrentAssets": "4802061000", "cashAndCashEquivalentsAtCarryingValue": "1384181000", "cashAndShortTermInvestments": "1384181000", "inventory": "None", "currentNetReceivables": "None", "totalNonCurrentAssets": "3916350000", "propertyPlantEquipment": "972403000", "accumulatedDepreciationAmortizationPPE": "None", "intangibleAssets": "248626000", "intangibleAssetsExcludingGoodwill": "248626000", "goodwill": "1819625000", "investments": "None", "longTermInvestments": "134090000", "shortTermInvestments": "2151472000", "otherCurrentAssets": "233924000", "otherNonCurrentAssets": "None", "totalLiabilities": "5440577000", "totalCurrentLiabilities": "4282648000", "currentAccountsPayable": "None", "deferredRevenue": "None", "currentDebt": "None", "shortTermDebt": "1196101000", "totalNonCurrentLiabilities": "1157929000", "capitalLeaseObligations": "443051000", "longTermDebt": "691913000", "currentLongTermDebt": "1103101000", "longTermDebtNoncurrent": "None", "shortLongTermDebtTotal": "2238065000", "otherCurrentLiabilities": "454327000", "otherNonCurrentLiabilities": "466016000", "totalShareholderEquity": "3277834000", "treasuryStock": "-12384000", "retainedEarnings": "-2909990000", "commonStock": "242000", "commonStockSharesOutstanding": "240992000"}, {"fiscalDateEnding": "2020-10-31", "reportedCurrency": "USD", "totalAssets": "7845027000", "totalCurrentAssets": "3958242000", "cashAndCashEquivalentsAtCarryingValue": "1067038000", "cashAndShortTermInvestments": "1067038000", "inventory": "None", "currentNetReceivables": "None", "totalNonCurrentAssets": "3886785000", "propertyPlantEquipment": "976610000", "accumulatedDepreciationAmortizationPPE": "None", "intangibleAssets": "262603000", "intangibleAssetsExcludingGoodwill": "262603000", "goodwill": "1819625000", "investments": "None", "longTermInvestments": "124336000", "shortTermInvestments": "1880772000", "otherCurrentAssets": "267688000", "otherNonCurrentAssets": "None", "totalLiabilities": "4766973000", "totalCurrentLiabilities": "3625205000", "currentAccountsPayable": "None", "deferredRevenue": "None", "currentDebt": "None", "shortTermDebt": "1175602000", "totalNonCurrentLiabilities": "1141768000", "capitalLeaseObligations": "437452000", "longTermDebt": "701178000", "currentLongTermDebt": "1091050000", "longTermDebtNoncurrent": "None", "shortLongTermDebtTotal": "2229680000", "otherCurrentLiabilities": "394237000", "otherNonCurrentLiabilities": "440590000", "totalShareholderEquity": "3078054000", "treasuryStock": "-269083000", "retainedEarnings": "-2838283000", "commonStock": "240000", "commonStockSharesOutstanding": "238059000"}, {"fiscalDateEnding": "2020-07-31", "reportedCurrency": "USD", "totalAssets": "7501451000", "totalCurrentAssets": "3714181000", "cashAndCashEquivalentsAtCarryingValue": "1239696000", "cashAndShortTermInvestments": "1239696000", "inventory": "None", "currentNetReceivables": "None", "totalNonCurrentAssets": "3787270000", "propertyPlantEquipment": "1282089000", "accumulatedDepreciationAmortizationPPE": "None", "intangibleAssets": "276847000", "intangibleAssetsExcludingGoodwill": "276847000", "goodwill": "1819261000", "investments": "None", "longTermInvestments": "126467000", "shortTermInvestments": "1513842000", "otherCurrentAssets": "266354000", "otherNonCurrentAssets": "None", "totalLiabilities": "4662973000", "totalCurrentLiabilities": "2553115000", "currentAccountsPayable": "None", "deferredRevenue": "None", "currentDebt": "None", "shortTermDebt": "113298000", "totalNonCurrentLiabilities": "2109858000", "capitalLeaseObligations": "347405000", "longTermDebt": "1752004000", "currentLongTermDebt": "37500000", "longTermDebtNoncurrent": "None", "shortLongTermDebtTotal": "2136909000", "otherCurrentLiabilities": "378598000", "otherNonCurrentLiabilities": "21782000", "totalShareholderEquity": "2838478000", "treasuryStock": "-303201000", "retainedEarnings": "-2813943000", "commonStock": "238000", "commonStockSharesOutstanding": "236002000"}, {"fiscalDateEnding": "2020-04-30", "reportedCurrency": "USD", "totalAssets": "7227503000", "totalCurrentAssets": "3450367000", "cashAndCashEquivalentsAtCarryingValue": "1214213000", "cashAndShortTermInvestments": "1214213000", "inventory": "None", "currentNetReceivables": "None", "totalNonCurrentAssets": "3777136000", "propertyPlantEquipment": "937008000", "accumulatedDepreciationAmortizationPPE": "None", "intangibleAssets": "292592000", "intangibleAssetsExcludingGoodwill": "292592000", "goodwill": "1819261000", "investments": "None", "longTermInvestments": "119626000", "shortTermInvestments": "1384793000", "otherCurrentAssets": "267142000", "otherNonCurrentAssets": "None", "totalLiabilities": "4625499000", "totalCurrentLiabilities": "2770963000", "currentAccountsPayable": "None", "deferredRevenue": "None", "currentDebt": "None", "shortTermDebt": "336901000", "totalNonCurrentLiabilities": "1854536000", "capitalLeaseObligations": "324946000", "longTermDebt": "1508784000", "currentLongTermDebt": "266137000", "longTermDebtNoncurrent": "None", "shortLongTermDebtTotal": "2099867000", "otherCurrentLiabilities": "386554000", "otherNonCurrentLiabilities": "345752000", "totalShareholderEquity": "2602004000", "treasuryStock": "None", "retainedEarnings": "-2785927000", "commonStock": "235000", "commonStockSharesOutstanding": "232939000"}, {"fiscalDateEnding": "2020-01-31", "reportedCurrency": "USD", "totalAssets": "6816365000", "totalCurrentAssets": "3094622000", "cashAndCashEquivalentsAtCarryingValue": "731141000", "cashAndShortTermInvestments": "731141000", "inventory": "None", "currentNetReceivables": "None", "totalNonCurrentAssets": "3721743000", "propertyPlantEquipment": "936179000", "accumulatedDepreciationAmortizationPPE": "None", "intangibleAssets": "308401000", "intangibleAssetsExcludingGoodwill": "308401000", "goodwill": "1819261000", "investments": "None", "longTermInvestments": "75004000", "shortTermInvestments": "1213432000", "otherCurrentAssets": "272471000", "otherNonCurrentAssets": "None", "totalLiabilities": "4329814000", "totalCurrentLiabilities": "2969404000", "currentAccountsPayable": "None", "deferredRevenue": "None", "currentDebt": "None", "shortTermDebt": "310466000", "totalNonCurrentLiabilities": "1360410000", "capitalLeaseObligations": "307572000", "longTermDebt": "1017967000", "currentLongTermDebt": "244319000", "longTermDebtNoncurrent": "None", "shortLongTermDebtTotal": "1569858000", "otherCurrentLiabilities": "378204000", "otherNonCurrentLiabilities": "342443000", "totalShareholderEquity": "2486551000", "treasuryStock": "None", "retainedEarnings": "-2627359000", "commonStock": "231000", "commonStockSharesOutstanding": "230491000"}, {"fiscalDateEnding": "2019-10-31", "reportedCurrency": "USD", "totalAssets": "6155645000", "totalCurrentAssets": "2955420000", "cashAndCashEquivalentsAtCarryingValue": "912748000", "cashAndShortTermInvestments": "912748000", "inventory": "None", "currentNetReceivables": "None", "totalNonCurrentAssets": "3200225000", "propertyPlantEquipment": "929667000", "accumulatedDepreciationAmortizationPPE": "None", "intangibleAssets": "262018000", "intangibleAssetsExcludingGoodwill": "262018000", "goodwill": "1389349000", "investments": "None", "longTermInvestments": "70844000", "shortTermInvestments": "1191848000", "otherCurrentAssets": "235316000", "otherNonCurrentAssets": "None", "totalLiabilities": "3836466000", "totalCurrentLiabilities": "2491389000", "currentAccountsPayable": "None", "deferredRevenue": "None", "currentDebt": "None", "shortTermDebt": "308609000", "totalNonCurrentLiabilities": "1345077000", "capitalLeaseObligations": "304695000", "longTermDebt": "1006358000", "currentLongTermDebt": "241294000", "longTermDebtNoncurrent": "None", "shortLongTermDebtTotal": "1552347000", "otherCurrentLiabilities": "351875000", "otherNonCurrentLiabilities": "338719000", "totalShareholderEquity": "2319179000", "treasuryStock": "None", "retainedEarnings": "-2499401000", "commonStock": "229000", "commonStockSharesOutstanding": "228461000"}, {"fiscalDateEnding": "2019-07-31", "reportedCurrency": "USD", "totalAssets": "5992156000", "totalCurrentAssets": "2789032000", "cashAndCashEquivalentsAtCarryingValue": "619514000", "cashAndShortTermInvestments": "619514000", "inventory": "None", "currentNetReceivables": "None", "totalNonCurrentAssets": "3203124000", "propertyPlantEquipment": "919523000", "accumulatedDepreciationAmortizationPPE": "None", "intangibleAssets": "277953000", "intangibleAssetsExcludingGoodwill": "277953000", "goodwill": "1389349000", "investments": "None", "longTermInvestments": "61258000", "shortTermInvestments": "1307006000", "otherCurrentAssets": "249087000", "otherNonCurrentAssets": "None", "totalLiabilities": "3781871000", "totalCurrentLiabilities": "3434264000", "currentAccountsPayable": "None", "deferredRevenue": "None", "currentDebt": "None", "shortTermDebt": "1298743000", "totalNonCurrentLiabilities": "347607000", "capitalLeaseObligations": "309417000", "longTermDebt": "None", "currentLongTermDebt": "1233189000", "longTermDebtNoncurrent": "None", "shortLongTermDebtTotal": "1542606000", "otherCurrentLiabilities": "306558000", "otherNonCurrentLiabilities": "347607000", "totalShareholderEquity": "2210285000", "treasuryStock": "None", "retainedEarnings": "-2383672000", "commonStock": "227000", "commonStockSharesOutstanding": "226392000"}, {"fiscalDateEnding": "2019-04-30", "reportedCurrency": "USD", "totalAssets": "5824174000", "totalCurrentAssets": "2665134000", "cashAndCashEquivalentsAtCarryingValue": "781772000", "cashAndShortTermInvestments": "781772000", "inventory": "None", "currentNetReceivables": "None", "totalNonCurrentAssets": "3159040000", "propertyPlantEquipment": "885789000", "accumulatedDepreciationAmortizationPPE": "None", "intangibleAssets": "293897000", "intangibleAssetsExcludingGoodwill": "293897000", "goodwill": "1379125000", "investments": "None", "longTermInvestments": "52879000", "shortTermInvestments": "1110141000", "otherCurrentAssets": "230378000", "otherNonCurrentAssets": "None", "totalLiabilities": "3779426000", "totalCurrentLiabilities": "2443079000", "currentAccountsPayable": "None", "deferredRevenue": "None", "currentDebt": "None", "shortTermDebt": "299515000", "totalNonCurrentLiabilities": "1336347000", "capitalLeaseObligations": "310144000", "longTermDebt": "983507000", "currentLongTermDebt": "235408000", "longTermDebtNoncurrent": "None", "shortLongTermDebtTotal": "1529059000", "otherCurrentLiabilities": "373976000", "otherNonCurrentLiabilities": "352840000", "totalShareholderEquity": "2044748000", "treasuryStock": "None", "retainedEarnings": "-2262960000", "commonStock": "225000", "commonStockSharesOutstanding": "223309000"}, {"fiscalDateEnding": "2019-01-31", "reportedCurrency": "USD", "totalAssets": "5520746000", "totalCurrentAssets": "2700596000", "cashAndCashEquivalentsAtCarryingValue": "638554000", "cashAndShortTermInvestments": "638554000", "inventory": "None", "currentNetReceivables": "None", "totalNonCurrentAssets": "2820150000", "propertyPlantEquipment": "796907000", "accumulatedDepreciationAmortizationPPE": "None", "intangibleAssets": "313240000", "intangibleAssetsExcludingGoodwill": "313240000", "goodwill": "1379125000", "investments": "None", "longTermInvestments": "50546000", "shortTermInvestments": "1139864000", "otherCurrentAssets": "217498000", "otherNonCurrentAssets": "None", "totalLiabilities": "3562304000", "totalCurrentLiabilities": "2430691000", "currentAccountsPayable": "None", "deferredRevenue": "None", "currentDebt": "None", "shortTermDebt": "232514000", "totalNonCurrentLiabilities": "1131613000", "capitalLeaseObligations": "None", "longTermDebt": "972264000", "currentLongTermDebt": "232514000", "longTermDebtNoncurrent": "None", "shortLongTermDebtTotal": "1204778000", "otherCurrentLiabilities": "331466000", "otherNonCurrentLiabilities": "159349000", "totalShareholderEquity": "1958442000", "treasuryStock": "None", "retainedEarnings": "-2146304000", "commonStock": "221000", "commonStockSharesOutstanding": "220351000"}, {"fiscalDateEnding": "2018-10-31", "reportedCurrency": "USD", "totalAssets": "5000299000", "totalCurrentAssets": "2271279000", "cashAndCashEquivalentsAtCarryingValue": "540430000", "cashAndShortTermInvestments": "540430000", "inventory": "0", "currentNetReceivables": "None", "totalNonCurrentAssets": "2729020000", "propertyPlantEquipment": "735443000", "accumulatedDepreciationAmortizationPPE": "None", "intangibleAssets": "332583000", "intangibleAssetsExcludingGoodwill": "332583000", "goodwill": "1377615000", "investments": "None", "longTermInvestments": "40203000", "shortTermInvestments": "1041709000", "otherCurrentAssets": "203096000", "otherNonCurrentAssets": "None", "totalLiabilities": "3167150000", "totalCurrentLiabilities": "2055885000", "currentAccountsPayable": "None", "deferredRevenue": "None", "currentDebt": "None", "shortTermDebt": "229684000", "totalNonCurrentLiabilities": "1111265000", "capitalLeaseObligations": "None", "longTermDebt": "961139000", "currentLongTermDebt": "229684000", "longTermDebtNoncurrent": "None", "shortLongTermDebtTotal": "1190823000", "otherCurrentLiabilities": "336772000", "otherNonCurrentLiabilities": "1111265000", "totalShareholderEquity": "1833149000", "treasuryStock": "-178801000", "retainedEarnings": "-2041823000", "commonStock": "220000", "commonStockSharesOutstanding": "217694000"}, {"fiscalDateEnding": "2018-07-31", "reportedCurrency": "USD", "totalAssets": "4765060000", "totalCurrentAssets": "3614038000", "cashAndCashEquivalentsAtCarryingValue": "1693743000", "cashAndShortTermInvestments": "1693743000", "inventory": "0", "currentNetReceivables": "None", "totalNonCurrentAssets": "1151022000", "propertyPlantEquipment": "678525000", "accumulatedDepreciationAmortizationPPE": "None", "intangibleAssets": "35927000", "intangibleAssetsExcludingGoodwill": "35927000", "goodwill": "175073000", "investments": "None", "longTermInvestments": "32405000", "shortTermInvestments": "1291352000", "otherCurrentAssets": "171447000", "otherNonCurrentAssets": "None", "totalLiabilities": "2989836000", "totalCurrentLiabilities": "1913947000", "currentAccountsPayable": "None", "deferredRevenue": "None", "currentDebt": "None", "shortTermDebt": "226877000", "totalNonCurrentLiabilities": "1075889000", "capitalLeaseObligations": "None", "longTermDebt": "950132000", "currentLongTermDebt": "226877000", "longTermDebtNoncurrent": "None", "shortLongTermDebtTotal": "1177009000", "otherCurrentLiabilities": "260312000", "otherNonCurrentLiabilities": "1075889000", "totalShareholderEquity": "1775224000", "treasuryStock": "-193679000", "retainedEarnings": "-1887995000", "commonStock": "218000", "commonStockSharesOutstanding": "215932000"}, {"fiscalDateEnding": "2018-04-30", "reportedCurrency": "USD", "totalAssets": "4927832000", "totalCurrentAssets": "3880809000", "cashAndCashEquivalentsAtCarryingValue": "1036045000", "cashAndShortTermInvestments": "1036045000", "inventory": "0", "currentNetReceivables": "None", "totalNonCurrentAssets": "1047023000", "propertyPlantEquipment": "611293000", "accumulatedDepreciationAmortizationPPE": "None", "intangibleAssets": "29146000", "intangibleAssetsExcludingGoodwill": "29146000", "goodwill": "159398000", "investments": "None", "longTermInvestments": "31605000", "shortTermInvestments": "2329623000", "otherCurrentAssets": "160932000", "otherNonCurrentAssets": "None", "totalLiabilities": "3270532000", "totalCurrentLiabilities": "2196654000", "currentAccountsPayable": "None", "deferredRevenue": "None", "currentDebt": "None", "shortTermDebt": "570251000", "totalNonCurrentLiabilities": "1073878000", "capitalLeaseObligations": "None", "longTermDebt": "939242000", "currentLongTermDebt": "570251000", "longTermDebtNoncurrent": "None", "shortLongTermDebtTotal": "1509493000", "otherCurrentLiabilities": "276360000", "otherNonCurrentLiabilities": "978608000", "totalShareholderEquity": "1657300000", "treasuryStock": "0", "retainedEarnings": "-1801839000", "commonStock": "215000", "commonStockSharesOutstanding": "213055000"}, {"fiscalDateEnding": "2018-01-31", "reportedCurrency": "USD", "totalAssets": "4947424000", "totalCurrentAssets": "3956978000", "cashAndCashEquivalentsAtCarryingValue": "1134355000", "cashAndShortTermInvestments": "1134355000", "inventory": "0", "currentNetReceivables": "None", "totalNonCurrentAssets": "990446000", "propertyPlantEquipment": "546609000", "accumulatedDepreciationAmortizationPPE": "None", "intangibleAssets": "34234000", "intangibleAssetsExcludingGoodwill": "34234000", "goodwill": "159376000", "investments": "None", "longTermInvestments": "29205000", "shortTermInvestments": "2133495000", "otherCurrentAssets": "160920000", "otherNonCurrentAssets": "None", "totalLiabilities": "3367059000", "totalCurrentLiabilities": "2058874000", "currentAccountsPayable": "None", "deferredRevenue": "None", "currentDebt": "None", "shortTermDebt": "341509000", "totalNonCurrentLiabilities": "1308185000", "capitalLeaseObligations": "None", "longTermDebt": "1149845000", "currentLongTermDebt": "341509000", "longTermDebtNoncurrent": "None", "shortLongTermDebtTotal": "1491354000", "otherCurrentLiabilities": "270126000", "otherNonCurrentLiabilities": "1197279000", "totalShareholderEquity": "1580365000", "treasuryStock": "0", "retainedEarnings": "-1727856000", "commonStock": "211000", "commonStockSharesOutstanding": "210909000"}, {"fiscalDateEnding": "2017-10-31", "reportedCurrency": "USD", "totalAssets": "4564716000", "totalCurrentAssets": "3693772000", "cashAndCashEquivalentsAtCarryingValue": "1336984000", "cashAndShortTermInvestments": "1336984000", "inventory": "0", "currentNetReceivables": "None", "totalNonCurrentAssets": "870944000", "propertyPlantEquipment": "487234000", "accumulatedDepreciationAmortizationPPE": "None", "intangibleAssets": "34305000", "intangibleAssetsExcludingGoodwill": "34305000", "goodwill": "158418000", "investments": "None", "longTermInvestments": "None", "shortTermInvestments": "1874139000", "otherCurrentAssets": "133340000", "otherNonCurrentAssets": "None", "totalLiabilities": "3024442000", "totalCurrentLiabilities": "1749546000", "currentAccountsPayable": "None", "deferredRevenue": "None", "currentDebt": "None", "shortTermDebt": "336936000", "totalNonCurrentLiabilities": "1274896000", "capitalLeaseObligations": "None", "longTermDebt": "1136494000", "currentLongTermDebt": "336936000", "longTermDebtNoncurrent": "None", "shortLongTermDebtTotal": "1473430000", "otherCurrentLiabilities": "247742000", "otherNonCurrentLiabilities": "1174761000", "totalShareholderEquity": "1540274000", "treasuryStock": "0", "retainedEarnings": "-1638756000", "commonStock": "210000", "commonStockSharesOutstanding": "209188000"}, {"fiscalDateEnding": "2017-07-31", "reportedCurrency": "USD", "totalAssets": "3407127000", "totalCurrentAssets": "2586224000", "cashAndCashEquivalentsAtCarryingValue": "748599000", "cashAndShortTermInvestments": "748599000", "inventory": "0", "currentNetReceivables": "None", "totalNonCurrentAssets": "820903000", "propertyPlantEquipment": "438754000", "accumulatedDepreciationAmortizationPPE": "None", "intangibleAssets": "39110000", "intangibleAssetsExcludingGoodwill": "39110000", "goodwill": "158540000", "investments": "None", "longTermInvestments": "None", "shortTermInvestments": "1349191000", "otherCurrentAssets": "117877000", "otherNonCurrentAssets": "None", "totalLiabilities": "2036730000", "totalCurrentLiabilities": "1676574000", "currentAccountsPayable": "None", "deferredRevenue": "None", "currentDebt": "None", "shortTermDebt": "332422000", "totalNonCurrentLiabilities": "360156000", "capitalLeaseObligations": "None", "longTermDebt": "216038000", "currentLongTermDebt": "548460000", "longTermDebtNoncurrent": "None", "shortLongTermDebtTotal": "548460000", "otherCurrentLiabilities": "185639000", "otherNonCurrentLiabilities": "255978000", "totalShareholderEquity": "1370397000", "treasuryStock": "0", "retainedEarnings": "-1553210000", "commonStock": "208000", "commonStockSharesOutstanding": "207028000"}, {"fiscalDateEnding": "2017-04-30", "reportedCurrency": "USD", "totalAssets": "3308741000", "totalCurrentAssets": "2533820000", "cashAndCashEquivalentsAtCarryingValue": "498931000", "cashAndShortTermInvestments": "498931000", "inventory": "0", "currentNetReceivables": "None", "totalNonCurrentAssets": "774921000", "propertyPlantEquipment": "404102000", "accumulatedDepreciationAmortizationPPE": "None", "intangibleAssets": "43915000", "intangibleAssetsExcludingGoodwill": "43915000", "goodwill": "158193000", "investments": "None", "longTermInvestments": "None", "shortTermInvestments": "1616770000", "otherCurrentAssets": "120225000", "otherNonCurrentAssets": "None", "totalLiabilities": "1987884000", "totalCurrentLiabilities": "1289444000", "currentAccountsPayable": "None", "deferredRevenue": "None", "currentDebt": "None", "shortTermDebt": "541393000", "totalNonCurrentLiabilities": "698440000", "capitalLeaseObligations": "None", "longTermDebt": "541393000", "currentLongTermDebt": "541393000", "longTermDebtNoncurrent": "None", "shortLongTermDebtTotal": "541393000", "otherCurrentLiabilities": "181388000", "otherNonCurrentLiabilities": "578051000", "totalShareholderEquity": "1320857000", "treasuryStock": "0", "retainedEarnings": "-1470678000", "commonStock": "205000", "commonStockSharesOutstanding": "203818000"}, {"fiscalDateEnding": "2017-01-31", "reportedCurrency": "USD", "totalAssets": "3166424000", "totalCurrentAssets": "2496526000", "cashAndCashEquivalentsAtCarryingValue": "539923000", "cashAndShortTermInvestments": "539923000", "inventory": "0", "currentNetReceivables": "None", "totalNonCurrentAssets": "669898000", "propertyPlantEquipment": "365877000", "accumulatedDepreciationAmortizationPPE": "None", "intangibleAssets": "48787000", "intangibleAssetsExcludingGoodwill": "48787000", "goodwill": "158354000", "investments": "None", "longTermInvestments": "14004000", "shortTermInvestments": "1456822000", "otherCurrentAssets": "115873000", "otherNonCurrentAssets": "None", "totalLiabilities": "2003518000", "totalCurrentLiabilities": "1296448000", "currentAccountsPayable": "None", "deferredRevenue": "None", "currentDebt": "None", "shortTermDebt": "534423000", "totalNonCurrentLiabilities": "707070000", "capitalLeaseObligations": "None", "longTermDebt": "534423000", "currentLongTermDebt": "534423000", "longTermDebtNoncurrent": "None", "shortLongTermDebtTotal": "534423000", "otherCurrentLiabilities": "172207000", "otherNonCurrentLiabilities": "571100000", "totalShareholderEquity": "1162906000", "treasuryStock": "0", "retainedEarnings": "-1520567000", "commonStock": "202000", "commonStockSharesOutstanding": "201530000"}, {"fiscalDateEnding": "2016-10-31", "reportedCurrency": "USD", "totalAssets": "2922569000", "totalCurrentAssets": "2294595000", "cashAndCashEquivalentsAtCarryingValue": "386557000", "cashAndShortTermInvestments": "386557000", "inventory": "0", "currentNetReceivables": "None", "totalNonCurrentAssets": "627974000", "propertyPlantEquipment": "334265000", "accumulatedDepreciationAmortizationPPE": "None", "intangibleAssets": "56220000", "intangibleAssetsExcludingGoodwill": "56220000", "goodwill": "158195000", "investments": "None", "longTermInvestments": "None", "shortTermInvestments": "1527238000", "otherCurrentAssets": "111855000", "otherNonCurrentAssets": "None", "totalLiabilities": "1785110000", "totalCurrentLiabilities": "1098096000", "currentAccountsPayable": "None", "deferredRevenue": "None", "currentDebt": "None", "shortTermDebt": "None", "totalNonCurrentLiabilities": "687014000", "capitalLeaseObligations": "None", "longTermDebt": "527547000", "currentLongTermDebt": "None", "longTermDebtNoncurrent": "None", "shortLongTermDebtTotal": "527547000", "otherCurrentLiabilities": "169281000", "otherNonCurrentLiabilities": "563835000", "totalShareholderEquity": "1137459000", "treasuryStock": "0", "retainedEarnings": "-1415002000", "commonStock": "200000", "commonStockSharesOutstanding": "199479000"}, {"fiscalDateEnding": "2016-07-31", "reportedCurrency": "USD", "totalAssets": "2829804000", "totalCurrentAssets": "2430090000", "cashAndCashEquivalentsAtCarryingValue": "405529000", "cashAndShortTermInvestments": "405529000", "inventory": "0", "currentNetReceivables": "None", "totalNonCurrentAssets": "399714000", "propertyPlantEquipment": "255118000", "accumulatedDepreciationAmortizationPPE": "None", "intangibleAssets": "18363000", "intangibleAssetsExcludingGoodwill": "18363000", "goodwill": "52819000", "investments": "None", "longTermInvestments": "None", "shortTermInvestments": "1662381000", "otherCurrentAssets": "113522000", "otherNonCurrentAssets": "None", "totalLiabilities": "1688958000", "totalCurrentLiabilities": "1007553000", "currentAccountsPayable": "None", "deferredRevenue": "None", "currentDebt": "None", "shortTermDebt": "None", "totalNonCurrentLiabilities": "681405000", "capitalLeaseObligations": "None", "longTermDebt": "520765000", "currentLongTermDebt": "None", "longTermDebtNoncurrent": "None", "shortLongTermDebtTotal": "520765000", "otherCurrentLiabilities": "135573000", "otherNonCurrentLiabilities": "557136000", "totalShareholderEquity": "1140846000", "treasuryStock": "0", "retainedEarnings": "-1300936000", "commonStock": "198000", "commonStockSharesOutstanding": "197223000"}, {"fiscalDateEnding": "2016-04-30", "reportedCurrency": "USD", "totalAssets": "2776153000", "totalCurrentAssets": "2372131000", "cashAndCashEquivalentsAtCarryingValue": "404604000", "cashAndShortTermInvestments": "404604000", "inventory": "0", "currentNetReceivables": "None", "totalNonCurrentAssets": "404022000", "propertyPlantEquipment": "254697000", "accumulatedDepreciationAmortizationPPE": "None", "intangibleAssets": "16949000", "intangibleAssetsExcludingGoodwill": "16949000", "goodwill": "50727000", "investments": "None", "longTermInvestments": "None", "shortTermInvestments": "1675486000", "otherCurrentAssets": "98941000", "otherNonCurrentAssets": "None", "totalLiabilities": "1647997000", "totalCurrentLiabilities": "970252000", "currentAccountsPayable": "None", "deferredRevenue": "None", "currentDebt": "None", "shortTermDebt": "None", "totalNonCurrentLiabilities": "677745000", "capitalLeaseObligations": "None", "longTermDebt": "514075000", "currentLongTermDebt": "None", "longTermDebtNoncurrent": "None", "shortLongTermDebtTotal": "514075000", "otherCurrentLiabilities": "153191000", "otherNonCurrentLiabilities": "35700000", "totalShareholderEquity": "1128156000", "treasuryStock": "0", "retainedEarnings": "-1192911000", "commonStock": "195000", "commonStockSharesOutstanding": "194529000"}, {"fiscalDateEnding": "2016-01-31", "reportedCurrency": "USD", "totalAssets": "2730094000", "totalCurrentAssets": "2362308000", "cashAndCashEquivalentsAtCarryingValue": "300087000", "cashAndShortTermInvestments": "300087000", "inventory": "0", "currentNetReceivables": "None", "totalNonCurrentAssets": "367786000", "propertyPlantEquipment": "214158000", "accumulatedDepreciationAmortizationPPE": "None", "intangibleAssets": "18511000", "intangibleAssetsExcludingGoodwill": "18511000", "goodwill": "50325000", "investments": "None", "longTermInvestments": "28742000", "shortTermInvestments": "1669372000", "otherCurrentAssets": "99442000", "otherNonCurrentAssets": "None", "totalLiabilities": "1593937000", "totalCurrentLiabilities": "922679000", "currentAccountsPayable": "None", "deferredRevenue": "None", "currentDebt": "None", "shortTermDebt": "507476000", "totalNonCurrentLiabilities": "671258000", "capitalLeaseObligations": "None", "longTermDebt": "507476000", "currentLongTermDebt": "507476000", "longTermDebtNoncurrent": "None", "shortLongTermDebtTotal": "507476000", "otherCurrentLiabilities": "134333000", "otherNonCurrentLiabilities": "32794000", "totalShareholderEquity": "1136157000", "treasuryStock": "0", "retainedEarnings": "-1112289000", "commonStock": "193000", "commonStockSharesOutstanding": "192485000"}, {"fiscalDateEnding": "2015-10-31", "reportedCurrency": "USD", "totalAssets": "2511153000", "totalCurrentAssets": "2157075000", "cashAndCashEquivalentsAtCarryingValue": "219893000", "cashAndShortTermInvestments": "219893000", "inventory": "0", "currentNetReceivables": "None", "totalNonCurrentAssets": "354078000", "propertyPlantEquipment": "195004000", "accumulatedDepreciationAmortizationPPE": "None", "intangibleAssets": "21658000", "intangibleAssetsExcludingGoodwill": "21658000", "goodwill": "51945000", "investments": "None", "longTermInvestments": "None", "shortTermInvestments": "1676454000", "otherCurrentAssets": "89877000", "otherNonCurrentAssets": "None", "totalLiabilities": "1385626000", "totalCurrentLiabilities": "751681000", "currentAccountsPayable": "None", "deferredRevenue": "None", "currentDebt": "None", "shortTermDebt": "80000", "totalNonCurrentLiabilities": "633945000", "capitalLeaseObligations": "None", "longTermDebt": "507947000", "currentLongTermDebt": "None", "longTermDebtNoncurrent": "None", "shortLongTermDebtTotal": "508027000", "otherCurrentLiabilities": "109829000", "otherNonCurrentLiabilities": "32792000", "totalShareholderEquity": "1125527000", "treasuryStock": "0", "retainedEarnings": "-1031161000", "commonStock": "191000", "commonStockSharesOutstanding": "190727000"}, {"fiscalDateEnding": "2015-07-31", "reportedCurrency": "USD", "totalAssets": "2443884000", "totalCurrentAssets": "2140528000", "cashAndCashEquivalentsAtCarryingValue": "230578000", "cashAndShortTermInvestments": "230578000", "inventory": "0", "currentNetReceivables": "None", "totalNonCurrentAssets": "303356000", "propertyPlantEquipment": "172701000", "accumulatedDepreciationAmortizationPPE": "None", "intangibleAssets": "6504000", "intangibleAssetsExcludingGoodwill": "6504000", "goodwill": "39930000", "investments": "None", "longTermInvestments": "None", "shortTermInvestments": "1676351000", "otherCurrentAssets": "77317000", "otherNonCurrentAssets": "None", "totalLiabilities": "1311909000", "totalCurrentLiabilities": "706271000", "currentAccountsPayable": "None", "deferredRevenue": "None", "currentDebt": "None", "shortTermDebt": "743000", "totalNonCurrentLiabilities": "605638000", "capitalLeaseObligations": "None", "longTermDebt": "502045000", "currentLongTermDebt": "None", "longTermDebtNoncurrent": "None", "shortLongTermDebtTotal": "502788000", "otherCurrentLiabilities": "80053000", "otherNonCurrentLiabilities": "22312000", "totalShareholderEquity": "1131975000", "treasuryStock": "0", "retainedEarnings": "-953350000", "commonStock": "190000", "commonStockSharesOutstanding": "189360000"}, {"fiscalDateEnding": "2015-04-30", "reportedCurrency": "USD", "totalAssets": "2382561000", "totalCurrentAssets": "2120993000", "cashAndCashEquivalentsAtCarryingValue": "270484000", "cashAndShortTermInvestments": "270484000", "inventory": "0", "currentNetReceivables": "None", "totalNonCurrentAssets": "261568000", "propertyPlantEquipment": "154537000", "accumulatedDepreciationAmortizationPPE": "None", "intangibleAssets": "5878000", "intangibleAssetsExcludingGoodwill": "5878000", "goodwill": "32312000", "investments": "None", "longTermInvestments": "None", "shortTermInvestments": "1651051000", "otherCurrentAssets": "70965000", "otherNonCurrentAssets": "None", "totalLiabilities": "1266534000", "totalCurrentLiabilities": "666554000", "currentAccountsPayable": "None", "deferredRevenue": "None", "currentDebt": "None", "shortTermDebt": "1759000", "totalNonCurrentLiabilities": "599980000", "capitalLeaseObligations": "None", "longTermDebt": "496230000", "currentLongTermDebt": "None", "longTermDebtNoncurrent": "None", "shortLongTermDebtTotal": "497989000", "otherCurrentLiabilities": "79263000", "otherNonCurrentLiabilities": "22539000", "totalShareholderEquity": "1116027000", "treasuryStock": "0", "retainedEarnings": "-883929000", "commonStock": "188000", "commonStockSharesOutstanding": "187390000"}, {"fiscalDateEnding": "2015-01-31", "reportedCurrency": "USD", "totalAssets": "2358633000", "totalCurrentAssets": "2109039000", "cashAndCashEquivalentsAtCarryingValue": "298192000", "cashAndShortTermInvestments": "298192000", "inventory": "0", "currentNetReceivables": "None", "totalNonCurrentAssets": "249594000", "propertyPlantEquipment": "140136000", "accumulatedDepreciationAmortizationPPE": "None", "intangibleAssets": "6409000", "intangibleAssetsExcludingGoodwill": "6409000", "goodwill": "32312000", "investments": "None", "longTermInvestments": "12910000", "shortTermInvestments": "1559517000", "otherCurrentAssets": "62973000", "otherNonCurrentAssets": "None", "totalLiabilities": "1232658000", "totalCurrentLiabilities": "641265000", "currentAccountsPayable": "None", "deferredRevenue": "None", "currentDebt": "None", "shortTermDebt": "3207000", "totalNonCurrentLiabilities": "591393000", "capitalLeaseObligations": "None", "longTermDebt": "490501000", "currentLongTermDebt": "485165000", "longTermDebtNoncurrent": "None", "shortLongTermDebtTotal": "493708000", "otherCurrentLiabilities": "80284000", "otherNonCurrentLiabilities": "15299000", "totalShareholderEquity": "1125975000", "treasuryStock": "0", "retainedEarnings": "-822371000", "commonStock": "186000", "commonStockSharesOutstanding": "185696000"}, {"fiscalDateEnding": "2014-10-31", "reportedCurrency": "USD", "totalAssets": "2232318000", "totalCurrentAssets": "2009746000", "cashAndCashEquivalentsAtCarryingValue": "192142000", "cashAndShortTermInvestments": "192142000", "inventory": "0", "currentNetReceivables": "None", "totalNonCurrentAssets": "222572000", "propertyPlantEquipment": "116640000", "accumulatedDepreciationAmortizationPPE": "None", "intangibleAssets": "6939000", "intangibleAssetsExcludingGoodwill": "6939000", "goodwill": "32312000", "investments": "None", "longTermInvestments": "None", "shortTermInvestments": "1642517000", "otherCurrentAssets": "56144000", "otherNonCurrentAssets": "None", "totalLiabilities": "1103102000", "totalCurrentLiabilities": "537633000", "currentAccountsPayable": "None", "deferredRevenue": "None", "currentDebt": "None", "shortTermDebt": "4681000", "totalNonCurrentLiabilities": "565469000", "capitalLeaseObligations": "None", "longTermDebt": "484855000", "currentLongTermDebt": "None", "longTermDebtNoncurrent": "None", "shortLongTermDebtTotal": "489536000", "otherCurrentLiabilities": "82018000", "otherNonCurrentLiabilities": "13807000", "totalShareholderEquity": "1129216000", "treasuryStock": "0", "retainedEarnings": "-762905000", "commonStock": "185000", "commonStockSharesOutstanding": "184310000"}, {"fiscalDateEnding": "2014-07-31", "reportedCurrency": "USD", "totalAssets": "2194898000", "totalCurrentAssets": "1980810000", "cashAndCashEquivalentsAtCarryingValue": "262634000", "cashAndShortTermInvestments": "262634000", "inventory": "0", "currentNetReceivables": "None", "totalNonCurrentAssets": "214088000", "propertyPlantEquipment": "105855000", "accumulatedDepreciationAmortizationPPE": "None", "intangibleAssets": "7470000", "intangibleAssetsExcludingGoodwill": "7470000", "goodwill": "32312000", "investments": "None", "longTermInvestments": "None", "shortTermInvestments": "1559748000", "otherCurrentAssets": "57894000", "otherNonCurrentAssets": "None", "totalLiabilities": "1056057000", "totalCurrentLiabilities": "489465000", "currentAccountsPayable": "None", "deferredRevenue": "None", "currentDebt": "None", "shortTermDebt": "5133000", "totalNonCurrentLiabilities": "566592000", "capitalLeaseObligations": "671000", "longTermDebt": "479293000", "currentLongTermDebt": "None", "longTermDebtNoncurrent": "None", "shortLongTermDebtTotal": "485097000", "otherCurrentLiabilities": "68745000", "otherNonCurrentLiabilities": "14181000", "totalShareholderEquity": "1138841000", "treasuryStock": "0", "retainedEarnings": "-702993000", "commonStock": "183000", "commonStockSharesOutstanding": "184319000"}, {"fiscalDateEnding": "2014-04-30", "reportedCurrency": "USD", "totalAssets": "2206690000", "totalCurrentAssets": "2013893000", "cashAndCashEquivalentsAtCarryingValue": "246001000", "cashAndShortTermInvestments": "246001000", "inventory": "0", "currentNetReceivables": "None", "totalNonCurrentAssets": "192797000", "propertyPlantEquipment": "89125000", "accumulatedDepreciationAmortizationPPE": "None", "intangibleAssets": "8000000", "intangibleAssetsExcludingGoodwill": "8000000", "goodwill": "32312000", "investments": "None", "longTermInvestments": "None", "shortTermInvestments": "1619950000", "otherCurrentAssets": "48806000", "otherNonCurrentAssets": "None", "totalLiabilities": "1051254000", "totalCurrentLiabilities": "487320000", "currentAccountsPayable": "None", "deferredRevenue": "None", "currentDebt": "None", "shortTermDebt": "8442000", "totalNonCurrentLiabilities": "563934000", "capitalLeaseObligations": "1780000", "longTermDebt": "473812000", "currentLongTermDebt": "None", "longTermDebtNoncurrent": "None", "shortLongTermDebtTotal": "484034000", "otherCurrentLiabilities": "78791000", "otherNonCurrentLiabilities": "14453000", "totalShareholderEquity": "1155436000", "treasuryStock": "0", "retainedEarnings": "-633778000", "commonStock": "182000", "commonStockSharesOutstanding": "183084000"}, {"fiscalDateEnding": "2014-01-31", "reportedCurrency": "USD", "totalAssets": "2176265000", "totalCurrentAssets": "2023658000", "cashAndCashEquivalentsAtCarryingValue": "581326000", "cashAndShortTermInvestments": "581326000", "inventory": "0", "currentNetReceivables": "None", "totalNonCurrentAssets": "152607000", "propertyPlantEquipment": "77664000", "accumulatedDepreciationAmortizationPPE": "None", "intangibleAssets": "4865000", "intangibleAssetsExcludingGoodwill": "4865000", "goodwill": "8488000", "investments": "None", "longTermInvestments": "None", "shortTermInvestments": "1305253000", "otherCurrentAssets": "44895000", "otherNonCurrentAssets": "None", "totalLiabilities": "989048000", "totalCurrentLiabilities": "421890000", "currentAccountsPayable": "None", "deferredRevenue": "None", "currentDebt": "None", "shortTermDebt": "9377000", "totalNonCurrentLiabilities": "567158000", "capitalLeaseObligations": "3589000", "longTermDebt": "468412000", "currentLongTermDebt": "None", "longTermDebtNoncurrent": "None", "shortLongTermDebtTotal": "481378000", "otherCurrentLiabilities": "73619000", "otherNonCurrentLiabilities": "14274000", "totalShareholderEquity": "1187217000", "treasuryStock": "0", "retainedEarnings": "-574389000", "commonStock": "181000", "commonStockSharesOutstanding": "175194000"}, {"fiscalDateEnding": "2013-10-31", "reportedCurrency": "USD", "totalAssets": "1528185000", "totalCurrentAssets": "1405602000", "cashAndCashEquivalentsAtCarryingValue": "183460000", "cashAndShortTermInvestments": "183460000", "inventory": "0", "currentNetReceivables": "None", "totalNonCurrentAssets": "122583000", "propertyPlantEquipment": "73960000", "accumulatedDepreciationAmortizationPPE": "None", "intangibleAssets": "8488000", "intangibleAssetsExcludingGoodwill": "8488000", "goodwill": "8488000", "investments": "None", "longTermInvestments": "None", "shortTermInvestments": "1099235000", "otherCurrentAssets": "35946000", "otherNonCurrentAssets": "None", "totalLiabilities": "914783000", "totalCurrentLiabilities": "361702000", "currentAccountsPayable": "None", "deferredRevenue": "None", "currentDebt": "None", "shortTermDebt": "10044000", "totalNonCurrentLiabilities": "553081000", "capitalLeaseObligations": "5546000", "longTermDebt": "463092000", "currentLongTermDebt": "None", "longTermDebtNoncurrent": "None", "shortLongTermDebtTotal": "478682000", "otherCurrentLiabilities": "64140000", "otherNonCurrentLiabilities": "11964000", "totalShareholderEquity": "613402000", "treasuryStock": "0", "retainedEarnings": "-518407000", "commonStock": "172000", "commonStockSharesOutstanding": "174385000"}, {"fiscalDateEnding": "2013-07-31", "reportedCurrency": "USD", "totalAssets": "1505973000", "totalCurrentAssets": "1395395000", "cashAndCashEquivalentsAtCarryingValue": "437432000", "cashAndShortTermInvestments": "437432000", "inventory": "0", "currentNetReceivables": "None", "totalNonCurrentAssets": "110578000", "propertyPlantEquipment": "64097000", "accumulatedDepreciationAmortizationPPE": "None", "intangibleAssets": "8488000", "intangibleAssetsExcludingGoodwill": "8488000", "goodwill": "8488000", "investments": "None", "longTermInvestments": "None", "shortTermInvestments": "857169000", "otherCurrentAssets": "33822000", "otherNonCurrentAssets": "None", "totalLiabilities": "867232000", "totalCurrentLiabilities": "310721000", "currentAccountsPayable": "None", "deferredRevenue": "None", "currentDebt": "None", "shortTermDebt": "10720000", "totalNonCurrentLiabilities": "556511000", "capitalLeaseObligations": "7687000", "longTermDebt": "457849000", "currentLongTermDebt": "None", "longTermDebtNoncurrent": "None", "shortLongTermDebtTotal": "476256000", "otherCurrentLiabilities": "46344000", "otherNonCurrentLiabilities": "12677000", "totalShareholderEquity": "638741000", "treasuryStock": "0", "retainedEarnings": "-470873000", "commonStock": "171000", "commonStockSharesOutstanding": "173375000"}, {"fiscalDateEnding": "2013-04-30", "reportedCurrency": "USD", "totalAssets": "981255000", "totalCurrentAssets": "893684000", "cashAndCashEquivalentsAtCarryingValue": "219264000", "cashAndShortTermInvestments": "219264000", "inventory": "0", "currentNetReceivables": "None", "totalNonCurrentAssets": "87571000", "propertyPlantEquipment": "54197000", "accumulatedDepreciationAmortizationPPE": "None", "intangibleAssets": "8488000", "intangibleAssetsExcludingGoodwill": "8488000", "goodwill": "8488000", "investments": "None", "longTermInvestments": "None", "shortTermInvestments": "586503000", "otherCurrentAssets": "27572000", "otherNonCurrentAssets": "None", "totalLiabilities": "409470000", "totalCurrentLiabilities": "309132000", "currentAccountsPayable": "None", "deferredRevenue": "None", "currentDebt": "None", "shortTermDebt": "11179000", "totalNonCurrentLiabilities": "100338000", "capitalLeaseObligations": "None", "longTermDebt": "10163000", "currentLongTermDebt": "None", "longTermDebtNoncurrent": "None", "shortLongTermDebtTotal": "21342000", "otherCurrentLiabilities": "57182000", "otherNonCurrentLiabilities": "None", "totalShareholderEquity": "571785000", "treasuryStock": "0", "retainedEarnings": "-434895000", "commonStock": "169000", "commonStockSharesOutstanding": "168074000"}, {"fiscalDateEnding": "2013-01-31", "reportedCurrency": "USD", "totalAssets": "959080000", "totalCurrentAssets": "884302000", "cashAndCashEquivalentsAtCarryingValue": "84158000", "cashAndShortTermInvestments": "84158000", "inventory": "0", "currentNetReceivables": "None", "totalNonCurrentAssets": "74778000", "propertyPlantEquipment": "44585000", "accumulatedDepreciationAmortizationPPE": "None", "intangibleAssets": "8488000", "intangibleAssetsExcludingGoodwill": "8488000", "goodwill": "8488000", "investments": "None", "longTermInvestments": "None", "shortTermInvestments": "706181000", "otherCurrentAssets": "26526000", "otherNonCurrentAssets": "None", "totalLiabilities": "366797000", "totalCurrentLiabilities": "254774000", "currentAccountsPayable": "None", "deferredRevenue": "None", "currentDebt": "None", "shortTermDebt": "12008000", "totalNonCurrentLiabilities": "112023000", "capitalLeaseObligations": "None", "longTermDebt": "12972000", "currentLongTermDebt": "None", "longTermDebtNoncurrent": "None", "shortLongTermDebtTotal": "24980000", "otherCurrentLiabilities": "40761000", "otherNonCurrentLiabilities": "None", "totalShareholderEquity": "592283000", "treasuryStock": "0", "retainedEarnings": "-401880000", "commonStock": "162000", "commonStockSharesOutstanding": "161916000"}, {"fiscalDateEnding": "2012-10-31", "reportedCurrency": "USD", "totalAssets": "950148000", "totalCurrentAssets": "881654000", "cashAndCashEquivalentsAtCarryingValue": "442980000", "cashAndShortTermInvestments": "442980000", "inventory": "0", "currentNetReceivables": "None", "totalNonCurrentAssets": "68494000", "propertyPlantEquipment": "39760000", "accumulatedDepreciationAmortizationPPE": "None", "intangibleAssets": "8509000", "intangibleAssetsExcludingGoodwill": "8509000", "goodwill": "0", "investments": "None", "longTermInvestments": "None", "shortTermInvestments": "354397000", "otherCurrentAssets": "23178000", "otherNonCurrentAssets": "None", "totalLiabilities": "334647000", "totalCurrentLiabilities": "214894000", "currentAccountsPayable": "None", "deferredRevenue": "None", "currentDebt": "None", "shortTermDebt": "6946000", "totalNonCurrentLiabilities": "119753000", "capitalLeaseObligations": "None", "longTermDebt": "17433000", "currentLongTermDebt": "None", "longTermDebtNoncurrent": "None", "shortLongTermDebtTotal": "24379000", "otherCurrentLiabilities": "40046000", "otherNonCurrentLiabilities": "None", "totalShareholderEquity": "615501000", "treasuryStock": "0", "retainedEarnings": "-370936000", "commonStock": "160000", "commonStockSharesOutstanding": "61960000"}, {"fiscalDateEnding": "2012-07-31", "reportedCurrency": "USD", "totalAssets": "267155000", "totalCurrentAssets": "209897000", "cashAndCashEquivalentsAtCarryingValue": "36741000", "cashAndShortTermInvestments": "36741000", "inventory": "None", "currentNetReceivables": "None", "totalNonCurrentAssets": "57258000", "propertyPlantEquipment": "29406000", "accumulatedDepreciationAmortizationPPE": "None", "intangibleAssets": "44000", "intangibleAssetsExcludingGoodwill": "44000", "goodwill": "8488000", "investments": "None", "longTermInvestments": "None", "shortTermInvestments": "85910000", "otherCurrentAssets": "18765000", "otherNonCurrentAssets": "None", "totalLiabilities": "484845000", "totalCurrentLiabilities": "195574000", "currentAccountsPayable": "None", "deferredRevenue": "None", "currentDebt": "None", "shortTermDebt": "8219000", "totalNonCurrentLiabilities": "289271000", "capitalLeaseObligations": "None", "longTermDebt": "7868000", "currentLongTermDebt": "None", "longTermDebtNoncurrent": "None", "shortLongTermDebtTotal": "16087000", "otherCurrentLiabilities": "32387000", "otherNonCurrentLiabilities": "None", "totalShareholderEquity": "-217690000", "treasuryStock": "None", "retainedEarnings": "-329465000", "commonStock": "35000", "commonStockSharesOutstanding": "160290031"}, {"fiscalDateEnding": "2012-04-30", "reportedCurrency": "USD", "totalAssets": "None", "totalCurrentAssets": "None", "cashAndCashEquivalentsAtCarryingValue": "None", "cashAndShortTermInvestments": "None", "inventory": "None", "currentNetReceivables": "None", "totalNonCurrentAssets": "None", "propertyPlantEquipment": "None", "accumulatedDepreciationAmortizationPPE": "None", "intangibleAssets": "None", "intangibleAssetsExcludingGoodwill": "None", "goodwill": "None", "investments": "None", "longTermInvestments": "None", "shortTermInvestments": "None", "otherCurrentAssets": "None", "otherNonCurrentAssets": "None", "totalLiabilities": "None", "totalCurrentLiabilities": "None", "currentAccountsPayable": "None", "deferredRevenue": "None", "currentDebt": "None", "shortTermDebt": "None", "totalNonCurrentLiabilities": "None", "capitalLeaseObligations": "None", "longTermDebt": "None", "currentLongTermDebt": "None", "longTermDebtNoncurrent": "None", "shortLongTermDebtTotal": "None", "otherCurrentLiabilities": "None", "otherNonCurrentLiabilities": "None", "totalShareholderEquity": "None", "treasuryStock": "None", "retainedEarnings": "None", "commonStock": "None", "commonStockSharesOutstanding": "228461000"}, {"fiscalDateEnding": "2012-01-31", "reportedCurrency": "USD", "totalAssets": "232638000", "totalCurrentAssets": "183172000", "cashAndCashEquivalentsAtCarryingValue": "57529000", "cashAndShortTermInvestments": "57529000", "inventory": "None", "currentNetReceivables": "None", "totalNonCurrentAssets": "49466000", "propertyPlantEquipment": "25861000", "accumulatedDepreciationAmortizationPPE": "None", "intangibleAssets": "90000", "intangibleAssetsExcludingGoodwill": "90000", "goodwill": "8488000", "investments": "None", "longTermInvestments": "None", "shortTermInvestments": "53634000", "otherCurrentAssets": "17542000", "otherNonCurrentAssets": "None", "totalLiabilities": "408199000", "totalCurrentLiabilities": "145238000", "currentAccountsPayable": "None", "deferredRevenue": "None", "currentDebt": "None", "shortTermDebt": "7075000", "totalNonCurrentLiabilities": "262961000", "capitalLeaseObligations": "None", "longTermDebt": "8641000", "currentLongTermDebt": "None", "longTermDebtNoncurrent": "None", "shortLongTermDebtTotal": "15716000", "otherCurrentLiabilities": "20699000", "otherNonCurrentLiabilities": "None", "totalShareholderEquity": "-175561000", "treasuryStock": "None", "retainedEarnings": "-282122000", "commonStock": "33000", "commonStockSharesOutstanding": "226071000"}, {"fiscalDateEnding": "2011-10-31", "reportedCurrency": "USD", "totalAssets": "None", "totalCurrentAssets": "None", "cashAndCashEquivalentsAtCarryingValue": "None", "cashAndShortTermInvestments": "None", "inventory": "None", "currentNetReceivables": "None", "totalNonCurrentAssets": "None", "propertyPlantEquipment": "None", "accumulatedDepreciationAmortizationPPE": "None", "intangibleAssets": "None", "intangibleAssetsExcludingGoodwill": "None", "goodwill": "None", "investments": "None", "longTermInvestments": "None", "shortTermInvestments": "None", "otherCurrentAssets": "None", "otherNonCurrentAssets": "None", "totalLiabilities": "None", "totalCurrentLiabilities": "None", "currentAccountsPayable": "None", "deferredRevenue": "None", "currentDebt": "None", "shortTermDebt": "None", "totalNonCurrentLiabilities": "None", "capitalLeaseObligations": "None", "longTermDebt": "None", "currentLongTermDebt": "None", "longTermDebtNoncurrent": "None", "shortLongTermDebtTotal": "None", "otherCurrentLiabilities": "None", "otherNonCurrentLiabilities": "None", "totalShareholderEquity": "None", "treasuryStock": "None", "retainedEarnings": "None", "commonStock": "None", "commonStockSharesOutstanding": "228461000"}, {"fiscalDateEnding": "2010-10-31", "reportedCurrency": "USD", "totalAssets": "100605000", "totalCurrentAssets": "None", "cashAndCashEquivalentsAtCarryingValue": "30887000", "cashAndShortTermInvestments": "30887000", "inventory": "None", "currentNetReceivables": "None", "totalNonCurrentAssets": "None", "propertyPlantEquipment": "12896000", "accumulatedDepreciationAmortizationPPE": "None", "intangibleAssets": "8676000", "intangibleAssetsExcludingGoodwill": "8676000", "goodwill": "8488000", "investments": "None", "longTermInvestments": "None", "shortTermInvestments": "4498000", "otherCurrentAssets": "10526000", "otherNonCurrentAssets": "None", "totalLiabilities": "122689000", "totalCurrentLiabilities": "71340000", "currentAccountsPayable": "None", "deferredRevenue": "None", "currentDebt": "None", "shortTermDebt": "None", "totalNonCurrentLiabilities": "None", "capitalLeaseObligations": "None", "longTermDebt": "2495000", "currentLongTermDebt": "None", "longTermDebtNoncurrent": "None", "shortLongTermDebtTotal": "None", "otherCurrentLiabilities": "68530000", "otherNonCurrentLiabilities": "None", "totalShareholderEquity": "None", "treasuryStock": "None", "retainedEarnings": "None", "commonStock": "26000", "commonStockSharesOutstanding": "None"}]}