{"Meta Data": {"1. Information": "Daily Time Series with Splits and Dividend Events", "2. Symbol": "PPG", "3. Last Refreshed": "2025-04-22", "4. Output Size": "Compact", "5. Time Zone": "US/Eastern"}, "Time Series (Daily)": {"2025-04-22": {"1. open": "100.82", "2. high": "102.335", "3. low": "100.4", "4. close": "101.78", "5. adjusted close": "101.78", "6. volume": "977998", "7. dividend amount": "0.0000", "8. split coefficient": "1.0"}, "2025-04-21": {"1. open": "99.57", "2. high": "100.1", "3. low": "98.34", "4. close": "99.4", "5. adjusted close": "99.4", "6. volume": "1902494", "7. dividend amount": "0.0000", "8. split coefficient": "1.0"}, "2025-04-17": {"1. open": "99.35", "2. high": "100.9988", "3. low": "98.68", "4. close": "100.05", "5. adjusted close": "100.05", "6. volume": "2240531", "7. dividend amount": "0.0000", "8. split coefficient": "1.0"}, "2025-04-16": {"1. open": "99.55", "2. high": "100.55", "3. low": "97.53", "4. close": "98.42", "5. adjusted close": "98.42", "6. volume": "2530943", "7. dividend amount": "0.0000", "8. split coefficient": "1.0"}, "2025-04-15": {"1. open": "100.82", "2. high": "102.12", "3. low": "99.27", "4. close": "99.61", "5. adjusted close": "99.61", "6. volume": "1731959", "7. dividend amount": "0.0000", "8. split coefficient": "1.0"}, "2025-04-14": {"1. open": "102.0", "2. high": "102.4", "3. low": "100.58", "4. close": "101.48", "5. adjusted close": "101.48", "6. volume": "1460950", "7. dividend amount": "0.0000", "8. split coefficient": "1.0"}, "2025-04-11": {"1. open": "97.86", "2. high": "101.42", "3. low": "96.41", "4. close": "100.73", "5. adjusted close": "100.73", "6. volume": "1906436", "7. dividend amount": "0.0000", "8. split coefficient": "1.0"}, "2025-04-10": {"1. open": "101.135", "2. high": "101.135", "3. low": "95.61", "4. close": "98.53", "5. adjusted close": "98.53", "6. volume": "2994353", "7. dividend amount": "0.0000", "8. split coefficient": "1.0"}, "2025-04-09": {"1. open": "91.0", "2. high": "103.63", "3. low": "90.97", "4. close": "103.11", "5. adjusted close": "103.11", "6. volume": "4941044", "7. dividend amount": "0.0000", "8. split coefficient": "1.0"}, "2025-04-08": {"1. open": "98.91", "2. high": "99.97", "3. low": "90.24", "4. close": "91.66", "5. adjusted close": "91.66", "6. volume": "4942897", "7. dividend amount": "0.0000", "8. split coefficient": "1.0"}, "2025-04-07": {"1. open": "96.49", "2. high": "101.515", "3. low": "95.01", "4. close": "96.93", "5. adjusted close": "96.93", "6. volume": "3160374", "7. dividend amount": "0.0000", "8. split coefficient": "1.0"}, "2025-04-04": {"1. open": "102.39", "2. high": "103.11", "3. low": "97.485", "4. close": "99.15", "5. adjusted close": "99.15", "6. volume": "3812558", "7. dividend amount": "0.0000", "8. split coefficient": "1.0"}, "2025-04-03": {"1. open": "107.35", "2. high": "107.53", "3. low": "103.89", "4. close": "103.99", "5. adjusted close": "103.99", "6. volume": "2230149", "7. dividend amount": "0.0000", "8. split coefficient": "1.0"}, "2025-04-02": {"1. open": "108.27", "2. high": "110.11", "3. low": "107.88", "4. close": "110.11", "5. adjusted close": "110.11", "6. volume": "3836423", "7. dividend amount": "0.0000", "8. split coefficient": "1.0"}, "2025-04-01": {"1. open": "109.35", "2. high": "109.6", "3. low": "107.78", "4. close": "108.95", "5. adjusted close": "108.95", "6. volume": "2094829", "7. dividend amount": "0.0000", "8. split coefficient": "1.0"}, "2025-03-31": {"1. open": "106.8", "2. high": "109.47", "3. low": "105.99", "4. close": "109.35", "5. adjusted close": "109.35", "6. volume": "2929891", "7. dividend amount": "0.0000", "8. split coefficient": "1.0"}, "2025-03-28": {"1. open": "109.25", "2. high": "109.57", "3. low": "106.98", "4. close": "107.44", "5. adjusted close": "107.44", "6. volume": "3315571", "7. dividend amount": "0.0000", "8. split coefficient": "1.0"}, "2025-03-27": {"1. open": "111.54", "2. high": "111.54", "3. low": "105.64", "4. close": "108.36", "5. adjusted close": "108.36", "6. volume": "4537269", "7. dividend amount": "0.0000", "8. split coefficient": "1.0"}, "2025-03-26": {"1. open": "112.04", "2. high": "113.09", "3. low": "110.62", "4. close": "111.93", "5. adjusted close": "111.93", "6. volume": "2056054", "7. dividend amount": "0.0000", "8. split coefficient": "1.0"}, "2025-03-25": {"1. open": "113.14", "2. high": "113.26", "3. low": "111.35", "4. close": "111.74", "5. adjusted close": "111.74", "6. volume": "1818942", "7. dividend amount": "0.0000", "8. split coefficient": "1.0"}, "2025-03-24": {"1. open": "112.26", "2. high": "114.21", "3. low": "111.85", "4. close": "112.98", "5. adjusted close": "112.98", "6. volume": "2133325", "7. dividend amount": "0.0000", "8. split coefficient": "1.0"}, "2025-03-21": {"1. open": "110.25", "2. high": "111.49", "3. low": "109.33", "4. close": "110.73", "5. adjusted close": "110.73", "6. volume": "3160761", "7. dividend amount": "0.0000", "8. split coefficient": "1.0"}, "2025-03-20": {"1. open": "112.04", "2. high": "112.97", "3. low": "111.16", "4. close": "111.26", "5. adjusted close": "111.26", "6. volume": "1836511", "7. dividend amount": "0.0000", "8. split coefficient": "1.0"}, "2025-03-19": {"1. open": "113.81", "2. high": "114.26", "3. low": "112.21", "4. close": "113.1", "5. adjusted close": "113.1", "6. volume": "1746673", "7. dividend amount": "0.0000", "8. split coefficient": "1.0"}, "2025-03-18": {"1. open": "113.37", "2. high": "113.93", "3. low": "112.74", "4. close": "113.57", "5. adjusted close": "113.57", "6. volume": "1368473", "7. dividend amount": "0.0000", "8. split coefficient": "1.0"}, "2025-03-17": {"1. open": "113.43", "2. high": "114.46", "3. low": "112.63", "4. close": "113.84", "5. adjusted close": "113.84", "6. volume": "2155979", "7. dividend amount": "0.0000", "8. split coefficient": "1.0"}, "2025-03-14": {"1. open": "112.78", "2. high": "113.85", "3. low": "111.62", "4. close": "113.47", "5. adjusted close": "113.47", "6. volume": "2147419", "7. dividend amount": "0.0000", "8. split coefficient": "1.0"}, "2025-03-13": {"1. open": "111.04", "2. high": "112.75", "3. low": "110.3101", "4. close": "111.36", "5. adjusted close": "111.36", "6. volume": "1680758", "7. dividend amount": "0.0000", "8. split coefficient": "1.0"}, "2025-03-12": {"1. open": "113.29", "2. high": "114.06", "3. low": "110.93", "4. close": "110.98", "5. adjusted close": "110.98", "6. volume": "1824279", "7. dividend amount": "0.0000", "8. split coefficient": "1.0"}, "2025-03-11": {"1. open": "115.29", "2. high": "115.66", "3. low": "111.19", "4. close": "113.43", "5. adjusted close": "113.43", "6. volume": "2256126", "7. dividend amount": "0.0000", "8. split coefficient": "1.0"}, "2025-03-10": {"1. open": "114.0", "2. high": "117.88", "3. low": "114.0", "4. close": "114.69", "5. adjusted close": "114.69", "6. volume": "2495809", "7. dividend amount": "0.0000", "8. split coefficient": "1.0"}, "2025-03-07": {"1. open": "114.34", "2. high": "116.46", "3. low": "113.68", "4. close": "115.48", "5. adjusted close": "115.48", "6. volume": "2170716", "7. dividend amount": "0.0000", "8. split coefficient": "1.0"}, "2025-03-06": {"1. open": "114.12", "2. high": "116.455", "3. low": "113.32", "4. close": "115.37", "5. adjusted close": "115.37", "6. volume": "2661291", "7. dividend amount": "0.0000", "8. split coefficient": "1.0"}, "2025-03-05": {"1. open": "109.88", "2. high": "114.75", "3. low": "109.805", "4. close": "114.09", "5. adjusted close": "114.09", "6. volume": "3159187", "7. dividend amount": "0.0000", "8. split coefficient": "1.0"}, "2025-03-04": {"1. open": "111.5", "2. high": "111.75", "3. low": "109.15", "4. close": "109.29", "5. adjusted close": "109.29", "6. volume": "2950740", "7. dividend amount": "0.0000", "8. split coefficient": "1.0"}, "2025-03-03": {"1. open": "114.95", "2. high": "115.52", "3. low": "111.485", "4. close": "111.72", "5. adjusted close": "111.72", "6. volume": "2401227", "7. dividend amount": "0.0000", "8. split coefficient": "1.0"}, "2025-02-28": {"1. open": "114.11", "2. high": "115.8", "3. low": "112.12", "4. close": "113.22", "5. adjusted close": "113.22", "6. volume": "3362241", "7. dividend amount": "0.0000", "8. split coefficient": "1.0"}, "2025-02-27": {"1. open": "114.7", "2. high": "115.63", "3. low": "113.58", "4. close": "113.68", "5. adjusted close": "113.68", "6. volume": "1581030", "7. dividend amount": "0.0000", "8. split coefficient": "1.0"}, "2025-02-26": {"1. open": "114.73", "2. high": "115.79", "3. low": "113.61", "4. close": "115.04", "5. adjusted close": "115.04", "6. volume": "1450661", "7. dividend amount": "0.0000", "8. split coefficient": "1.0"}, "2025-02-25": {"1. open": "114.32", "2. high": "115.39", "3. low": "113.5", "4. close": "114.39", "5. adjusted close": "114.39", "6. volume": "2263934", "7. dividend amount": "0.0000", "8. split coefficient": "1.0"}, "2025-02-24": {"1. open": "115.04", "2. high": "115.195", "3. low": "113.46", "4. close": "113.53", "5. adjusted close": "113.53", "6. volume": "1393687", "7. dividend amount": "0.0000", "8. split coefficient": "1.0"}, "2025-02-21": {"1. open": "117.55", "2. high": "117.8283", "3. low": "114.29", "4. close": "114.8", "5. adjusted close": "114.8", "6. volume": "2447796", "7. dividend amount": "0.6800", "8. split coefficient": "1.0"}, "2025-02-20": {"1. open": "116.66", "2. high": "118.11", "3. low": "116.06", "4. close": "117.89", "5. adjusted close": "117.19580879806", "6. volume": "1627140", "7. dividend amount": "0.0000", "8. split coefficient": "1.0"}, "2025-02-19": {"1. open": "116.5", "2. high": "118.0", "3. low": "115.45", "4. close": "116.79", "5. adjusted close": "116.102286110149", "6. volume": "1681055", "7. dividend amount": "0.0000", "8. split coefficient": "1.0"}, "2025-02-18": {"1. open": "117.71", "2. high": "119.29", "3. low": "117.295", "4. close": "119.26", "5. adjusted close": "118.557741600277", "6. volume": "1550166", "7. dividend amount": "0.0000", "8. split coefficient": "1.0"}, "2025-02-14": {"1. open": "118.35", "2. high": "119.12", "3. low": "117.68", "4. close": "117.75", "5. adjusted close": "117.056633183235", "6. volume": "1677204", "7. dividend amount": "0.0000", "8. split coefficient": "1.0"}, "2025-02-13": {"1. open": "115.56", "2. high": "118.105", "3. low": "115.213", "4. close": "117.92", "5. adjusted close": "117.225632144094", "6. volume": "1935072", "7. dividend amount": "0.0000", "8. split coefficient": "1.0"}, "2025-02-12": {"1. open": "113.185", "2. high": "115.5", "3. low": "112.75", "4. close": "114.8", "5. adjusted close": "114.124004156564", "6. volume": "1629626", "7. dividend amount": "0.0000", "8. split coefficient": "1.0"}, "2025-02-11": {"1. open": "114.28", "2. high": "115.23", "3. low": "113.7762", "4. close": "114.91", "5. adjusted close": "114.233356425355", "6. volume": "1059140", "7. dividend amount": "0.0000", "8. split coefficient": "1.0"}, "2025-02-10": {"1. open": "115.4", "2. high": "115.57", "3. low": "114.07", "4. close": "114.12", "5. adjusted close": "113.448008313128", "6. volume": "1571507", "7. dividend amount": "0.0000", "8. split coefficient": "1.0"}, "2025-02-07": {"1. open": "116.15", "2. high": "116.15", "3. low": "114.33", "4. close": "114.84", "5. adjusted close": "114.163768617943", "6. volume": "1533552", "7. dividend amount": "0.0000", "8. split coefficient": "1.0"}, "2025-02-06": {"1. open": "113.29", "2. high": "116.38", "3. low": "112.03", "4. close": "115.9", "5. adjusted close": "115.217526844475", "6. volume": "3241205", "7. dividend amount": "0.0000", "8. split coefficient": "1.0"}, "2025-02-05": {"1. open": "111.73", "2. high": "112.8", "3. low": "111.0", "4. close": "112.57", "5. adjusted close": "111.907135434707", "6. volume": "2154246", "7. dividend amount": "0.0000", "8. split coefficient": "1.0"}, "2025-02-04": {"1. open": "113.35", "2. high": "113.67", "3. low": "111.06", "4. close": "111.27", "5. adjusted close": "110.614790439903", "6. volume": "2401839", "7. dividend amount": "0.0000", "8. split coefficient": "1.0"}, "2025-02-03": {"1. open": "113.85", "2. high": "114.0", "3. low": "110.2", "4. close": "111.99", "5. adjusted close": "111.330550744718", "6. volume": "3221189", "7. dividend amount": "0.0000", "8. split coefficient": "1.0"}, "2025-01-31": {"1. open": "115.0", "2. high": "117.58", "3. low": "114.79", "4. close": "115.38", "5. adjusted close": "114.700588846554", "6. volume": "4237895", "7. dividend amount": "0.0000", "8. split coefficient": "1.0"}, "2025-01-30": {"1. open": "122.17", "2. high": "123.3", "3. low": "121.51", "4. close": "122.75", "5. adjusted close": "122.027190855559", "6. volume": "2774455", "7. dividend amount": "0.0000", "8. split coefficient": "1.0"}, "2025-01-29": {"1. open": "122.0", "2. high": "123.52", "3. low": "121.97", "4. close": "122.38", "5. adjusted close": "121.659369587807", "6. volume": "1969893", "7. dividend amount": "0.0000", "8. split coefficient": "1.0"}, "2025-01-28": {"1. open": "124.08", "2. high": "124.54", "3. low": "122.92", "4. close": "123.01", "5. adjusted close": "122.28565985452", "6. volume": "1497920", "7. dividend amount": "0.0000", "8. split coefficient": "1.0"}, "2025-01-27": {"1. open": "123.39", "2. high": "124.66", "3. low": "122.66", "4. close": "124.29", "5. adjusted close": "123.558122618635", "6. volume": "3090911", "7. dividend amount": "0.0000", "8. split coefficient": "1.0"}, "2025-01-24": {"1. open": "124.12", "2. high": "124.74", "3. low": "122.54", "4. close": "122.78", "5. adjusted close": "122.057014201593", "6. volume": "1731363", "7. dividend amount": "0.0000", "8. split coefficient": "1.0"}, "2025-01-23": {"1. open": "122.84", "2. high": "124.07", "3. low": "122.755", "4. close": "123.48", "5. adjusted close": "122.752892275719", "6. volume": "1433960", "7. dividend amount": "0.0000", "8. split coefficient": "1.0"}, "2025-01-22": {"1. open": "123.09", "2. high": "123.88", "3. low": "122.49", "4. close": "122.87", "5. adjusted close": "122.146484239695", "6. volume": "2028706", "7. dividend amount": "0.0000", "8. split coefficient": "1.0"}, "2025-01-21": {"1. open": "121.3", "2. high": "123.66", "3. low": "121.06", "4. close": "123.37", "5. adjusted close": "122.643540006928", "6. volume": "2267919", "7. dividend amount": "0.0000", "8. split coefficient": "1.0"}, "2025-01-17": {"1. open": "120.09", "2. high": "121.16", "3. low": "119.72", "4. close": "120.24", "5. adjusted close": "119.531970904053", "6. volume": "2686311", "7. dividend amount": "0.0000", "8. split coefficient": "1.0"}, "2025-01-16": {"1. open": "117.37", "2. high": "119.61", "3. low": "117.095", "4. close": "119.6", "5. adjusted close": "118.895739521995", "6. volume": "1443130", "7. dividend amount": "0.0000", "8. split coefficient": "1.0"}, "2025-01-15": {"1. open": "118.86", "2. high": "119.03", "3. low": "116.85", "4. close": "117.57", "5. adjusted close": "116.877693107032", "6. volume": "2021882", "7. dividend amount": "0.0000", "8. split coefficient": "1.0"}, "2025-01-14": {"1. open": "115.25", "2. high": "116.61", "3. low": "115.25", "4. close": "116.53", "5. adjusted close": "115.843817111188", "6. volume": "1891887", "7. dividend amount": "0.0000", "8. split coefficient": "1.0"}, "2025-01-13": {"1. open": "113.52", "2. high": "115.17", "3. low": "113.0", "4. close": "114.8", "5. adjusted close": "114.124004156564", "6. volume": "2115830", "7. dividend amount": "0.0000", "8. split coefficient": "1.0"}, "2025-01-10": {"1. open": "114.2", "2. high": "114.7", "3. low": "113.14", "4. close": "113.18", "5. adjusted close": "112.513543470731", "6. volume": "1475686", "7. dividend amount": "0.0000", "8. split coefficient": "1.0"}, "2025-01-08": {"1. open": "115.16", "2. high": "115.88", "3. low": "113.915", "4. close": "115.69", "5. adjusted close": "115.008763422238", "6. volume": "1394514", "7. dividend amount": "0.0000", "8. split coefficient": "1.0"}, "2025-01-07": {"1. open": "114.86", "2. high": "118.36", "3. low": "114.86", "4. close": "115.86", "5. adjusted close": "115.177762383097", "6. volume": "1988123", "7. dividend amount": "0.0000", "8. split coefficient": "1.0"}, "2025-01-06": {"1. open": "114.62", "2. high": "116.7", "3. low": "114.52", "4. close": "115.07", "5. adjusted close": "114.392414270869", "6. volume": "2741630", "7. dividend amount": "0.0000", "8. split coefficient": "1.0"}, "2025-01-03": {"1. open": "115.2", "2. high": "115.625", "3. low": "113.49", "4. close": "114.27", "5. adjusted close": "113.597125043298", "6. volume": "2285628", "7. dividend amount": "0.0000", "8. split coefficient": "1.0"}, "2025-01-02": {"1. open": "119.09", "2. high": "119.79", "3. low": "115.34", "4. close": "115.42", "5. adjusted close": "114.740353307932", "6. volume": "2692093", "7. dividend amount": "0.0000", "8. split coefficient": "1.0"}, "2024-12-31": {"1. open": "119.59", "2. high": "120.27", "3. low": "118.745", "4. close": "119.45", "5. adjusted close": "118.746622791825", "6. volume": "1052870", "7. dividend amount": "0.0000", "8. split coefficient": "1.0"}, "2024-12-30": {"1. open": "119.55", "2. high": "119.77", "3. low": "118.5", "4. close": "119.09", "5. adjusted close": "118.388742639418", "6. volume": "1813076", "7. dividend amount": "0.0000", "8. split coefficient": "1.0"}, "2024-12-27": {"1. open": "120.42", "2. high": "121.93", "3. low": "119.935", "4. close": "120.38", "5. adjusted close": "119.671146518878", "6. volume": "993129", "7. dividend amount": "0.0000", "8. split coefficient": "1.0"}, "2024-12-26": {"1. open": "120.07", "2. high": "121.369", "3. low": "120.05", "4. close": "121.23", "5. adjusted close": "120.516141323173", "6. volume": "1021620", "7. dividend amount": "0.0000", "8. split coefficient": "1.0"}, "2024-12-24": {"1. open": "120.08", "2. high": "121.23", "3. low": "119.56", "4. close": "120.98", "5. adjusted close": "120.267613439557", "6. volume": "539027", "7. dividend amount": "0.0000", "8. split coefficient": "1.0"}, "2024-12-23": {"1. open": "119.95", "2. high": "120.42", "3. low": "118.83", "4. close": "120.15", "5. adjusted close": "119.442500865951", "6. volume": "1470814", "7. dividend amount": "0.0000", "8. split coefficient": "1.0"}, "2024-12-20": {"1. open": "119.255", "2. high": "121.78", "3. low": "118.58", "4. close": "120.21", "5. adjusted close": "119.502147558019", "6. volume": "3884579", "7. dividend amount": "0.0000", "8. split coefficient": "1.0"}, "2024-12-19": {"1. open": "120.97", "2. high": "122.0", "3. low": "119.4105", "4. close": "119.52", "5. adjusted close": "118.816210599238", "6. volume": "3493546", "7. dividend amount": "0.0000", "8. split coefficient": "1.0"}, "2024-12-18": {"1. open": "122.02", "2. high": "124.81", "3. low": "121.22", "4. close": "121.25", "5. adjusted close": "120.536023553862", "6. volume": "3589478", "7. dividend amount": "0.0000", "8. split coefficient": "1.0"}, "2024-12-17": {"1. open": "122.035", "2. high": "123.07", "3. low": "121.25", "4. close": "122.06", "5. adjusted close": "121.341253896779", "6. volume": "2081757", "7. dividend amount": "0.0000", "8. split coefficient": "1.0"}, "2024-12-16": {"1. open": "123.35", "2. high": "124.87", "3. low": "122.63", "4. close": "122.64", "5. adjusted close": "121.917838586768", "6. volume": "1963818", "7. dividend amount": "0.0000", "8. split coefficient": "1.0"}, "2024-12-13": {"1. open": "123.26", "2. high": "124.29", "3. low": "122.18", "4. close": "124.17", "5. adjusted close": "123.438829234499", "6. volume": "2277567", "7. dividend amount": "0.0000", "8. split coefficient": "1.0"}, "2024-12-12": {"1. open": "122.45", "2. high": "124.1", "3. low": "122.45", "4. close": "124.02", "5. adjusted close": "123.28971250433", "6. volume": "1717313", "7. dividend amount": "0.0000", "8. split coefficient": "1.0"}, "2024-12-11": {"1. open": "125.53", "2. high": "125.705", "3. low": "122.45", "4. close": "122.59", "5. adjusted close": "121.868133010045", "6. volume": "2087530", "7. dividend amount": "0.0000", "8. split coefficient": "1.0"}, "2024-12-10": {"1. open": "126.53", "2. high": "126.53", "3. low": "123.5124", "4. close": "125.42", "5. adjusted close": "124.681468652581", "6. volume": "2139467", "7. dividend amount": "0.0000", "8. split coefficient": "1.0"}, "2024-12-09": {"1. open": "126.25", "2. high": "130.05", "3. low": "125.85", "4. close": "126.86", "5. adjusted close": "126.11298926221", "6. volume": "3125592", "7. dividend amount": "0.0000", "8. split coefficient": "1.0"}, "2024-12-06": {"1. open": "126.35", "2. high": "126.75", "3. low": "124.52", "4. close": "125.57", "5. adjusted close": "124.83058538275", "6. volume": "2500559", "7. dividend amount": "0.0000", "8. split coefficient": "1.0"}, "2024-12-05": {"1. open": "127.01", "2. high": "127.01", "3. low": "124.31", "4. close": "125.5", "5. adjusted close": "124.760997575338", "6. volume": "3389713", "7. dividend amount": "0.0000", "8. split coefficient": "1.0"}, "2024-12-04": {"1. open": "125.29", "2. high": "127.04", "3. low": "125.29", "4. close": "126.83", "5. adjusted close": "126.083165916176", "6. volume": "3088918", "7. dividend amount": "0.0000", "8. split coefficient": "1.0"}, "2024-12-03": {"1. open": "126.05", "2. high": "126.75", "3. low": "124.75", "4. close": "126.18", "5. adjusted close": "125.436993418774", "6. volume": "2536600", "7. dividend amount": "0.0000", "8. split coefficient": "1.0"}, "2024-12-02": {"1. open": "124.5", "2. high": "126.19", "3. low": "123.85", "4. close": "125.97", "5. adjusted close": "125.228229996536", "6. volume": "1993807", "7. dividend amount": "0.0000", "8. split coefficient": "1.0"}, "2024-11-29": {"1. open": "123.24", "2. high": "124.54", "3. low": "123.19", "4. close": "124.37", "5. adjusted close": "123.637651541392", "6. volume": "770069", "7. dividend amount": "0.0000", "8. split coefficient": "1.0"}, "2024-11-27": {"1. open": "123.3", "2. high": "125.0472", "3. low": "123.23", "4. close": "123.45", "5. adjusted close": "122.723068929685", "6. volume": "984876", "7. dividend amount": "0.0000", "8. split coefficient": "1.0"}, "2024-11-26": {"1. open": "124.46", "2. high": "125.205", "3. low": "122.925", "4. close": "123.35", "5. adjusted close": "122.623657776238", "6. volume": "979969", "7. dividend amount": "0.0000", "8. split coefficient": "1.0"}, "2024-11-25": {"1. open": "123.68", "2. high": "126.09", "3. low": "123.16", "4. close": "125.79", "5. adjusted close": "125.049289920333", "6. volume": "1940448", "7. dividend amount": "0.0000", "8. split coefficient": "1.0"}}}