{"Symbol": "WDC", "AssetType": "Common Stock", "Name": "Western Digital Corporation", "Description": "Western Digital Corporation (WDC, commonly known as Western Digital or WD) is an American computer hard disk drive manufacturer and data storage company, headquartered in San Jose, California. It designs, manufactures and sells data technology products, including storage devices, data center systems and cloud storage services.", "CIK": "106040", "Exchange": "NASDAQ", "Currency": "USD", "Country": "USA", "Sector": "TECHNOLOGY", "Industry": "COMPUTER STORAGE DEVICES", "Address": "5601 GREAT OAKS PARKWAY, SAN JOSE, CA, US", "OfficialSite": "https://www.westerndigital.com", "FiscalYearEnd": "June", "LatestQuarter": "2024-12-31", "MarketCapitalization": "12758184000", "EBITDA": "2996000000", "PERatio": "10.6", "PEGRatio": "490.33", "BookValue": "34.82", "DividendPerShare": "None", "DividendYield": "None", "EPS": "3.46", "RevenuePerShareTTM": "46.36", "ProfitMargin": "0.0808", "OperatingMarginTTM": "0.154", "ReturnOnAssetsTTM": "0.0618", "ReturnOnEquityTTM": "0.108", "RevenueTTM": "15601000000", "GrossProfitTTM": "5403000000", "DilutedEPSTTM": "3.46", "QuarterlyEarningsGrowthYOY": "-0.959", "QuarterlyRevenueGrowthYOY": "-0.41", "AnalystTargetPrice": "64.02", "AnalystRatingStrongBuy": "3", "AnalystRatingBuy": "13", "AnalystRatingHold": "8", "AnalystRatingSell": "0", "AnalystRatingStrongSell": "0", "TrailingPE": "10.6", "ForwardPE": "7.33", "PriceToSalesRatioTTM": "0.818", "PriceToBookRatio": "1.032", "EVToRevenue": "1.142", "EVToEBITDA": "6.89", "Beta": "1.441", "52WeekHigh": "61.64", "52WeekLow": "28.83", "50DayMovingAverage": "43.12", "200DayMovingAverage": "48.27", "SharesOutstanding": "347824000", "DividendDate": "2020-04-17", "ExDividendDate": "2020-04-02"}