{"Symbol": "WEC", "AssetType": "Common Stock", "Name": "WEC Energy Group Inc", "Description": "WEC Energy Group, based in Milwaukee, Wisconsin, provides electricity and natural gas to 4.4 million customers across four states.", "CIK": "783325", "Exchange": "NYSE", "Currency": "USD", "Country": "USA", "Sector": "ENERGY & TRANSPORTATION", "Industry": "ELECTRIC & OTHER SERVICES COMBINED", "Address": "231 W MICHIGAN ST, P O BOX 1331, MILWAUKEE, WI, US", "OfficialSite": "https://www.wecenergygroup.com", "FiscalYearEnd": "December", "LatestQuarter": "2024-12-31", "MarketCapitalization": "35287732000", "EBITDA": "3435700000", "PERatio": "22.59", "PEGRatio": "2.612", "BookValue": "39.02", "DividendPerShare": "3.34", "DividendYield": "0.0334", "EPS": "4.83", "RevenuePerShareTTM": "27.2", "ProfitMargin": "0.178", "OperatingMarginTTM": "0.209", "ReturnOnAssetsTTM": "0.0285", "ReturnOnEquityTTM": "0.122", "RevenueTTM": "8599900000", "GrossProfitTTM": "3791700000", "DilutedEPSTTM": "4.83", "QuarterlyEarningsGrowthYOY": "1.062", "QuarterlyRevenueGrowthYOY": "0.03", "AnalystTargetPrice": "105.27", "AnalystRatingStrongBuy": "2", "AnalystRatingBuy": "4", "AnalystRatingHold": "11", "AnalystRatingSell": "0", "AnalystRatingStrongSell": "1", "TrailingPE": "22.59", "ForwardPE": "20.37", "PriceToSalesRatioTTM": "4.103", "PriceToBookRatio": "2.753", "EVToRevenue": "6.33", "EVToEBITDA": "13.91", "Beta": "0.43", "52WeekHigh": "111", "52WeekLow": "75.44", "50DayMovingAverage": "105.74", "200DayMovingAverage": "96.71", "SharesOutstanding": "319089000", "DividendDate": "2025-06-01", "ExDividendDate": "2025-05-14"}