{"Symbol": "PEG", "AssetType": "Common Stock", "Name": "Public Service Enterprise Group Inc", "Description": "The Public Service Enterprise Group (PSEG) is a publicly traded diversified energy company headquartered in Newark, New Jersey.", "CIK": "788784", "Exchange": "NYSE", "Currency": "USD", "Country": "USA", "Sector": "ENERGY & TRANSPORTATION", "Industry": "ELECTRIC & OTHER SERVICES COMBINED", "Address": "CORPORATE ACCOUNTING SERVICES, 80 PARK PLAZA, 9TH FLOOR, NEWARK, NJ, US", "OfficialSite": "https://investor.pseg.com/home/default.aspx", "FiscalYearEnd": "December", "LatestQuarter": "2024-12-31", "MarketCapitalization": "41560060000", "EBITDA": "3805000000", "PERatio": "23.16", "PEGRatio": "2.477", "BookValue": "32.36", "DividendPerShare": "2.4", "DividendYield": "0.0307", "EPS": "3.54", "RevenuePerShareTTM": "20.66", "ProfitMargin": "0.172", "OperatingMarginTTM": "0.19", "ReturnOnAssetsTTM": "0.0289", "ReturnOnEquityTTM": "0.112", "RevenueTTM": "10290000000", "GrossProfitTTM": "3541000000", "DilutedEPSTTM": "3.54", "QuarterlyEarningsGrowthYOY": "-0.48", "QuarterlyRevenueGrowthYOY": "-0.054", "AnalystTargetPrice": "87.32", "AnalystRatingStrongBuy": "2", "AnalystRatingBuy": "7", "AnalystRatingHold": "10", "AnalystRatingSell": "0", "AnalystRatingStrongSell": "1", "TrailingPE": "23.16", "ForwardPE": "20.08", "PriceToSalesRatioTTM": "4.039", "PriceToBookRatio": "2.859", "EVToRevenue": "6.01", "EVToEBITDA": "15.32", "Beta": "0.544", "52WeekHigh": "93.82", "52WeekLow": "64.58", "50DayMovingAverage": "81.96", "200DayMovingAverage": "83.9", "SharesOutstanding": "498561000", "DividendDate": "2025-03-31", "ExDividendDate": "2025-03-10"}