{"Meta Data": {"1. Information": "Daily Time Series with Splits and Dividend Events", "2. Symbol": "SNPS", "3. Last Refreshed": "2025-04-22", "4. Output Size": "Compact", "5. Time Zone": "US/Eastern"}, "Time Series (Daily)": {"2025-04-22": {"1. open": "407.69", "2. high": "417.16", "3. low": "402.855", "4. close": "413.4", "5. adjusted close": "413.4", "6. volume": "946540", "7. dividend amount": "0.0000", "8. split coefficient": "1.0"}, "2025-04-21": {"1. open": "406.26", "2. high": "407.29", "3. low": "396.03", "4. close": "402.36", "5. adjusted close": "402.36", "6. volume": "901557", "7. dividend amount": "0.0000", "8. split coefficient": "1.0"}, "2025-04-17": {"1. open": "421.38", "2. high": "421.78", "3. low": "412.1", "4. close": "413.32", "5. adjusted close": "413.32", "6. volume": "1002463", "7. dividend amount": "0.0000", "8. split coefficient": "1.0"}, "2025-04-16": {"1. open": "416.19", "2. high": "423.56", "3. low": "408.62", "4. close": "415.65", "5. adjusted close": "415.65", "6. volume": "1064375", "7. dividend amount": "0.0000", "8. split coefficient": "1.0"}, "2025-04-15": {"1. open": "423.09", "2. high": "430.32", "3. low": "422.2283", "4. close": "425.65", "5. adjusted close": "425.65", "6. volume": "1016070", "7. dividend amount": "0.0000", "8. split coefficient": "1.0"}, "2025-04-14": {"1. open": "428.9", "2. high": "430.55", "3. low": "416.0", "4. close": "421.98", "5. adjusted close": "421.98", "6. volume": "1119621", "7. dividend amount": "0.0000", "8. split coefficient": "1.0"}, "2025-04-11": {"1. open": "407.07", "2. high": "425.705", "3. low": "402.8301", "4. close": "421.21", "5. adjusted close": "421.21", "6. volume": "1745748", "7. dividend amount": "0.0000", "8. split coefficient": "1.0"}, "2025-04-10": {"1. open": "415.32", "2. high": "417.73", "3. low": "391.61", "4. close": "406.89", "5. adjusted close": "406.89", "6. volume": "1537660", "7. dividend amount": "0.0000", "8. split coefficient": "1.0"}, "2025-04-09": {"1. open": "380.88", "2. high": "432.54", "3. low": "375.97", "4. close": "428.7", "5. adjusted close": "428.7", "6. volume": "2146094", "7. dividend amount": "0.0000", "8. split coefficient": "1.0"}, "2025-04-08": {"1. open": "391.39", "2. high": "403.19", "3. low": "376.23", "4. close": "381.59", "5. adjusted close": "381.59", "6. volume": "2191495", "7. dividend amount": "0.0000", "8. split coefficient": "1.0"}, "2025-04-07": {"1. open": "375.96", "2. high": "402.0", "3. low": "365.74", "4. close": "380.9", "5. adjusted close": "380.9", "6. volume": "3060221", "7. dividend amount": "0.0000", "8. split coefficient": "1.0"}, "2025-04-04": {"1. open": "402.995", "2. high": "408.94", "3. low": "387.41", "4. close": "388.13", "5. adjusted close": "388.13", "6. volume": "2513548", "7. dividend amount": "0.0000", "8. split coefficient": "1.0"}, "2025-04-03": {"1. open": "417.68", "2. high": "421.125", "3. low": "404.0777", "4. close": "417.76", "5. adjusted close": "417.76", "6. volume": "2133561", "7. dividend amount": "0.0000", "8. split coefficient": "1.0"}, "2025-04-02": {"1. open": "426.16", "2. high": "443.62", "3. low": "425.0", "4. close": "438.55", "5. adjusted close": "438.55", "6. volume": "1111152", "7. dividend amount": "0.0000", "8. split coefficient": "1.0"}, "2025-04-01": {"1. open": "430.11", "2. high": "436.72", "3. low": "423.17", "4. close": "435.94", "5. adjusted close": "435.94", "6. volume": "986032", "7. dividend amount": "0.0000", "8. split coefficient": "1.0"}, "2025-03-31": {"1. open": "429.02", "2. high": "431.685", "3. low": "423.0827", "4. close": "428.85", "5. adjusted close": "428.85", "6. volume": "1371426", "7. dividend amount": "0.0000", "8. split coefficient": "1.0"}, "2025-03-28": {"1. open": "446.92", "2. high": "448.05", "3. low": "437.06", "4. close": "437.95", "5. adjusted close": "437.95", "6. volume": "941719", "7. dividend amount": "0.0000", "8. split coefficient": "1.0"}, "2025-03-27": {"1. open": "445.48", "2. high": "450.58", "3. low": "440.43", "4. close": "446.23", "5. adjusted close": "446.23", "6. volume": "699038", "7. dividend amount": "0.0000", "8. split coefficient": "1.0"}, "2025-03-26": {"1. open": "454.35", "2. high": "460.435", "3. low": "447.11", "4. close": "449.9", "5. adjusted close": "449.9", "6. volume": "749428", "7. dividend amount": "0.0000", "8. split coefficient": "1.0"}, "2025-03-25": {"1. open": "457.43", "2. high": "458.6406", "3. low": "453.7136", "4. close": "457.23", "5. adjusted close": "457.23", "6. volume": "759070", "7. dividend amount": "0.0000", "8. split coefficient": "1.0"}, "2025-03-24": {"1. open": "456.82", "2. high": "464.22", "3. low": "455.54", "4. close": "457.77", "5. adjusted close": "457.77", "6. volume": "974226", "7. dividend amount": "0.0000", "8. split coefficient": "1.0"}, "2025-03-21": {"1. open": "441.2", "2. high": "454.61", "3. low": "438.12", "4. close": "448.6", "5. adjusted close": "448.6", "6. volume": "3362302", "7. dividend amount": "0.0000", "8. split coefficient": "1.0"}, "2025-03-20": {"1. open": "446.89", "2. high": "453.9307", "3. low": "443.19", "4. close": "449.99", "5. adjusted close": "449.99", "6. volume": "810419", "7. dividend amount": "0.0000", "8. split coefficient": "1.0"}, "2025-03-19": {"1. open": "447.18", "2. high": "455.49", "3. low": "440.82", "4. close": "450.28", "5. adjusted close": "450.28", "6. volume": "1108452", "7. dividend amount": "0.0000", "8. split coefficient": "1.0"}, "2025-03-18": {"1. open": "448.81", "2. high": "454.59", "3. low": "445.02", "4. close": "447.99", "5. adjusted close": "447.99", "6. volume": "1020147", "7. dividend amount": "0.0000", "8. split coefficient": "1.0"}, "2025-03-17": {"1. open": "445.0", "2. high": "460.8099", "3. low": "440.0", "4. close": "453.51", "5. adjusted close": "453.51", "6. volume": "1489154", "7. dividend amount": "0.0000", "8. split coefficient": "1.0"}, "2025-03-14": {"1. open": "433.05", "2. high": "447.98", "3. low": "433.05", "4. close": "446.23", "5. adjusted close": "446.23", "6. volume": "1118161", "7. dividend amount": "0.0000", "8. split coefficient": "1.0"}, "2025-03-13": {"1. open": "431.63", "2. high": "439.435", "3. low": "425.73", "4. close": "428.58", "5. adjusted close": "428.58", "6. volume": "1541581", "7. dividend amount": "0.0000", "8. split coefficient": "1.0"}, "2025-03-12": {"1. open": "442.23", "2. high": "449.74", "3. low": "431.85", "4. close": "432.46", "5. adjusted close": "432.46", "6. volume": "1900097", "7. dividend amount": "0.0000", "8. split coefficient": "1.0"}, "2025-03-11": {"1. open": "431.03", "2. high": "440.52", "3. low": "427.73", "4. close": "430.68", "5. adjusted close": "430.68", "6. volume": "1588508", "7. dividend amount": "0.0000", "8. split coefficient": "1.0"}, "2025-03-10": {"1. open": "437.4", "2. high": "441.58", "3. low": "427.3", "4. close": "429.85", "5. adjusted close": "429.85", "6. volume": "1709669", "7. dividend amount": "0.0000", "8. split coefficient": "1.0"}, "2025-03-07": {"1. open": "443.26", "2. high": "452.5424", "3. low": "433.5", "4. close": "450.88", "5. adjusted close": "450.88", "6. volume": "1119376", "7. dividend amount": "0.0000", "8. split coefficient": "1.0"}, "2025-03-06": {"1. open": "439.0", "2. high": "450.36", "3. low": "435.84", "4. close": "445.73", "5. adjusted close": "445.73", "6. volume": "1524673", "7. dividend amount": "0.0000", "8. split coefficient": "1.0"}, "2025-03-05": {"1. open": "437.32", "2. high": "451.29", "3. low": "433.91", "4. close": "447.96", "5. adjusted close": "447.96", "6. volume": "1274126", "7. dividend amount": "0.0000", "8. split coefficient": "1.0"}, "2025-03-04": {"1. open": "440.37", "2. high": "451.97", "3. low": "429.77", "4. close": "445.47", "5. adjusted close": "445.47", "6. volume": "1641296", "7. dividend amount": "0.0000", "8. split coefficient": "1.0"}, "2025-03-03": {"1. open": "463.57", "2. high": "467.7316", "3. low": "442.29", "4. close": "443.26", "5. adjusted close": "443.26", "6. volume": "2102310", "7. dividend amount": "0.0000", "8. split coefficient": "1.0"}, "2025-02-28": {"1. open": "462.29", "2. high": "463.48", "3. low": "448.11", "4. close": "457.28", "5. adjusted close": "457.28", "6. volume": "1581756", "7. dividend amount": "0.0000", "8. split coefficient": "1.0"}, "2025-02-27": {"1. open": "481.5", "2. high": "488.0", "3. low": "454.05", "4. close": "454.71", "5. adjusted close": "454.71", "6. volume": "2037308", "7. dividend amount": "0.0000", "8. split coefficient": "1.0"}, "2025-02-26": {"1. open": "465.0", "2. high": "476.705", "3. low": "462.245", "4. close": "470.46", "5. adjusted close": "470.46", "6. volume": "1540316", "7. dividend amount": "0.0000", "8. split coefficient": "1.0"}, "2025-02-25": {"1. open": "467.64", "2. high": "469.27", "3. low": "457.0", "4. close": "457.95", "5. adjusted close": "457.95", "6. volume": "1867314", "7. dividend amount": "0.0000", "8. split coefficient": "1.0"}, "2025-02-24": {"1. open": "479.28", "2. high": "481.13", "3. low": "465.0", "4. close": "470.08", "5. adjusted close": "470.08", "6. volume": "1373967", "7. dividend amount": "0.0000", "8. split coefficient": "1.0"}, "2025-02-21": {"1. open": "493.74", "2. high": "493.74", "3. low": "472.74", "4. close": "474.84", "5. adjusted close": "474.84", "6. volume": "1371042", "7. dividend amount": "0.0000", "8. split coefficient": "1.0"}, "2025-02-20": {"1. open": "502.41", "2. high": "505.17", "3. low": "493.48", "4. close": "493.97", "5. adjusted close": "493.97", "6. volume": "1271057", "7. dividend amount": "0.0000", "8. split coefficient": "1.0"}, "2025-02-19": {"1. open": "521.27", "2. high": "521.27", "3. low": "486.57", "4. close": "500.98", "5. adjusted close": "500.98", "6. volume": "2417929", "7. dividend amount": "0.0000", "8. split coefficient": "1.0"}, "2025-02-18": {"1. open": "527.96", "2. high": "528.0", "3. low": "516.065", "4. close": "525.0", "5. adjusted close": "525.0", "6. volume": "1119013", "7. dividend amount": "0.0000", "8. split coefficient": "1.0"}, "2025-02-14": {"1. open": "527.36", "2. high": "527.66", "3. low": "519.41", "4. close": "522.53", "5. adjusted close": "522.53", "6. volume": "943782", "7. dividend amount": "0.0000", "8. split coefficient": "1.0"}, "2025-02-13": {"1. open": "509.71", "2. high": "529.37", "3. low": "508.31", "4. close": "528.29", "5. adjusted close": "528.29", "6. volume": "1049392", "7. dividend amount": "0.0000", "8. split coefficient": "1.0"}, "2025-02-12": {"1. open": "513.58", "2. high": "517.72", "3. low": "507.95", "4. close": "509.71", "5. adjusted close": "509.71", "6. volume": "979955", "7. dividend amount": "0.0000", "8. split coefficient": "1.0"}, "2025-02-11": {"1. open": "526.81", "2. high": "530.03", "3. low": "524.58", "4. close": "529.14", "5. adjusted close": "529.14", "6. volume": "431565", "7. dividend amount": "0.0000", "8. split coefficient": "1.0"}, "2025-02-10": {"1. open": "527.85", "2. high": "536.21", "3. low": "526.2675", "4. close": "531.33", "5. adjusted close": "531.33", "6. volume": "769141", "7. dividend amount": "0.0000", "8. split coefficient": "1.0"}, "2025-02-07": {"1. open": "536.0", "2. high": "545.65", "3. low": "522.0", "4. close": "525.82", "5. adjusted close": "525.82", "6. volume": "703270", "7. dividend amount": "0.0000", "8. split coefficient": "1.0"}, "2025-02-06": {"1. open": "530.99", "2. high": "536.04", "3. low": "528.88", "4. close": "533.18", "5. adjusted close": "533.18", "6. volume": "683793", "7. dividend amount": "0.0000", "8. split coefficient": "1.0"}, "2025-02-05": {"1. open": "524.57", "2. high": "529.64", "3. low": "515.79", "4. close": "528.42", "5. adjusted close": "528.42", "6. volume": "547719", "7. dividend amount": "0.0000", "8. split coefficient": "1.0"}, "2025-02-04": {"1. open": "516.91", "2. high": "524.345", "3. low": "514.82", "4. close": "523.88", "5. adjusted close": "523.88", "6. volume": "859649", "7. dividend amount": "0.0000", "8. split coefficient": "1.0"}, "2025-02-03": {"1. open": "511.69", "2. high": "526.11", "3. low": "510.0", "4. close": "520.25", "5. adjusted close": "520.25", "6. volume": "765361", "7. dividend amount": "0.0000", "8. split coefficient": "1.0"}, "2025-01-31": {"1. open": "528.26", "2. high": "533.98", "3. low": "523.47", "4. close": "525.48", "5. adjusted close": "525.48", "6. volume": "1095262", "7. dividend amount": "0.0000", "8. split coefficient": "1.0"}, "2025-01-30": {"1. open": "515.9", "2. high": "528.1519", "3. low": "515.74", "4. close": "526.36", "5. adjusted close": "526.36", "6. volume": "741343", "7. dividend amount": "0.0000", "8. split coefficient": "1.0"}, "2025-01-29": {"1. open": "523.61", "2. high": "523.96", "3. low": "511.217", "4. close": "512.71", "5. adjusted close": "512.71", "6. volume": "891711", "7. dividend amount": "0.0000", "8. split coefficient": "1.0"}, "2025-01-28": {"1. open": "510.2", "2. high": "527.84", "3. low": "504.0", "4. close": "526.12", "5. adjusted close": "526.12", "6. volume": "1606526", "7. dividend amount": "0.0000", "8. split coefficient": "1.0"}, "2025-01-27": {"1. open": "523.28", "2. high": "530.0", "3. low": "502.1915", "4. close": "510.73", "5. adjusted close": "510.73", "6. volume": "1840160", "7. dividend amount": "0.0000", "8. split coefficient": "1.0"}, "2025-01-24": {"1. open": "552.89", "2. high": "553.27", "3. low": "542.145", "4. close": "546.19", "5. adjusted close": "546.19", "6. volume": "880537", "7. dividend amount": "0.0000", "8. split coefficient": "1.0"}, "2025-01-23": {"1. open": "540.76", "2. high": "556.31", "3. low": "537.87", "4. close": "551.54", "5. adjusted close": "551.54", "6. volume": "1524635", "7. dividend amount": "0.0000", "8. split coefficient": "1.0"}, "2025-01-22": {"1. open": "531.21", "2. high": "547.401", "3. low": "531.21", "4. close": "544.7", "5. adjusted close": "544.7", "6. volume": "1091938", "7. dividend amount": "0.0000", "8. split coefficient": "1.0"}, "2025-01-21": {"1. open": "532.0", "2. high": "535.48", "3. low": "527.07", "4. close": "529.75", "5. adjusted close": "529.75", "6. volume": "1193624", "7. dividend amount": "0.0000", "8. split coefficient": "1.0"}, "2025-01-17": {"1. open": "529.23", "2. high": "529.95", "3. low": "523.88", "4. close": "526.7", "5. adjusted close": "526.7", "6. volume": "1240805", "7. dividend amount": "0.0000", "8. split coefficient": "1.0"}, "2025-01-16": {"1. open": "512.25", "2. high": "523.88", "3. low": "508.38", "4. close": "515.81", "5. adjusted close": "515.81", "6. volume": "1160189", "7. dividend amount": "0.0000", "8. split coefficient": "1.0"}, "2025-01-15": {"1. open": "501.46", "2. high": "510.95", "3. low": "501.28", "4. close": "507.19", "5. adjusted close": "507.19", "6. volume": "1129226", "7. dividend amount": "0.0000", "8. split coefficient": "1.0"}, "2025-01-14": {"1. open": "492.66", "2. high": "494.78", "3. low": "484.66", "4. close": "490.36", "5. adjusted close": "490.36", "6. volume": "833524", "7. dividend amount": "0.0000", "8. split coefficient": "1.0"}, "2025-01-13": {"1. open": "489.08", "2. high": "493.395", "3. low": "485.21", "4. close": "487.43", "5. adjusted close": "487.43", "6. volume": "891345", "7. dividend amount": "0.0000", "8. split coefficient": "1.0"}, "2025-01-10": {"1. open": "496.89", "2. high": "498.33", "3. low": "485.11", "4. close": "492.54", "5. adjusted close": "492.54", "6. volume": "1281719", "7. dividend amount": "0.0000", "8. split coefficient": "1.0"}, "2025-01-08": {"1. open": "491.42", "2. high": "502.79", "3. low": "490.41", "4. close": "502.0", "5. adjusted close": "502.0", "6. volume": "1266796", "7. dividend amount": "0.0000", "8. split coefficient": "1.0"}, "2025-01-07": {"1. open": "501.59", "2. high": "502.785", "3. low": "485.79", "4. close": "487.62", "5. adjusted close": "487.62", "6. volume": "1213045", "7. dividend amount": "0.0000", "8. split coefficient": "1.0"}, "2025-01-06": {"1. open": "499.66", "2. high": "509.09", "3. low": "498.22", "4. close": "501.06", "5. adjusted close": "501.06", "6. volume": "881501", "7. dividend amount": "0.0000", "8. split coefficient": "1.0"}, "2025-01-03": {"1. open": "488.22", "2. high": "494.88", "3. low": "485.35", "4. close": "493.71", "5. adjusted close": "493.71", "6. volume": "786627", "7. dividend amount": "0.0000", "8. split coefficient": "1.0"}, "2025-01-02": {"1. open": "494.04", "2. high": "494.53", "3. low": "479.0", "4. close": "482.75", "5. adjusted close": "482.75", "6. volume": "808410", "7. dividend amount": "0.0000", "8. split coefficient": "1.0"}, "2024-12-31": {"1. open": "487.7", "2. high": "489.055", "3. low": "483.56", "4. close": "485.36", "5. adjusted close": "485.36", "6. volume": "628295", "7. dividend amount": "0.0000", "8. split coefficient": "1.0"}, "2024-12-30": {"1. open": "485.99", "2. high": "491.555", "3. low": "478.842", "4. close": "486.74", "5. adjusted close": "486.74", "6. volume": "657984", "7. dividend amount": "0.0000", "8. split coefficient": "1.0"}, "2024-12-27": {"1. open": "490.85", "2. high": "495.2", "3. low": "485.07", "4. close": "490.91", "5. adjusted close": "490.91", "6. volume": "654839", "7. dividend amount": "0.0000", "8. split coefficient": "1.0"}, "2024-12-26": {"1. open": "495.15", "2. high": "500.8299", "3. low": "494.76", "4. close": "495.82", "5. adjusted close": "495.82", "6. volume": "542270", "7. dividend amount": "0.0000", "8. split coefficient": "1.0"}, "2024-12-24": {"1. open": "494.235", "2. high": "500.505", "3. low": "492.2", "4. close": "500.16", "5. adjusted close": "500.16", "6. volume": "426471", "7. dividend amount": "0.0000", "8. split coefficient": "1.0"}, "2024-12-23": {"1. open": "493.92", "2. high": "507.95", "3. low": "488.66", "4. close": "492.58", "5. adjusted close": "492.58", "6. volume": "1127128", "7. dividend amount": "0.0000", "8. split coefficient": "1.0"}, "2024-12-20": {"1. open": "486.82", "2. high": "501.555", "3. low": "483.498", "4. close": "492.18", "5. adjusted close": "492.18", "6. volume": "2198792", "7. dividend amount": "0.0000", "8. split coefficient": "1.0"}, "2024-12-19": {"1. open": "502.39", "2. high": "509.98", "3. low": "493.01", "4. close": "493.35", "5. adjusted close": "493.35", "6. volume": "1133010", "7. dividend amount": "0.0000", "8. split coefficient": "1.0"}, "2024-12-18": {"1. open": "512.73", "2. high": "519.43", "3. low": "492.25", "4. close": "494.43", "5. adjusted close": "494.43", "6. volume": "1098884", "7. dividend amount": "0.0000", "8. split coefficient": "1.0"}, "2024-12-17": {"1. open": "520.35", "2. high": "524.73", "3. low": "510.98", "4. close": "511.87", "5. adjusted close": "511.87", "6. volume": "1444802", "7. dividend amount": "0.0000", "8. split coefficient": "1.0"}, "2024-12-16": {"1. open": "507.39", "2. high": "525.33", "3. low": "505.5", "4. close": "522.11", "5. adjusted close": "522.11", "6. volume": "1319497", "7. dividend amount": "0.0000", "8. split coefficient": "1.0"}, "2024-12-13": {"1. open": "507.75", "2. high": "516.0", "3. low": "499.25", "4. close": "508.28", "5. adjusted close": "508.28", "6. volume": "1215481", "7. dividend amount": "0.0000", "8. split coefficient": "1.0"}, "2024-12-12": {"1. open": "512.05", "2. high": "514.98", "3. low": "508.08", "4. close": "511.73", "5. adjusted close": "511.73", "6. volume": "729625", "7. dividend amount": "0.0000", "8. split coefficient": "1.0"}, "2024-12-11": {"1. open": "511.35", "2. high": "515.87", "3. low": "509.36", "4. close": "512.06", "5. adjusted close": "512.06", "6. volume": "1005276", "7. dividend amount": "0.0000", "8. split coefficient": "1.0"}, "2024-12-10": {"1. open": "505.0", "2. high": "507.6499", "3. low": "495.4", "4. close": "505.32", "5. adjusted close": "505.32", "6. volume": "1784969", "7. dividend amount": "0.0000", "8. split coefficient": "1.0"}, "2024-12-09": {"1. open": "515.29", "2. high": "517.7099", "3. low": "504.8", "4. close": "508.49", "5. adjusted close": "508.49", "6. volume": "1896439", "7. dividend amount": "0.0000", "8. split coefficient": "1.0"}, "2024-12-06": {"1. open": "518.85", "2. high": "529.8", "3. low": "515.68", "4. close": "517.28", "5. adjusted close": "517.28", "6. volume": "2336524", "7. dividend amount": "0.0000", "8. split coefficient": "1.0"}, "2024-12-05": {"1. open": "544.52", "2. high": "558.87", "3. low": "513.0915", "4. close": "515.29", "5. adjusted close": "515.29", "6. volume": "5081488", "7. dividend amount": "0.0000", "8. split coefficient": "1.0"}, "2024-12-04": {"1. open": "580.0", "2. high": "592.99", "3. low": "577.77", "4. close": "588.0", "5. adjusted close": "588.0", "6. volume": "1845836", "7. dividend amount": "0.0000", "8. split coefficient": "1.0"}, "2024-12-03": {"1. open": "560.36", "2. high": "570.79", "3. low": "559.21", "4. close": "570.19", "5. adjusted close": "570.19", "6. volume": "765699", "7. dividend amount": "0.0000", "8. split coefficient": "1.0"}, "2024-12-02": {"1. open": "555.93", "2. high": "566.94", "3. low": "554.84", "4. close": "565.93", "5. adjusted close": "565.93", "6. volume": "742639", "7. dividend amount": "0.0000", "8. split coefficient": "1.0"}, "2024-11-29": {"1. open": "548.14", "2. high": "565.27", "3. low": "547.17", "4. close": "558.49", "5. adjusted close": "558.49", "6. volume": "598563", "7. dividend amount": "0.0000", "8. split coefficient": "1.0"}, "2024-11-27": {"1. open": "552.73", "2. high": "552.73", "3. low": "542.8901", "4. close": "547.74", "5. adjusted close": "547.74", "6. volume": "771595", "7. dividend amount": "0.0000", "8. split coefficient": "1.0"}, "2024-11-26": {"1. open": "562.65", "2. high": "562.81", "3. low": "549.58", "4. close": "553.95", "5. adjusted close": "553.95", "6. volume": "767734", "7. dividend amount": "0.0000", "8. split coefficient": "1.0"}, "2024-11-25": {"1. open": "569.41", "2. high": "570.275", "3. low": "557.62", "4. close": "561.87", "5. adjusted close": "561.87", "6. volume": "918776", "7. dividend amount": "0.0000", "8. split coefficient": "1.0"}}}