{"Meta Data": {"1. Information": "Daily Time Series with Splits and Dividend Events", "2. Symbol": "WM", "3. Last Refreshed": "2025-04-22", "4. Output Size": "Compact", "5. Time Zone": "US/Eastern"}, "Time Series (Daily)": {"2025-04-22": {"1. open": "228.25", "2. high": "231.9", "3. low": "227.59", "4. close": "229.96", "5. adjusted close": "229.96", "6. volume": "1868869", "7. dividend amount": "0.0000", "8. split coefficient": "1.0"}, "2025-04-21": {"1. open": "230.78", "2. high": "231.23", "3. low": "224.29", "4. close": "227.57", "5. adjusted close": "227.57", "6. volume": "1447615", "7. dividend amount": "0.0000", "8. split coefficient": "1.0"}, "2025-04-17": {"1. open": "229.86", "2. high": "232.56", "3. low": "229.29", "4. close": "230.91", "5. adjusted close": "230.91", "6. volume": "1372335", "7. dividend amount": "0.0000", "8. split coefficient": "1.0"}, "2025-04-16": {"1. open": "232.62", "2. high": "233.13", "3. low": "228.4623", "4. close": "229.57", "5. adjusted close": "229.57", "6. volume": "1795157", "7. dividend amount": "0.0000", "8. split coefficient": "1.0"}, "2025-04-15": {"1. open": "233.38", "2. high": "233.89", "3. low": "231.1", "4. close": "231.48", "5. adjusted close": "231.48", "6. volume": "1323973", "7. dividend amount": "0.0000", "8. split coefficient": "1.0"}, "2025-04-14": {"1. open": "231.27", "2. high": "233.15", "3. low": "229.955", "4. close": "232.3", "5. adjusted close": "232.3", "6. volume": "1316995", "7. dividend amount": "0.0000", "8. split coefficient": "1.0"}, "2025-04-11": {"1. open": "224.19", "2. high": "230.4", "3. low": "223.645", "4. close": "229.38", "5. adjusted close": "229.38", "6. volume": "1920893", "7. dividend amount": "0.0000", "8. split coefficient": "1.0"}, "2025-04-10": {"1. open": "222.61", "2. high": "228.32", "3. low": "220.725", "4. close": "226.45", "5. adjusted close": "226.45", "6. volume": "2377308", "7. dividend amount": "0.0000", "8. split coefficient": "1.0"}, "2025-04-09": {"1. open": "214.0", "2. high": "226.3144", "3. low": "213.5", "4. close": "224.42", "5. adjusted close": "224.42", "6. volume": "3277849", "7. dividend amount": "0.0000", "8. split coefficient": "1.0"}, "2025-04-08": {"1. open": "225.79", "2. high": "225.79", "3. low": "213.655", "4. close": "216.47", "5. adjusted close": "216.47", "6. volume": "2324952", "7. dividend amount": "0.0000", "8. split coefficient": "1.0"}, "2025-04-07": {"1. open": "219.14", "2. high": "226.75", "3. low": "215.01", "4. close": "220.56", "5. adjusted close": "220.56", "6. volume": "2931145", "7. dividend amount": "0.0000", "8. split coefficient": "1.0"}, "2025-04-04": {"1. open": "235.08", "2. high": "236.4651", "3. low": "225.06", "4. close": "225.2", "5. adjusted close": "225.2", "6. volume": "4183358", "7. dividend amount": "0.0000", "8. split coefficient": "1.0"}, "2025-04-03": {"1. open": "233.96", "2. high": "239.32", "3. low": "233.1", "4. close": "236.83", "5. adjusted close": "236.83", "6. volume": "2216126", "7. dividend amount": "0.0000", "8. split coefficient": "1.0"}, "2025-04-02": {"1. open": "232.93", "2. high": "234.88", "3. low": "230.48", "4. close": "234.56", "5. adjusted close": "234.56", "6. volume": "1411264", "7. dividend amount": "0.0000", "8. split coefficient": "1.0"}, "2025-04-01": {"1. open": "231.19", "2. high": "234.06", "3. low": "230.68", "4. close": "233.79", "5. adjusted close": "233.79", "6. volume": "1669921", "7. dividend amount": "0.0000", "8. split coefficient": "1.0"}, "2025-03-31": {"1. open": "228.56", "2. high": "232.48", "3. low": "228.395", "4. close": "231.51", "5. adjusted close": "231.51", "6. volume": "1914386", "7. dividend amount": "0.0000", "8. split coefficient": "1.0"}, "2025-03-28": {"1. open": "228.65", "2. high": "230.31", "3. low": "227.69", "4. close": "227.92", "5. adjusted close": "227.92", "6. volume": "1265696", "7. dividend amount": "0.0000", "8. split coefficient": "1.0"}, "2025-03-27": {"1. open": "229.97", "2. high": "231.4699", "3. low": "227.7853", "4. close": "229.02", "5. adjusted close": "229.02", "6. volume": "1354093", "7. dividend amount": "0.0000", "8. split coefficient": "1.0"}, "2025-03-26": {"1. open": "228.63", "2. high": "229.5399", "3. low": "227.6", "4. close": "228.93", "5. adjusted close": "228.93", "6. volume": "1268317", "7. dividend amount": "0.0000", "8. split coefficient": "1.0"}, "2025-03-25": {"1. open": "226.88", "2. high": "227.57", "3. low": "225.09", "4. close": "227.07", "5. adjusted close": "227.07", "6. volume": "1622583", "7. dividend amount": "0.0000", "8. split coefficient": "1.0"}, "2025-03-24": {"1. open": "225.94", "2. high": "227.29", "3. low": "224.66", "4. close": "226.24", "5. adjusted close": "226.24", "6. volume": "1519097", "7. dividend amount": "0.0000", "8. split coefficient": "1.0"}, "2025-03-21": {"1. open": "226.15", "2. high": "226.4", "3. low": "223.87", "4. close": "224.91", "5. adjusted close": "224.91", "6. volume": "2536527", "7. dividend amount": "0.0000", "8. split coefficient": "1.0"}, "2025-03-20": {"1. open": "227.08", "2. high": "228.47", "3. low": "225.17", "4. close": "226.9", "5. adjusted close": "226.9", "6. volume": "1009083", "7. dividend amount": "0.0000", "8. split coefficient": "1.0"}, "2025-03-19": {"1. open": "225.87", "2. high": "228.015", "3. low": "225.0", "4. close": "227.36", "5. adjusted close": "227.36", "6. volume": "1238686", "7. dividend amount": "0.0000", "8. split coefficient": "1.0"}, "2025-03-18": {"1. open": "227.34", "2. high": "228.3499", "3. low": "224.84", "4. close": "225.87", "5. adjusted close": "225.87", "6. volume": "1306151", "7. dividend amount": "0.0000", "8. split coefficient": "1.0"}, "2025-03-17": {"1. open": "224.88", "2. high": "228.71", "3. low": "224.25", "4. close": "228.19", "5. adjusted close": "228.19", "6. volume": "1915938", "7. dividend amount": "0.0000", "8. split coefficient": "1.0"}, "2025-03-14": {"1. open": "222.39", "2. high": "225.12", "3. low": "221.1", "4. close": "224.86", "5. adjusted close": "224.86", "6. volume": "1219431", "7. dividend amount": "0.8250", "8. split coefficient": "1.0"}, "2025-03-13": {"1. open": "222.21", "2. high": "224.07", "3. low": "221.17", "4. close": "223.2", "5. adjusted close": "222.3840840109", "6. volume": "1612712", "7. dividend amount": "0.0000", "8. split coefficient": "1.0"}, "2025-03-12": {"1. open": "225.0", "2. high": "225.37", "3. low": "222.68", "4. close": "222.86", "5. adjusted close": "222.045326893679", "6. volume": "1264203", "7. dividend amount": "0.0000", "8. split coefficient": "1.0"}, "2025-03-11": {"1. open": "228.0", "2. high": "228.21", "3. low": "223.63", "4. close": "224.21", "5. adjusted close": "223.390391917939", "6. volume": "1797926", "7. dividend amount": "0.0000", "8. split coefficient": "1.0"}, "2025-03-10": {"1. open": "227.95", "2. high": "232.24", "3. low": "226.29", "4. close": "227.77", "5. adjusted close": "226.937378204134", "6. volume": "2269115", "7. dividend amount": "0.0000", "8. split coefficient": "1.0"}, "2025-03-07": {"1. open": "224.17", "2. high": "229.9", "3. low": "224.14", "4. close": "229.55", "5. adjusted close": "228.710871347232", "6. volume": "1906125", "7. dividend amount": "0.0000", "8. split coefficient": "1.0"}, "2025-03-06": {"1. open": "229.03", "2. high": "229.95", "3. low": "223.9477", "4. close": "225.96", "5. adjusted close": "225.133994727164", "6. volume": "1800813", "7. dividend amount": "0.0000", "8. split coefficient": "1.0"}, "2025-03-05": {"1. open": "228.11", "2. high": "231.06", "3. low": "227.69", "4. close": "230.39", "5. adjusted close": "229.54780069566", "6. volume": "1620797", "7. dividend amount": "0.0000", "8. split coefficient": "1.0"}, "2025-03-04": {"1. open": "234.31", "2. high": "235.37", "3. low": "229.53", "4. close": "229.96", "5. adjusted close": "229.119372576822", "6. volume": "2205403", "7. dividend amount": "0.0000", "8. split coefficient": "1.0"}, "2025-03-03": {"1. open": "233.59", "2. high": "235.81", "3. low": "232.26", "4. close": "233.78", "5. adjusted close": "232.925408423245", "6. volume": "1920228", "7. dividend amount": "0.0000", "8. split coefficient": "1.0"}, "2025-02-28": {"1. open": "230.0", "2. high": "233.04", "3. low": "229.7", "4. close": "232.78", "5. adjusted close": "231.92906396083", "6. volume": "2399770", "7. dividend amount": "0.0000", "8. split coefficient": "1.0"}, "2025-02-27": {"1. open": "228.11", "2. high": "230.9119", "3. low": "227.52", "4. close": "229.61", "5. adjusted close": "228.770652014977", "6. volume": "1209840", "7. dividend amount": "0.0000", "8. split coefficient": "1.0"}, "2025-02-26": {"1. open": "228.96", "2. high": "230.9546", "3. low": "227.74", "4. close": "228.69", "5. adjusted close": "227.854015109555", "6. volume": "1065511", "7. dividend amount": "0.0000", "8. split coefficient": "1.0"}, "2025-02-25": {"1. open": "230.465", "2. high": "232.44", "3. low": "229.95", "4. close": "230.75", "5. adjusted close": "229.906484702129", "6. volume": "1931642", "7. dividend amount": "0.0000", "8. split coefficient": "1.0"}, "2025-02-24": {"1. open": "226.63", "2. high": "230.63", "3. low": "226.45", "4. close": "229.68", "5. adjusted close": "228.840396127346", "6. volume": "1670362", "7. dividend amount": "0.0000", "8. split coefficient": "1.0"}, "2025-02-21": {"1. open": "228.49", "2. high": "228.49", "3. low": "226.5", "4. close": "228.03", "5. adjusted close": "227.196427764362", "6. volume": "1709198", "7. dividend amount": "0.0000", "8. split coefficient": "1.0"}, "2025-02-20": {"1. open": "228.25", "2. high": "229.53", "3. low": "226.34", "4. close": "229.12", "5. adjusted close": "228.282443228394", "6. volume": "1189759", "7. dividend amount": "0.0000", "8. split coefficient": "1.0"}, "2025-02-19": {"1. open": "229.0", "2. high": "229.21", "3. low": "227.16", "4. close": "228.52", "5. adjusted close": "227.684636550945", "6. volume": "1256228", "7. dividend amount": "0.0000", "8. split coefficient": "1.0"}, "2025-02-18": {"1. open": "223.98", "2. high": "229.6", "3. low": "223.98", "4. close": "228.35", "5. adjusted close": "227.515257992334", "6. volume": "1693001", "7. dividend amount": "0.0000", "8. split coefficient": "1.0"}, "2025-02-14": {"1. open": "228.13", "2. high": "230.38", "3. low": "227.58", "4. close": "227.73", "5. adjusted close": "226.897524425637", "6. volume": "1206935", "7. dividend amount": "0.0000", "8. split coefficient": "1.0"}, "2025-02-13": {"1. open": "227.32", "2. high": "228.4599", "3. low": "225.21", "4. close": "227.6", "5. adjusted close": "226.767999645524", "6. volume": "1146756", "7. dividend amount": "0.0000", "8. split coefficient": "1.0"}, "2025-02-12": {"1. open": "225.73", "2. high": "228.41", "3. low": "225.5", "4. close": "227.4", "5. adjusted close": "226.568730753041", "6. volume": "1503556", "7. dividend amount": "0.0000", "8. split coefficient": "1.0"}, "2025-02-11": {"1. open": "226.085", "2. high": "226.89", "3. low": "225.0702", "4. close": "226.75", "5. adjusted close": "225.921106852471", "6. volume": "1297821", "7. dividend amount": "0.0000", "8. split coefficient": "1.0"}, "2025-02-10": {"1. open": "224.76", "2. high": "226.16", "3. low": "223.575", "4. close": "226.09", "5. adjusted close": "225.263519507278", "6. volume": "1077921", "7. dividend amount": "0.0000", "8. split coefficient": "1.0"}, "2025-02-07": {"1. open": "224.88", "2. high": "226.1876", "3. low": "223.9", "4. close": "224.91", "5. adjusted close": "224.087833041629", "6. volume": "1308459", "7. dividend amount": "0.0000", "8. split coefficient": "1.0"}, "2025-02-06": {"1. open": "224.63", "2. high": "225.66", "3. low": "223.52", "4. close": "224.92", "5. adjusted close": "224.097796486253", "6. volume": "1151275", "7. dividend amount": "0.0000", "8. split coefficient": "1.0"}, "2025-02-05": {"1. open": "223.6", "2. high": "225.1339", "3. low": "223.0", "4. close": "224.77", "5. adjusted close": "223.948344816891", "6. volume": "1394793", "7. dividend amount": "0.0000", "8. split coefficient": "1.0"}, "2025-02-04": {"1. open": "222.12", "2. high": "224.1", "3. low": "221.69", "4. close": "222.14", "5. adjusted close": "221.327958880741", "6. volume": "2213831", "7. dividend amount": "0.0000", "8. split coefficient": "1.0"}, "2025-02-03": {"1. open": "218.91", "2. high": "225.89", "3. low": "218.51", "4. close": "223.72", "5. adjusted close": "222.902183131356", "6. volume": "2118063", "7. dividend amount": "0.0000", "8. split coefficient": "1.0"}, "2025-01-31": {"1. open": "221.6", "2. high": "222.45", "3. low": "219.67", "4. close": "220.26", "5. adjusted close": "219.454831291402", "6. volume": "1947694", "7. dividend amount": "0.0000", "8. split coefficient": "1.0"}, "2025-01-30": {"1. open": "215.485", "2. high": "222.73", "3. low": "214.7184", "4. close": "222.43", "5. adjusted close": "221.616898774841", "6. volume": "3163251", "7. dividend amount": "0.0000", "8. split coefficient": "1.0"}, "2025-01-29": {"1. open": "212.95", "2. high": "213.905", "3. low": "209.43", "4. close": "209.55", "5. adjusted close": "208.783982098943", "6. volume": "2159008", "7. dividend amount": "0.0000", "8. split coefficient": "1.0"}, "2025-01-28": {"1. open": "213.96", "2. high": "214.23", "3. low": "212.56", "4. close": "213.65", "5. adjusted close": "212.868994394842", "6. volume": "2430855", "7. dividend amount": "0.0000", "8. split coefficient": "1.0"}, "2025-01-27": {"1. open": "211.53", "2. high": "213.98", "3. low": "210.54", "4. close": "213.63", "5. adjusted close": "212.849067505594", "6. volume": "1593441", "7. dividend amount": "0.0000", "8. split coefficient": "1.0"}, "2025-01-24": {"1. open": "210.16", "2. high": "210.52", "3. low": "208.93", "4. close": "209.43", "5. adjusted close": "208.664420763454", "6. volume": "1185154", "7. dividend amount": "0.0000", "8. split coefficient": "1.0"}, "2025-01-23": {"1. open": "211.67", "2. high": "212.2", "3. low": "209.57", "4. close": "210.1", "5. adjusted close": "209.331971553271", "6. volume": "1296193", "7. dividend amount": "0.0000", "8. split coefficient": "1.0"}, "2025-01-22": {"1. open": "212.43", "2. high": "212.86", "3. low": "209.73", "4. close": "211.44", "5. adjusted close": "210.667073132906", "6. volume": "2149278", "7. dividend amount": "0.0000", "8. split coefficient": "1.0"}, "2025-01-21": {"1. open": "212.85", "2. high": "213.68", "3. low": "211.51", "4. close": "212.93", "5. adjusted close": "212.151626381904", "6. volume": "1864413", "7. dividend amount": "0.0000", "8. split coefficient": "1.0"}, "2025-01-17": {"1. open": "211.81", "2. high": "213.25", "3. low": "210.8101", "4. close": "211.71", "5. adjusted close": "210.936086137758", "6. volume": "1663813", "7. dividend amount": "0.0000", "8. split coefficient": "1.0"}, "2025-01-16": {"1. open": "207.81", "2. high": "211.36", "3. low": "207.705", "4. close": "211.01", "5. adjusted close": "210.238645014068", "6. volume": "1589365", "7. dividend amount": "0.0000", "8. split coefficient": "1.0"}, "2025-01-15": {"1. open": "208.57", "2. high": "208.9799", "3. low": "206.57", "4. close": "208.0", "5. adjusted close": "207.239648182201", "6. volume": "1655482", "7. dividend amount": "0.0000", "8. split coefficient": "1.0"}, "2025-01-14": {"1. open": "206.81", "2. high": "207.72", "3. low": "205.1", "4. close": "207.17", "5. adjusted close": "206.412682278397", "6. volume": "1350075", "7. dividend amount": "0.0000", "8. split coefficient": "1.0"}, "2025-01-13": {"1. open": "206.66", "2. high": "207.56", "3. low": "205.0", "4. close": "207.53", "5. adjusted close": "206.771366284866", "6. volume": "1459335", "7. dividend amount": "0.0000", "8. split coefficient": "1.0"}, "2025-01-10": {"1. open": "207.0", "2. high": "209.6762", "3. low": "206.25", "4. close": "207.25", "5. adjusted close": "206.49238983539", "6. volume": "2564695", "7. dividend amount": "0.0000", "8. split coefficient": "1.0"}, "2025-01-08": {"1. open": "204.16", "2. high": "206.94", "3. low": "203.74", "4. close": "206.58", "5. adjusted close": "205.824839045572", "6. volume": "2005215", "7. dividend amount": "0.0000", "8. split coefficient": "1.0"}, "2025-01-07": {"1. open": "202.2", "2. high": "203.83", "3. low": "202.03", "4. close": "203.39", "5. adjusted close": "202.64650021047", "6. volume": "2016883", "7. dividend amount": "0.0000", "8. split coefficient": "1.0"}, "2025-01-06": {"1. open": "201.02", "2. high": "202.02", "3. low": "200.18", "4. close": "201.76", "5. adjusted close": "201.022458736735", "6. volume": "1335896", "7. dividend amount": "0.0000", "8. split coefficient": "1.0"}, "2025-01-03": {"1. open": "200.5", "2. high": "202.51", "3. low": "200.3454", "4. close": "201.65", "5. adjusted close": "200.912860845869", "6. volume": "1123493", "7. dividend amount": "0.0000", "8. split coefficient": "1.0"}, "2025-01-02": {"1. open": "202.87", "2. high": "203.02", "3. low": "199.69", "4. close": "200.54", "5. adjusted close": "199.806918492589", "6. volume": "1818342", "7. dividend amount": "0.0000", "8. split coefficient": "1.0"}, "2024-12-31": {"1. open": "202.47", "2. high": "202.53", "3. low": "200.8601", "4. close": "201.79", "5. adjusted close": "201.052349070607", "6. volume": "1549027", "7. dividend amount": "0.0000", "8. split coefficient": "1.0"}, "2024-12-30": {"1. open": "202.21", "2. high": "203.08", "3. low": "201.27", "4. close": "202.27", "5. adjusted close": "201.530594412566", "6. volume": "1209690", "7. dividend amount": "0.0000", "8. split coefficient": "1.0"}, "2024-12-27": {"1. open": "203.99", "2. high": "205.795", "3. low": "203.01", "4. close": "204.02", "5. adjusted close": "203.274197221791", "6. volume": "878694", "7. dividend amount": "0.0000", "8. split coefficient": "1.0"}, "2024-12-26": {"1. open": "204.25", "2. high": "205.9728", "3. low": "204.099", "4. close": "205.02", "5. adjusted close": "204.270541684206", "6. volume": "736761", "7. dividend amount": "0.0000", "8. split coefficient": "1.0"}, "2024-12-24": {"1. open": "203.27", "2. high": "205.45", "3. low": "202.43", "4. close": "205.38", "5. adjusted close": "204.629225690675", "6. volume": "711469", "7. dividend amount": "0.0000", "8. split coefficient": "1.0"}, "2024-12-23": {"1. open": "205.2", "2. high": "205.7399", "3. low": "202.0", "4. close": "203.8", "5. adjusted close": "203.05500144006", "6. volume": "1710211", "7. dividend amount": "0.0000", "8. split coefficient": "1.0"}, "2024-12-20": {"1. open": "206.39", "2. high": "207.3037", "3. low": "204.45", "4. close": "205.83", "5. adjusted close": "205.077580698762", "6. volume": "3685714", "7. dividend amount": "0.0000", "8. split coefficient": "1.0"}, "2024-12-19": {"1. open": "205.01", "2. high": "207.8849", "3. low": "204.55", "4. close": "205.53", "5. adjusted close": "204.778677360037", "6. volume": "2454308", "7. dividend amount": "0.0000", "8. split coefficient": "1.0"}, "2024-12-18": {"1. open": "209.0", "2. high": "209.35", "3. low": "205.14", "4. close": "205.43", "5. adjusted close": "204.679042913796", "6. volume": "1945753", "7. dividend amount": "0.0000", "8. split coefficient": "1.0"}, "2024-12-17": {"1. open": "211.3", "2. high": "211.93", "3. low": "208.07", "4. close": "209.0", "5. adjusted close": "208.235992644615", "6. volume": "3161695", "7. dividend amount": "0.0000", "8. split coefficient": "1.0"}, "2024-12-16": {"1. open": "213.86", "2. high": "214.805", "3. low": "211.47", "4. close": "211.64", "5. adjusted close": "210.866342025389", "6. volume": "1480851", "7. dividend amount": "0.0000", "8. split coefficient": "1.0"}, "2024-12-13": {"1. open": "214.35", "2. high": "214.74", "3. low": "212.21", "4. close": "213.2", "5. adjusted close": "212.420639386756", "6. volume": "1344390", "7. dividend amount": "0.0000", "8. split coefficient": "1.0"}, "2024-12-12": {"1. open": "215.07", "2. high": "216.07", "3. low": "214.0", "4. close": "214.45", "5. adjusted close": "213.666069964774", "6. volume": "1425915", "7. dividend amount": "0.0000", "8. split coefficient": "1.0"}, "2024-12-11": {"1. open": "216.6", "2. high": "216.94", "3. low": "213.5", "4. close": "214.52", "5. adjusted close": "213.735814077143", "6. volume": "1676605", "7. dividend amount": "0.0000", "8. split coefficient": "1.0"}, "2024-12-10": {"1. open": "218.45", "2. high": "218.45", "3. low": "215.88", "4. close": "216.08", "5. adjusted close": "215.290111438509", "6. volume": "2098397", "7. dividend amount": "0.0000", "8. split coefficient": "1.0"}, "2024-12-09": {"1. open": "221.15", "2. high": "222.8366", "3. low": "216.82", "4. close": "217.47", "5. adjusted close": "216.675030241265", "6. volume": "1652621", "7. dividend amount": "0.0000", "8. split coefficient": "1.0"}, "2024-12-06": {"1. open": "224.33", "2. high": "225.17", "3. low": "221.85", "4. close": "222.19", "5. adjusted close": "221.377776103862", "6. volume": "1787864", "7. dividend amount": "0.7500", "8. split coefficient": "1.0"}, "2024-12-05": {"1. open": "224.25", "2. high": "224.47", "3. low": "223.1789", "4. close": "224.05", "5. adjusted close": "222.479997919037", "6. volume": "1185037", "7. dividend amount": "0.0000", "8. split coefficient": "1.0"}, "2024-12-04": {"1. open": "224.4", "2. high": "225.83", "3. low": "224.2", "4. close": "225.29", "5. adjusted close": "223.71130877563", "6. volume": "1848971", "7. dividend amount": "0.0000", "8. split coefficient": "1.0"}, "2024-12-03": {"1. open": "225.26", "2. high": "226.01", "3. low": "224.5", "4. close": "225.01", "5. adjusted close": "223.43327084027", "6. volume": "1944961", "7. dividend amount": "0.0000", "8. split coefficient": "1.0"}, "2024-12-02": {"1. open": "228.35", "2. high": "228.4", "3. low": "224.735", "4. close": "225.12", "5. adjusted close": "223.542500029162", "6. volume": "1397468", "7. dividend amount": "0.0000", "8. split coefficient": "1.0"}, "2024-11-29": {"1. open": "229.2", "2. high": "230.27", "3. low": "228.05", "4. close": "228.22", "5. adjusted close": "226.620777170644", "6. volume": "1254644", "7. dividend amount": "0.0000", "8. split coefficient": "1.0"}, "2024-11-27": {"1. open": "229.15", "2. high": "230.39", "3. low": "228.32", "4. close": "228.46", "5. adjusted close": "226.859095400952", "6. volume": "1366211", "7. dividend amount": "0.0000", "8. split coefficient": "1.0"}, "2024-11-26": {"1. open": "226.97", "2. high": "228.525", "3. low": "225.88", "4. close": "227.45", "5. adjusted close": "225.856172848405", "6. volume": "1211006", "7. dividend amount": "0.0000", "8. split coefficient": "1.0"}, "2024-11-25": {"1. open": "224.82", "2. high": "226.96", "3. low": "224.5", "4. close": "225.65", "5. adjusted close": "224.068786121093", "6. volume": "2930516", "7. dividend amount": "0.0000", "8. split coefficient": "1.0"}}}