{"Meta Data": {"1. Information": "Daily Time Series with Splits and Dividend Events", "2. Symbol": "TRMB", "3. Last Refreshed": "2025-04-22", "4. Output Size": "Compact", "5. Time Zone": "US/Eastern"}, "Time Series (Daily)": {"2025-04-22": {"1. open": "56.99", "2. high": "58.2385", "3. low": "56.3301", "4. close": "58.01", "5. adjusted close": "58.01", "6. volume": "1291239", "7. dividend amount": "0.0000", "8. split coefficient": "1.0"}, "2025-04-21": {"1. open": "57.53", "2. high": "57.71", "3. low": "55.55", "4. close": "56.22", "5. adjusted close": "56.22", "6. volume": "820438", "7. dividend amount": "0.0000", "8. split coefficient": "1.0"}, "2025-04-17": {"1. open": "58.96", "2. high": "58.96", "3. low": "57.99", "4. close": "58.23", "5. adjusted close": "58.23", "6. volume": "1252181", "7. dividend amount": "0.0000", "8. split coefficient": "1.0"}, "2025-04-16": {"1. open": "58.55", "2. high": "59.015", "3. low": "57.43", "4. close": "58.28", "5. adjusted close": "58.28", "6. volume": "1163886", "7. dividend amount": "0.0000", "8. split coefficient": "1.0"}, "2025-04-15": {"1. open": "59.52", "2. high": "60.26", "3. low": "59.2381", "4. close": "59.59", "5. adjusted close": "59.59", "6. volume": "994919", "7. dividend amount": "0.0000", "8. split coefficient": "1.0"}, "2025-04-14": {"1. open": "59.51", "2. high": "60.13", "3. low": "58.5735", "4. close": "59.49", "5. adjusted close": "59.49", "6. volume": "1204524", "7. dividend amount": "0.0000", "8. split coefficient": "1.0"}, "2025-04-11": {"1. open": "57.45", "2. high": "58.54", "3. low": "56.19", "4. close": "58.22", "5. adjusted close": "58.22", "6. volume": "1759059", "7. dividend amount": "0.0000", "8. split coefficient": "1.0"}, "2025-04-10": {"1. open": "58.66", "2. high": "59.395", "3. low": "56.2", "4. close": "58.04", "5. adjusted close": "58.04", "6. volume": "1791563", "7. dividend amount": "0.0000", "8. split coefficient": "1.0"}, "2025-04-09": {"1. open": "54.3", "2. high": "62.0", "3. low": "53.63", "4. close": "61.49", "5. adjusted close": "61.49", "6. volume": "2375293", "7. dividend amount": "0.0000", "8. split coefficient": "1.0"}, "2025-04-08": {"1. open": "58.19", "2. high": "58.7263", "3. low": "54.16", "4. close": "55.12", "5. adjusted close": "55.12", "6. volume": "1697714", "7. dividend amount": "0.0000", "8. split coefficient": "1.0"}, "2025-04-07": {"1. open": "54.97", "2. high": "58.32", "3. low": "52.91", "4. close": "56.02", "5. adjusted close": "56.02", "6. volume": "4607741", "7. dividend amount": "0.0000", "8. split coefficient": "1.0"}, "2025-04-04": {"1. open": "58.01", "2. high": "58.5", "3. low": "55.45", "4. close": "56.51", "5. adjusted close": "56.51", "6. volume": "1922292", "7. dividend amount": "0.0000", "8. split coefficient": "1.0"}, "2025-04-03": {"1. open": "63.58", "2. high": "63.58", "3. low": "59.44", "4. close": "60.28", "5. adjusted close": "60.28", "6. volume": "1812174", "7. dividend amount": "0.0000", "8. split coefficient": "1.0"}, "2025-04-02": {"1. open": "64.47", "2. high": "66.82", "3. low": "64.47", "4. close": "66.51", "5. adjusted close": "66.51", "6. volume": "1289872", "7. dividend amount": "0.0000", "8. split coefficient": "1.0"}, "2025-04-01": {"1. open": "65.08", "2. high": "65.75", "3. low": "64.18", "4. close": "65.38", "5. adjusted close": "65.38", "6. volume": "1955847", "7. dividend amount": "0.0000", "8. split coefficient": "1.0"}, "2025-03-31": {"1. open": "64.69", "2. high": "65.94", "3. low": "63.76", "4. close": "65.65", "5. adjusted close": "65.65", "6. volume": "1704769", "7. dividend amount": "0.0000", "8. split coefficient": "1.0"}, "2025-03-28": {"1. open": "67.88", "2. high": "67.945", "3. low": "65.34", "4. close": "65.52", "5. adjusted close": "65.52", "6. volume": "1409575", "7. dividend amount": "0.0000", "8. split coefficient": "1.0"}, "2025-03-27": {"1. open": "68.5", "2. high": "68.539", "3. low": "67.04", "4. close": "67.98", "5. adjusted close": "67.98", "6. volume": "1242305", "7. dividend amount": "0.0000", "8. split coefficient": "1.0"}, "2025-03-26": {"1. open": "70.52", "2. high": "70.875", "3. low": "68.76", "4. close": "68.94", "5. adjusted close": "68.94", "6. volume": "932863", "7. dividend amount": "0.0000", "8. split coefficient": "1.0"}, "2025-03-25": {"1. open": "72.07", "2. high": "72.27", "3. low": "70.23", "4. close": "70.48", "5. adjusted close": "70.48", "6. volume": "1269063", "7. dividend amount": "0.0000", "8. split coefficient": "1.0"}, "2025-03-24": {"1. open": "72.0", "2. high": "72.46", "3. low": "71.52", "4. close": "72.07", "5. adjusted close": "72.07", "6. volume": "1168079", "7. dividend amount": "0.0000", "8. split coefficient": "1.0"}, "2025-03-21": {"1. open": "69.94", "2. high": "70.74", "3. low": "69.59", "4. close": "70.54", "5. adjusted close": "70.54", "6. volume": "3050146", "7. dividend amount": "0.0000", "8. split coefficient": "1.0"}, "2025-03-20": {"1. open": "70.99", "2. high": "71.895", "3. low": "70.6", "4. close": "70.68", "5. adjusted close": "70.68", "6. volume": "1790734", "7. dividend amount": "0.0000", "8. split coefficient": "1.0"}, "2025-03-19": {"1. open": "70.24", "2. high": "72.59", "3. low": "70.19", "4. close": "71.64", "5. adjusted close": "71.64", "6. volume": "2041608", "7. dividend amount": "0.0000", "8. split coefficient": "1.0"}, "2025-03-18": {"1. open": "69.95", "2. high": "71.025", "3. low": "69.78", "4. close": "70.19", "5. adjusted close": "70.19", "6. volume": "2036355", "7. dividend amount": "0.0000", "8. split coefficient": "1.0"}, "2025-03-17": {"1. open": "69.33", "2. high": "71.35", "3. low": "69.09", "4. close": "70.25", "5. adjusted close": "70.25", "6. volume": "2284344", "7. dividend amount": "0.0000", "8. split coefficient": "1.0"}, "2025-03-14": {"1. open": "67.4", "2. high": "69.78", "3. low": "67.25", "4. close": "69.39", "5. adjusted close": "69.39", "6. volume": "1878154", "7. dividend amount": "0.0000", "8. split coefficient": "1.0"}, "2025-03-13": {"1. open": "67.04", "2. high": "68.23", "3. low": "66.07", "4. close": "66.39", "5. adjusted close": "66.39", "6. volume": "1996423", "7. dividend amount": "0.0000", "8. split coefficient": "1.0"}, "2025-03-12": {"1. open": "67.42", "2. high": "68.31", "3. low": "66.89", "4. close": "67.36", "5. adjusted close": "67.36", "6. volume": "1808067", "7. dividend amount": "0.0000", "8. split coefficient": "1.0"}, "2025-03-11": {"1. open": "66.79", "2. high": "67.935", "3. low": "65.755", "4. close": "66.49", "5. adjusted close": "66.49", "6. volume": "2221327", "7. dividend amount": "0.0000", "8. split coefficient": "1.0"}, "2025-03-10": {"1. open": "68.08", "2. high": "68.81", "3. low": "65.88", "4. close": "66.51", "5. adjusted close": "66.51", "6. volume": "1998089", "7. dividend amount": "0.0000", "8. split coefficient": "1.0"}, "2025-03-07": {"1. open": "67.28", "2. high": "69.33", "3. low": "66.36", "4. close": "69.06", "5. adjusted close": "69.06", "6. volume": "2360443", "7. dividend amount": "0.0000", "8. split coefficient": "1.0"}, "2025-03-06": {"1. open": "68.51", "2. high": "69.45", "3. low": "67.375", "4. close": "67.65", "5. adjusted close": "67.65", "6. volume": "1751203", "7. dividend amount": "0.0000", "8. split coefficient": "1.0"}, "2025-03-05": {"1. open": "68.28", "2. high": "69.8", "3. low": "68.11", "4. close": "69.49", "5. adjusted close": "69.49", "6. volume": "2160805", "7. dividend amount": "0.0000", "8. split coefficient": "1.0"}, "2025-03-04": {"1. open": "68.98", "2. high": "69.74", "3. low": "67.08", "4. close": "68.45", "5. adjusted close": "68.45", "6. volume": "2016701", "7. dividend amount": "0.0000", "8. split coefficient": "1.0"}, "2025-03-03": {"1. open": "72.51", "2. high": "73.04", "3. low": "69.42", "4. close": "69.68", "5. adjusted close": "69.68", "6. volume": "1878563", "7. dividend amount": "0.0000", "8. split coefficient": "1.0"}, "2025-02-28": {"1. open": "70.85", "2. high": "72.18", "3. low": "70.715", "4. close": "71.98", "5. adjusted close": "71.98", "6. volume": "2966540", "7. dividend amount": "0.0000", "8. split coefficient": "1.0"}, "2025-02-27": {"1. open": "71.35", "2. high": "72.67", "3. low": "70.505", "4. close": "70.68", "5. adjusted close": "70.68", "6. volume": "1833441", "7. dividend amount": "0.0000", "8. split coefficient": "1.0"}, "2025-02-26": {"1. open": "71.62", "2. high": "72.31", "3. low": "71.3", "4. close": "71.39", "5. adjusted close": "71.39", "6. volume": "1724592", "7. dividend amount": "0.0000", "8. split coefficient": "1.0"}, "2025-02-25": {"1. open": "71.08", "2. high": "72.19", "3. low": "70.88", "4. close": "71.36", "5. adjusted close": "71.36", "6. volume": "2066717", "7. dividend amount": "0.0000", "8. split coefficient": "1.0"}, "2025-02-24": {"1. open": "71.77", "2. high": "71.95", "3. low": "69.86", "4. close": "70.93", "5. adjusted close": "70.93", "6. volume": "1416782", "7. dividend amount": "0.0000", "8. split coefficient": "1.0"}, "2025-02-21": {"1. open": "73.24", "2. high": "74.625", "3. low": "71.11", "4. close": "71.47", "5. adjusted close": "71.47", "6. volume": "1852437", "7. dividend amount": "0.0000", "8. split coefficient": "1.0"}, "2025-02-20": {"1. open": "76.13", "2. high": "76.3871", "3. low": "72.36", "4. close": "73.21", "5. adjusted close": "73.21", "6. volume": "1997325", "7. dividend amount": "0.0000", "8. split coefficient": "1.0"}, "2025-02-19": {"1. open": "75.92", "2. high": "76.88", "3. low": "75.05", "4. close": "75.57", "5. adjusted close": "75.57", "6. volume": "2454739", "7. dividend amount": "0.0000", "8. split coefficient": "1.0"}, "2025-02-18": {"1. open": "74.49", "2. high": "75.15", "3. low": "73.82", "4. close": "75.14", "5. adjusted close": "75.14", "6. volume": "2385530", "7. dividend amount": "0.0000", "8. split coefficient": "1.0"}, "2025-02-14": {"1. open": "73.65", "2. high": "74.41", "3. low": "73.42", "4. close": "74.29", "5. adjusted close": "74.29", "6. volume": "1229347", "7. dividend amount": "0.0000", "8. split coefficient": "1.0"}, "2025-02-13": {"1. open": "73.72", "2. high": "73.72", "3. low": "72.62", "4. close": "73.66", "5. adjusted close": "73.66", "6. volume": "1154205", "7. dividend amount": "0.0000", "8. split coefficient": "1.0"}, "2025-02-12": {"1. open": "72.8", "2. high": "73.445", "3. low": "72.05", "4. close": "73.29", "5. adjusted close": "73.29", "6. volume": "891281", "7. dividend amount": "0.0000", "8. split coefficient": "1.0"}, "2025-02-11": {"1. open": "73.7", "2. high": "74.6409", "3. low": "73.66", "4. close": "73.83", "5. adjusted close": "73.83", "6. volume": "830715", "7. dividend amount": "0.0000", "8. split coefficient": "1.0"}, "2025-02-10": {"1. open": "74.76", "2. high": "74.76", "3. low": "74.11", "4. close": "74.36", "5. adjusted close": "74.36", "6. volume": "834659", "7. dividend amount": "0.0000", "8. split coefficient": "1.0"}, "2025-02-07": {"1. open": "75.38", "2. high": "75.6599", "3. low": "74.05", "4. close": "74.36", "5. adjusted close": "74.36", "6. volume": "906120", "7. dividend amount": "0.0000", "8. split coefficient": "1.0"}, "2025-02-06": {"1. open": "75.38", "2. high": "75.65", "3. low": "74.75", "4. close": "75.37", "5. adjusted close": "75.37", "6. volume": "1206839", "7. dividend amount": "0.0000", "8. split coefficient": "1.0"}, "2025-02-05": {"1. open": "74.51", "2. high": "75.17", "3. low": "74.11", "4. close": "75.07", "5. adjusted close": "75.07", "6. volume": "1224923", "7. dividend amount": "0.0000", "8. split coefficient": "1.0"}, "2025-02-04": {"1. open": "73.72", "2. high": "74.45", "3. low": "73.64", "4. close": "74.35", "5. adjusted close": "74.35", "6. volume": "1655119", "7. dividend amount": "0.0000", "8. split coefficient": "1.0"}, "2025-02-03": {"1. open": "73.86", "2. high": "74.39", "3. low": "72.385", "4. close": "74.12", "5. adjusted close": "74.12", "6. volume": "1553451", "7. dividend amount": "0.0000", "8. split coefficient": "1.0"}, "2025-01-31": {"1. open": "75.27", "2. high": "76.33", "3. low": "74.47", "4. close": "74.96", "5. adjusted close": "74.96", "6. volume": "1373663", "7. dividend amount": "0.0000", "8. split coefficient": "1.0"}, "2025-01-30": {"1. open": "75.69", "2. high": "76.3242", "3. low": "74.97", "4. close": "75.38", "5. adjusted close": "75.38", "6. volume": "1305543", "7. dividend amount": "0.0000", "8. split coefficient": "1.0"}, "2025-01-29": {"1. open": "75.42", "2. high": "75.58", "3. low": "74.41", "4. close": "74.77", "5. adjusted close": "74.77", "6. volume": "1212458", "7. dividend amount": "0.0000", "8. split coefficient": "1.0"}, "2025-01-28": {"1. open": "76.03", "2. high": "76.03", "3. low": "74.45", "4. close": "75.27", "5. adjusted close": "75.27", "6. volume": "1303364", "7. dividend amount": "0.0000", "8. split coefficient": "1.0"}, "2025-01-27": {"1. open": "75.31", "2. high": "76.83", "3. low": "75.31", "4. close": "75.96", "5. adjusted close": "75.96", "6. volume": "2052132", "7. dividend amount": "0.0000", "8. split coefficient": "1.0"}, "2025-01-24": {"1. open": "77.5", "2. high": "77.78", "3. low": "77.0", "4. close": "77.42", "5. adjusted close": "77.42", "6. volume": "895282", "7. dividend amount": "0.0000", "8. split coefficient": "1.0"}, "2025-01-23": {"1. open": "77.12", "2. high": "77.57", "3. low": "76.44", "4. close": "77.49", "5. adjusted close": "77.49", "6. volume": "1210375", "7. dividend amount": "0.0000", "8. split coefficient": "1.0"}, "2025-01-22": {"1. open": "76.74", "2. high": "77.73", "3. low": "76.16", "4. close": "77.4", "5. adjusted close": "77.4", "6. volume": "1098617", "7. dividend amount": "0.0000", "8. split coefficient": "1.0"}, "2025-01-21": {"1. open": "75.5", "2. high": "76.505", "3. low": "75.31", "4. close": "76.43", "5. adjusted close": "76.43", "6. volume": "1341898", "7. dividend amount": "0.0000", "8. split coefficient": "1.0"}, "2025-01-17": {"1. open": "74.94", "2. high": "75.13", "3. low": "74.15", "4. close": "74.92", "5. adjusted close": "74.92", "6. volume": "1010659", "7. dividend amount": "0.0000", "8. split coefficient": "1.0"}, "2025-01-16": {"1. open": "72.85", "2. high": "74.13", "3. low": "72.72", "4. close": "73.9", "5. adjusted close": "73.9", "6. volume": "1114701", "7. dividend amount": "0.0000", "8. split coefficient": "1.0"}, "2025-01-15": {"1. open": "72.95", "2. high": "73.175", "3. low": "72.17", "4. close": "72.72", "5. adjusted close": "72.72", "6. volume": "823765", "7. dividend amount": "0.0000", "8. split coefficient": "1.0"}, "2025-01-14": {"1. open": "70.28", "2. high": "72.07", "3. low": "70.22", "4. close": "71.56", "5. adjusted close": "71.56", "6. volume": "1173371", "7. dividend amount": "0.0000", "8. split coefficient": "1.0"}, "2025-01-13": {"1. open": "69.21", "2. high": "70.4", "3. low": "68.485", "4. close": "70.27", "5. adjusted close": "70.27", "6. volume": "1033499", "7. dividend amount": "0.0000", "8. split coefficient": "1.0"}, "2025-01-10": {"1. open": "71.66", "2. high": "72.38", "3. low": "70.05", "4. close": "70.23", "5. adjusted close": "70.23", "6. volume": "1714843", "7. dividend amount": "0.0000", "8. split coefficient": "1.0"}, "2025-01-08": {"1. open": "71.42", "2. high": "72.65", "3. low": "71.03", "4. close": "72.54", "5. adjusted close": "72.54", "6. volume": "1153815", "7. dividend amount": "0.0000", "8. split coefficient": "1.0"}, "2025-01-07": {"1. open": "71.26", "2. high": "73.16", "3. low": "71.26", "4. close": "72.02", "5. adjusted close": "72.02", "6. volume": "2115123", "7. dividend amount": "0.0000", "8. split coefficient": "1.0"}, "2025-01-06": {"1. open": "70.62", "2. high": "72.275", "3. low": "70.3", "4. close": "71.1", "5. adjusted close": "71.1", "6. volume": "1412048", "7. dividend amount": "0.0000", "8. split coefficient": "1.0"}, "2025-01-03": {"1. open": "70.28", "2. high": "70.819", "3. low": "69.71", "4. close": "70.57", "5. adjusted close": "70.57", "6. volume": "939035", "7. dividend amount": "0.0000", "8. split coefficient": "1.0"}, "2025-01-02": {"1. open": "70.71", "2. high": "71.08", "3. low": "69.23", "4. close": "69.71", "5. adjusted close": "69.71", "6. volume": "1340536", "7. dividend amount": "0.0000", "8. split coefficient": "1.0"}, "2024-12-31": {"1. open": "70.68", "2. high": "71.03", "3. low": "70.305", "4. close": "70.66", "5. adjusted close": "70.66", "6. volume": "672748", "7. dividend amount": "0.0000", "8. split coefficient": "1.0"}, "2024-12-30": {"1. open": "70.55", "2. high": "71.16", "3. low": "69.65", "4. close": "70.43", "5. adjusted close": "70.43", "6. volume": "754978", "7. dividend amount": "0.0000", "8. split coefficient": "1.0"}, "2024-12-27": {"1. open": "71.75", "2. high": "72.5625", "3. low": "70.8848", "4. close": "71.2", "5. adjusted close": "71.2", "6. volume": "608748", "7. dividend amount": "0.0000", "8. split coefficient": "1.0"}, "2024-12-26": {"1. open": "71.51", "2. high": "72.385", "3. low": "71.36", "4. close": "72.3", "5. adjusted close": "72.3", "6. volume": "500473", "7. dividend amount": "0.0000", "8. split coefficient": "1.0"}, "2024-12-24": {"1. open": "70.96", "2. high": "71.97", "3. low": "70.96", "4. close": "71.87", "5. adjusted close": "71.87", "6. volume": "268813", "7. dividend amount": "0.0000", "8. split coefficient": "1.0"}, "2024-12-23": {"1. open": "71.65", "2. high": "71.83", "3. low": "70.59", "4. close": "71.17", "5. adjusted close": "71.17", "6. volume": "854523", "7. dividend amount": "0.0000", "8. split coefficient": "1.0"}, "2024-12-20": {"1. open": "70.43", "2. high": "72.1", "3. low": "70.05", "4. close": "71.64", "5. adjusted close": "71.64", "6. volume": "3454388", "7. dividend amount": "0.0000", "8. split coefficient": "1.0"}, "2024-12-19": {"1. open": "70.88", "2. high": "71.58", "3. low": "70.525", "4. close": "70.74", "5. adjusted close": "70.74", "6. volume": "1406718", "7. dividend amount": "0.0000", "8. split coefficient": "1.0"}, "2024-12-18": {"1. open": "73.0", "2. high": "73.71", "3. low": "70.44", "4. close": "70.69", "5. adjusted close": "70.69", "6. volume": "1665537", "7. dividend amount": "0.0000", "8. split coefficient": "1.0"}, "2024-12-17": {"1. open": "73.77", "2. high": "73.87", "3. low": "72.53", "4. close": "72.89", "5. adjusted close": "72.89", "6. volume": "1218332", "7. dividend amount": "0.0000", "8. split coefficient": "1.0"}, "2024-12-16": {"1. open": "74.05", "2. high": "74.98", "3. low": "73.715", "4. close": "74.24", "5. adjusted close": "74.24", "6. volume": "1368884", "7. dividend amount": "0.0000", "8. split coefficient": "1.0"}, "2024-12-13": {"1. open": "74.41", "2. high": "74.97", "3. low": "73.26", "4. close": "73.59", "5. adjusted close": "73.59", "6. volume": "1086890", "7. dividend amount": "0.0000", "8. split coefficient": "1.0"}, "2024-12-12": {"1. open": "73.62", "2. high": "75.56", "3. low": "73.62", "4. close": "74.87", "5. adjusted close": "74.87", "6. volume": "1856247", "7. dividend amount": "0.0000", "8. split coefficient": "1.0"}, "2024-12-11": {"1. open": "74.33", "2. high": "74.465", "3. low": "73.335", "4. close": "73.96", "5. adjusted close": "73.96", "6. volume": "1429253", "7. dividend amount": "0.0000", "8. split coefficient": "1.0"}, "2024-12-10": {"1. open": "74.84", "2. high": "75.79", "3. low": "73.811", "4. close": "74.12", "5. adjusted close": "74.12", "6. volume": "1394251", "7. dividend amount": "0.0000", "8. split coefficient": "1.0"}, "2024-12-09": {"1. open": "74.98", "2. high": "75.61", "3. low": "74.01", "4. close": "74.61", "5. adjusted close": "74.61", "6. volume": "1000731", "7. dividend amount": "0.0000", "8. split coefficient": "1.0"}, "2024-12-06": {"1. open": "75.73", "2. high": "75.92", "3. low": "74.58", "4. close": "74.86", "5. adjusted close": "74.86", "6. volume": "1131514", "7. dividend amount": "0.0000", "8. split coefficient": "1.0"}, "2024-12-05": {"1. open": "75.58", "2. high": "75.79", "3. low": "74.48", "4. close": "75.4", "5. adjusted close": "75.4", "6. volume": "1816971", "7. dividend amount": "0.0000", "8. split coefficient": "1.0"}, "2024-12-04": {"1. open": "76.895", "2. high": "76.97", "3. low": "74.39", "4. close": "75.28", "5. adjusted close": "75.28", "6. volume": "2152688", "7. dividend amount": "0.0000", "8. split coefficient": "1.0"}, "2024-12-03": {"1. open": "73.17", "2. high": "74.56", "3. low": "72.83", "4. close": "73.95", "5. adjusted close": "73.95", "6. volume": "1520326", "7. dividend amount": "0.0000", "8. split coefficient": "1.0"}, "2024-12-02": {"1. open": "72.91", "2. high": "73.37", "3. low": "72.34", "4. close": "73.08", "5. adjusted close": "73.08", "6. volume": "1151770", "7. dividend amount": "0.0000", "8. split coefficient": "1.0"}, "2024-11-29": {"1. open": "72.29", "2. high": "73.42", "3. low": "72.27", "4. close": "72.97", "5. adjusted close": "72.97", "6. volume": "561091", "7. dividend amount": "0.0000", "8. split coefficient": "1.0"}, "2024-11-27": {"1. open": "72.4", "2. high": "72.82", "3. low": "72.15", "4. close": "72.43", "5. adjusted close": "72.43", "6. volume": "917428", "7. dividend amount": "0.0000", "8. split coefficient": "1.0"}, "2024-11-26": {"1. open": "72.68", "2. high": "72.8", "3. low": "72.19", "4. close": "72.37", "5. adjusted close": "72.37", "6. volume": "1006058", "7. dividend amount": "0.0000", "8. split coefficient": "1.0"}, "2024-11-25": {"1. open": "72.65", "2. high": "74.12", "3. low": "72.4401", "4. close": "72.95", "5. adjusted close": "72.95", "6. volume": "1597817", "7. dividend amount": "0.0000", "8. split coefficient": "1.0"}}}