{"Symbol": "PPG", "AssetType": "Common Stock", "Name": "PPG Industries Inc", "Description": "PPG Industries, Inc. is an American Fortune 500 company and global supplier of paints, coatings, and specialty materials. With headquarters in Pittsburgh, Pennsylvania, PPG operates in more than 70 countries around the globe.", "CIK": "79879", "Exchange": "NYSE", "Currency": "USD", "Country": "USA", "Sector": "LIFE SCIENCES", "Industry": "PAINTS, VARNISHES, LACQUERS, ENAMELS & ALLIED PRODS", "Address": "ONE PPG PL 40 EAST, PITTSBURGH, PA, US", "OfficialSite": "https://www.ppg.com", "FiscalYearEnd": "December", "LatestQuarter": "2024-12-31", "MarketCapitalization": "23252558000", "EBITDA": "2736000000", "PERatio": "17.79", "PEGRatio": "0.779", "BookValue": "29.51", "DividendPerShare": "2.66", "DividendYield": "0.0274", "EPS": "5.72", "RevenuePerShareTTM": "67.77", "ProfitMargin": "0.0704", "OperatingMarginTTM": "0.121", "ReturnOnAssetsTTM": "0.0683", "ReturnOnEquityTTM": "0.184", "RevenueTTM": "15845000000", "GrossProfitTTM": "6640000000", "DilutedEPSTTM": "5.72", "QuarterlyEarningsGrowthYOY": "0.117", "QuarterlyRevenueGrowthYOY": "-0.143", "AnalystTargetPrice": "125.64", "AnalystRatingStrongBuy": "2", "AnalystRatingBuy": "9", "AnalystRatingHold": "15", "AnalystRatingSell": "0", "AnalystRatingStrongSell": "0", "TrailingPE": "17.79", "ForwardPE": "12.63", "PriceToSalesRatioTTM": "1.468", "PriceToBookRatio": "3.325", "EVToRevenue": "1.742", "EVToEBITDA": "10.68", "Beta": "1.151", "52WeekHigh": "135.71", "52WeekLow": "90.24", "50DayMovingAverage": "109.98", "200DayMovingAverage": "120.82", "SharesOutstanding": "226975000", "DividendDate": "2025-06-12", "ExDividendDate": "2025-05-12"}