{"Symbol": "EXR", "AssetType": "Common Stock", "Name": "Extra Space Storage Inc", "Description": "Extra Space Storage is a real estate investment trust headquartered in Cottonwood Heights, Utah that invests in self storage units.", "CIK": "1289490", "Exchange": "NYSE", "Currency": "USD", "Country": "USA", "Sector": "REAL ESTATE & CONSTRUCTION", "Industry": "REAL ESTATE INVESTMENT TRUSTS", "Address": "2795 COTTONWOOD PARKWAY, SUITE 400, SALT LAKE CITY, UT, US", "OfficialSite": "https://www.extraspace.com", "FiscalYearEnd": "December", "LatestQuarter": "2024-12-31", "MarketCapitalization": "31282592000", "EBITDA": "2259747000", "PERatio": "35.19", "PEGRatio": "3.511", "BookValue": "65.79", "DividendPerShare": "6.48", "DividendYield": "0.0457", "EPS": "4.03", "RevenuePerShareTTM": "15.78", "ProfitMargin": "0.256", "OperatingMarginTTM": "0.429", "ReturnOnAssetsTTM": "0.0329", "ReturnOnEquityTTM": "0.0595", "RevenueTTM": "3337904000", "GrossProfitTTM": "2839530000", "DilutedEPSTTM": "4.03", "QuarterlyEarningsGrowthYOY": "0.143", "QuarterlyRevenueGrowthYOY": "0.033", "AnalystTargetPrice": "161.84", "AnalystRatingStrongBuy": "3", "AnalystRatingBuy": "3", "AnalystRatingHold": "12", "AnalystRatingSell": "0", "AnalystRatingStrongSell": "1", "TrailingPE": "35.19", "ForwardPE": "29.67", "PriceToSalesRatioTTM": "9.37", "PriceToBookRatio": "2.103", "EVToRevenue": "12.96", "EVToEBITDA": "18.26", "Beta": "0.973", "52WeekHigh": "180.93", "52WeekLow": "121.03", "50DayMovingAverage": "147.95", "200DayMovingAverage": "160.11", "SharesOutstanding": "212225000", "DividendDate": "2025-03-31", "ExDividendDate": "2025-03-14"}