{"Symbol": "EMN", "AssetType": "Common Stock", "Name": "Eastman Chemical Company", "Description": "Eastman Chemical Company is an American company primarily involved in the chemical industry. Once a subsidiary of Kodak, today it is an independent global specialty materials company that produces a broad range of advanced materials, chemicals and fibers for everyday purposes. The company is headquartered in Kingsport, Tennessee.", "CIK": "915389", "Exchange": "NYSE", "Currency": "USD", "Country": "USA", "Sector": "LIFE SCIENCES", "Industry": "PLASTIC MATERIALS, SYNTH RESINS & NONVULCAN ELASTOMERS", "Address": "PO BOX 511, 200 SOUTH WILCOX DRIVE, KINGSPORT, TN, US", "OfficialSite": "https://www.eastman.com", "FiscalYearEnd": "December", "LatestQuarter": "2024-12-31", "MarketCapitalization": "9154823000", "EBITDA": "1892000000", "PERatio": "10.34", "PEGRatio": "0.825", "BookValue": "50.2", "DividendPerShare": "3.26", "DividendYield": "0.0419", "EPS": "7.67", "RevenuePerShareTTM": "80.39", "ProfitMargin": "0.0965", "OperatingMarginTTM": "0.162", "ReturnOnAssetsTTM": "0.0579", "ReturnOnEquityTTM": "0.16", "RevenueTTM": "9382000000", "GrossProfitTTM": "2297000000", "DilutedEPSTTM": "7.67", "QuarterlyEarningsGrowthYOY": "0.079", "QuarterlyRevenueGrowthYOY": "0.017", "AnalystTargetPrice": "108.81", "AnalystRatingStrongBuy": "3", "AnalystRatingBuy": "8", "AnalystRatingHold": "9", "AnalystRatingSell": "0", "AnalystRatingStrongSell": "0", "TrailingPE": "10.34", "ForwardPE": "9.26", "PriceToSalesRatioTTM": "0.976", "PriceToBookRatio": "1.537", "EVToRevenue": "1.392", "EVToEBITDA": "7.25", "Beta": "1.401", "52WeekHigh": "112.49", "52WeekLow": "70.9", "50DayMovingAverage": "90.22", "200DayMovingAverage": "97.62", "SharesOutstanding": "115460000", "DividendDate": "2025-04-07", "ExDividendDate": "2025-03-14"}